customer_id,name,age,gender,city,state,country,signup_date
C000001,Rohan Mehta,33,Male,Ahmedabad,Gujarat,India,2022-12-14
C000002,Meera Khan,60,Male,Mumbai,Maharashtra,India,2022-12-20
C000003,Ishita Mehta,47,Female,Jaipur,Rajasthan,India,2026-03-10
C000004,Sara Singh,53,Male,Delhi,Delhi,India,2023-07-01
C000005,Sara Patel,48,Male,Mumbai,Maharashtra,India,2026-02-26
C000006,Meera Kapoor,53,Female,Delhi,Delhi,India,2022-11-01
C000007,Sara Sharma,29,Male,Delhi,Delhi,India,2022-11-22
C000008,Ishita Khan,43,Female,Indore,Madhya Pradesh,India,2024-01-20
C000009,Arjun Sharma,19,Female,Delhi,Delhi,India,2025-06-17
C000010,Kabir Kapoor,46,Female,Delhi,Delhi,India,2025-10-21
C000011,Kabir Nair,20,Male,Ahmedabad,Gujarat,India,2025-06-16
C000012,Meera Patel,40,Male,Ahmedabad,Gujarat,India,2024-11-16
C000013,Diya Mehta,40,Male,Bengaluru,Karnataka,India,2022-02-16
C000014,Meera Reddy,42,Male,Jaipur,Rajasthan,India,2025-01-13
C000015,Anaya Kapoor,35,Male,Mumbai,Maharashtra,India,2024-11-02
C000016,Kabir Patel,64,Male,Kolkata,West Bengal,India,2023-03-01
C000017,Sara Reddy,44,Male,Mumbai,Maharashtra,India,2023-04-05
C000018,Ishita Reddy,63,Female,Pune,Maharashtra,India,2022-09-03
C000019,Sara Iyer,36,Female,Kochi,Kerala,India,2023-08-06
C000020,Aarav Reddy,31,Female,Indore,Madhya Pradesh,India,2022-03-01
C000021,Meera Kapoor,66,Female,Chennai,Tamil Nadu,India,2023-12-30
C000022,Meera Singh,60,Female,Bengaluru,Karnataka,India,2025-04-21
C000023,Diya Reddy,58,Female,Jaipur,Rajasthan,India,2022-09-22
C000024,Aarav Patel,62,Male,Bengaluru,Karnataka,India,2023-04-15
C000025,Arjun Khan,23,Male,Hyderabad,Telangana,India,2023-03-16
C000026,Sara Reddy,61,Male,Mumbai,Maharashtra,India,2024-01-07
C000027,Vihaan Reddy,26,Male,Bengaluru,Karnataka,India,2024-05-13
C000028,Vihaan Das,29,Female,Mumbai,Maharashtra,India,2023-02-21
C000029,Arjun Singh,39,Male,Delhi,Delhi,India,2023-12-28
C000030,Vihaan Iyer,64,Female,Pune,Maharashtra,India,2023-03-15
C000031,Arjun Das,51,Female,Kolkata,West Bengal,India,2023-08-27
C000032,Kabir Iyer,22,Female,Chennai,Tamil Nadu,India,2023-03-11
C000033,Aarav Mehta,34,Male,Ahmedabad,Gujarat,India,2022-05-14
C000034,Vihaan Patel,41,Male,Jaipur,Rajasthan,India,2023-02-09
C000035,Arjun Iyer,58,Female,Mumbai,Maharashtra,India,2024-09-19
C000036,Aarav Sharma,50,Female,Indore,Madhya Pradesh,India,2024-03-31
C000037,Aarav Kapoor,44,Male,Jaipur,Rajasthan,India,2023-09-07
C000038,Rohan Iyer,29,Female,Delhi,Delhi,India,2026-01-10
C000039,Ishita Iyer,57,Female,Hyderabad,Telangana,India,2024-03-18
C000040,Aarav Reddy,55,Female,Mumbai,Maharashtra,India,2024-02-08
C000041,Arjun Khan,31,Male,Pune,Maharashtra,India,2024-12-05
C000042,Anaya Mehta,33,Female,Delhi,Delhi,India,2025-04-29
C000043,Diya Kapoor,22,Female,Bengaluru,Karnataka,India,2023-10-19
C000044,Vihaan Reddy,18,Female,Mumbai,Maharashtra,India,2022-10-12
C000045,Anaya Mehta,49,Male,Indore,Madhya Pradesh,India,2023-03-14
C000046,Sara Sharma,49,Female,Lucknow,Uttar Pradesh,India,2026-08-03
C000047,Anaya Patel,54,Male,Delhi,Delhi,India,2022-04-23
C000048,Ishita Sharma,18,Female,Ahmedabad,Gujarat,India,2023-02-23
C000049,Sara Khan,40,Female,Bengaluru,Karnataka,India,2025-07-25
C000050,Ishita Mehta,50,Male,Pune,Maharashtra,India,2023-06-03
C000051,Kabir Nair,30,Male,Hyderabad,Telangana,India,2024-11-27
C000052,Aarav Das,27,Female,Mumbai,Maharashtra,India,2024-06-16
C000053,Rohan Mehta,65,Non-binary,Chennai,Tamil Nadu,India,2024-06-10
C000054,Ishita Mehta,66,Female,Ahmedabad,Gujarat,India,2024-10-23
C000055,Meera Patel,48,Female,Mumbai,Maharashtra,India,2025-11-28
C000056,Kabir Kapoor,53,Male,Mumbai,Maharashtra,India,2023-03-10
C000057,Anaya Iyer,66,Female,Delhi,Delhi,India,2025-01-24
C000058,Aarav Khan,50,Male,Pune,Maharashtra,India,2023-05-01
C000059,Vihaan Patel,24,Female,Mumbai,Maharashtra,India,2023-09-06
C000060,Kabir Nair,18,Female,Kolkata,West Bengal,India,2024-10-24
C000061,Vihaan Reddy,55,Female,Pune,Maharashtra,India,2022-02-15
C000062,Diya Khan,37,Male,Kolkata,West Bengal,India,2024-01-21
C000063,Arjun Reddy,59,Male,Delhi,Delhi,India,2026-03-07
C000064,Anaya Khan,35,Female,Bengaluru,Karnataka,India,2024-07-09
C000065,Vihaan Das,38,Female,Kolkata,West Bengal,India,2024-08-31
C000066,Anaya Patel,66,Male,Lucknow,Uttar Pradesh,India,2025-04-19
C000067,Arjun Mehta,43,Non-binary,Bengaluru,Karnataka,India,2023-05-18
C000068,Kabir Das,63,Male,Delhi,Delhi,India,2024-02-27
C000069,Sara Patel,30,Male,Chennai,Tamil Nadu,India,2026-04-30
C000070,Ishita Das,25,Female,Pune,Maharashtra,India,2025-03-05
C000071,Vihaan Das,23,Female,Pune,Maharashtra,India,2024-01-30
C000072,Vihaan Iyer,48,Female,Mumbai,Maharashtra,India,2025-03-22
C000073,Ishita Mehta,37,Female,Delhi,Delhi,India,2023-07-20
C000074,Rohan Khan,66,Male,Hyderabad,Telangana,India,2024-10-07
C000075,Aarav Khan,53,Male,Chennai,Tamil Nadu,India,2025-01-23
C000076,Diya Mehta,34,Male,Lucknow,Uttar Pradesh,India,2022-06-05
C000077,Ishita Mehta,52,Non-binary,Delhi,Delhi,India,2026-03-03
C000078,Ishita Patel,62,Female,Kolkata,West Bengal,India,2026-03-15
C000079,Rohan Das,28,Female,Chennai,Tamil Nadu,India,2023-08-23
C000080,Rohan Nair,18,Female,Kochi,Kerala,India,2024-11-27
C000081,Anaya Khan,25,Female,Kochi,Kerala,India,2024-03-18
C000082,Meera Nair,29,Female,Bengaluru,Karnataka,India,2026-01-25
C000083,Aarav Sharma,32,Male,Bengaluru,Karnataka,India,2024-03-03
C000084,Arjun Sharma,43,Female,Ahmedabad,Gujarat,India,2025-09-19
C000085,Kabir Singh,45,Male,Mumbai,Maharashtra,India,2022-10-12
C000086,Ishita Nair,20,Male,Kolkata,West Bengal,India,2024-10-13
C000087,Arjun Iyer,37,Male,Ahmedabad,Gujarat,India,2024-09-09
C000088,Aarav Reddy,18,Male,Jaipur,Rajasthan,India,2025-02-24
C000089,Kabir Das,57,Female,Mumbai,Maharashtra,India,2023-06-13
C000090,Vihaan Reddy,63,Male,Hyderabad,Telangana,India,2026-02-18
C000091,Anaya Kapoor,46,Male,Bengaluru,Karnataka,India,2024-09-23
C000092,Sara Sharma,47,Female,Mumbai,Maharashtra,India,2026-04-12
C000093,Kabir Nair,31,Male,Ahmedabad,Gujarat,India,2022-06-19
C000094,Anaya Mehta,21,Male,Bengaluru,Karnataka,India,2025-03-21
C000095,Sara Mehta,60,Female,Hyderabad,Telangana,India,2022-09-20
C000096,Sara Nair,25,Male,Delhi,Delhi,India,2023-05-21
C000097,Rohan Kapoor,43,Female,Delhi,Delhi,India,2024-10-14
C000098,Diya Khan,35,Female,Ahmedabad,Gujarat,India,2025-03-13
C000099,Meera Sharma,64,Male,Ahmedabad,Gujarat,India,2023-05-16
C000100,Ishita Das,30,Male,Mumbai,Maharashtra,India,2023-07-20
C000101,Vihaan Khan,29,Female,Bengaluru,Karnataka,India,2023-04-30
C000102,Kabir Iyer,27,Male,Mumbai,Maharashtra,India,2025-08-21
C000103,Diya Khan,62,Female,Mumbai,Maharashtra,India,2023-08-29
C000104,Arjun Sharma,26,Male,Mumbai,Maharashtra,India,2023-07-14
C000105,Vihaan Patel,43,Male,Ahmedabad,Gujarat,India,2023-01-04
C000106,Arjun Sharma,45,Male,Ahmedabad,Gujarat,India,2026-08-05
C000107,Diya Sharma,55,Male,Bengaluru,Karnataka,India,2023-12-21
C000108,Anaya Patel,31,Male,Pune,Maharashtra,India,2025-09-15
C000109,Vihaan Singh,19,Male,Mumbai,Maharashtra,India,2022-12-29
C000110,Sara Mehta,47,Female,Mumbai,Maharashtra,India,2026-03-31
C000111,Arjun Sharma,20,Female,Lucknow,Uttar Pradesh,India,2024-12-26
C000112,Vihaan Das,35,Male,Delhi,Delhi,India,2024-05-31
C000113,Sara Kapoor,19,Female,Mumbai,Maharashtra,India,2026-01-03
C000114,Arjun Das,25,Female,Lucknow,Uttar Pradesh,India,2025-01-28
C000115,Anaya Khan,30,Male,Lucknow,Uttar Pradesh,India,2023-06-03
C000116,Ishita Khan,61,Female,Bengaluru,Karnataka,India,2025-04-27
C000117,Diya Singh,57,Female,Delhi,Delhi,India,2022-10-22
C000118,Vihaan Nair,43,Male,Pune,Maharashtra,India,2024-02-29
C000119,Aarav Singh,49,Male,Hyderabad,Telangana,India,2025-06-03
C000120,Sara Iyer,66,Male,Pune,Maharashtra,India,2025-09-22
C000121,Arjun Kapoor,28,Male,Pune,Maharashtra,India,2025-04-19
C000122,Kabir Nair,24,Male,Lucknow,Uttar Pradesh,India,2024-10-10
C000123,Arjun Nair,21,Male,Mumbai,Maharashtra,India,2024-12-04
C000124,Arjun Mehta,50,Male,Pune,Maharashtra,India,2026-01-03
C000125,Anaya Khan,44,Male,Mumbai,Maharashtra,India,2025-05-26
C000126,Anaya Nair,51,Female,Mumbai,Maharashtra,India,2025-08-01
C000127,Aarav Sharma,25,Male,Mumbai,Maharashtra,India,2024-08-02
C000128,Sara Khan,60,Male,Lucknow,Uttar Pradesh,India,2023-11-01
C000129,Ishita Sharma,67,Male,Kochi,Kerala,India,2024-04-30
C000130,Anaya Patel,39,Male,Indore,Madhya Pradesh,India,2023-04-10
C000131,Aarav Das,41,Female,Delhi,Delhi,India,2023-09-08
C000132,Aarav Das,34,Male,Indore,Madhya Pradesh,India,2022-08-29
C000133,Ishita Patel,23,Female,Lucknow,Uttar Pradesh,India,2025-04-15
C000134,Kabir Khan,55,Male,Delhi,Delhi,India,2025-05-07
C000135,Anaya Iyer,26,Male,Hyderabad,Telangana,India,2024-01-01
C000136,Vihaan Sharma,32,Female,Chennai,Tamil Nadu,India,2022-01-15
C000137,Sara Khan,50,Male,Pune,Maharashtra,India,2026-04-27
C000138,Sara Sharma,37,Male,Kolkata,West Bengal,India,2022-02-21
C000139,Kabir Khan,63,Female,Hyderabad,Telangana,India,2023-04-17
C000140,Sara Khan,32,Male,Delhi,Delhi,India,2026-08-16
C000141,Kabir Das,57,Female,Kolkata,West Bengal,India,2025-06-28
C000142,Diya Khan,48,Non-binary,Bengaluru,Karnataka,India,2025-06-16
C000143,Ishita Khan,59,Male,Mumbai,Maharashtra,India,2024-12-17
C000144,Sara Reddy,56,Male,Bengaluru,Karnataka,India,2026-03-23
C000145,Ishita Reddy,27,Female,Mumbai,Maharashtra,India,2022-06-01
C000146,Arjun Reddy,47,Female,Bengaluru,Karnataka,India,2026-01-22
C000147,Anaya Mehta,45,Male,Delhi,Delhi,India,2024-06-18
C000148,Rohan Khan,30,Female,Mumbai,Maharashtra,India,2023-09-08
C000149,Anaya Patel,52,Male,Mumbai,Maharashtra,India,2026-07-11
C000150,Ishita Singh,55,Male,Mumbai,Maharashtra,India,2026-02-24
C000151,Anaya Nair,23,Male,Kolkata,West Bengal,India,2024-04-26
C000152,Aarav Khan,57,Female,Jaipur,Rajasthan,India,2025-07-14
C000153,Meera Kapoor,31,Female,Delhi,Delhi,India,2023-09-04
C000154,Vihaan Kapoor,44,Female,Bengaluru,Karnataka,India,2022-10-17
C000155,Arjun Sharma,21,Female,Jaipur,Rajasthan,India,2024-09-08
C000156,Ishita Mehta,54,Male,Delhi,Delhi,India,2023-03-30
C000157,Sara Kapoor,25,Female,Chennai,Tamil Nadu,India,2024-02-15
C000158,Vihaan Mehta,48,Male,Kolkata,West Bengal,India,2023-07-17
C000159,Arjun Das,49,Female,Hyderabad,Telangana,India,2025-04-09
C000160,Ishita Khan,50,Male,Indore,Madhya Pradesh,India,2024-04-25
C000161,Arjun Khan,27,Female,Mumbai,Maharashtra,India,2026-03-24
C000162,Ishita Nair,42,Female,Mumbai,Maharashtra,India,2022-12-11
C000163,Meera Iyer,31,Male,Indore,Madhya Pradesh,India,2024-08-08
C000164,Vihaan Iyer,62,Female,Hyderabad,Telangana,India,2022-08-17
C000165,Meera Khan,31,Male,Delhi,Delhi,India,2026-03-02
C000166,Kabir Sharma,19,Male,Kochi,Kerala,India,2026-03-28
C000167,Kabir Nair,63,Female,Lucknow,Uttar Pradesh,India,2023-05-29
C000168,Vihaan Mehta,35,Female,Jaipur,Rajasthan,India,2025-05-07
C000169,Vihaan Patel,64,Non-binary,Mumbai,Maharashtra,India,2024-07-28
C000170,Meera Kapoor,60,Male,Bengaluru,Karnataka,India,2026-07-18
C000171,Meera Sharma,18,Female,Ahmedabad,Gujarat,India,2023-11-07
C000172,Anaya Nair,22,Male,Bengaluru,Karnataka,India,2023-02-26
C000173,Ishita Mehta,42,Non-binary,Chennai,Tamil Nadu,India,2025-02-22
C000174,Arjun Kapoor,29,Female,Ahmedabad,Gujarat,India,2025-09-25
C000175,Rohan Das,48,Female,Chennai,Tamil Nadu,India,2026-04-12
C000176,Sara Patel,29,Female,Delhi,Delhi,India,2023-11-07
C000177,Diya Kapoor,33,Male,Kolkata,West Bengal,India,2023-03-05
C000178,Vihaan Khan,25,Female,Kochi,Kerala,India,2024-09-16
C000179,Kabir Sharma,18,Female,Bengaluru,Karnataka,India,2026-05-19
C000180,Arjun Patel,26,Female,Delhi,Delhi,India,2025-09-02
C000181,Diya Mehta,55,Male,Chennai,Tamil Nadu,India,2022-10-13
C000182,Diya Singh,31,Female,Pune,Maharashtra,India,2026-05-05
C000183,Arjun Iyer,55,Male,Delhi,Delhi,India,2022-03-05
C000184,Aarav Mehta,61,Female,Delhi,Delhi,India,2024-12-03
C000185,Vihaan Patel,33,Male,Ahmedabad,Gujarat,India,2026-08-08
C000186,Rohan Kapoor,26,Female,Kolkata,West Bengal,India,2022-02-18
C000187,Diya Mehta,37,Female,Jaipur,Rajasthan,India,2026-01-25
C000188,Ishita Khan,42,Female,Mumbai,Maharashtra,India,2026-03-20
C000189,Diya Singh,36,Female,Pune,Maharashtra,India,2023-05-02
C000190,Rohan Reddy,23,Female,Lucknow,Uttar Pradesh,India,2025-08-17
C000191,Kabir Iyer,19,Male,Hyderabad,Telangana,India,2026-06-16
C000192,Rohan Khan,40,Male,Kochi,Kerala,India,2024-02-14
C000193,Diya Reddy,43,Female,Delhi,Delhi,India,2023-09-02
C000194,Vihaan Reddy,36,Female,Pune,Maharashtra,India,2024-03-08
C000195,Kabir Kapoor,31,Female,Chennai,Tamil Nadu,India,2024-11-17
C000196,Kabir Khan,37,Male,Pune,Maharashtra,India,2022-12-24
C000197,Rohan Iyer,38,Male,Delhi,Delhi,India,2025-06-08
C000198,Ishita Reddy,35,Male,Bengaluru,Karnataka,India,2023-02-24
C000199,Aarav Reddy,53,Female,Kolkata,West Bengal,India,2022-10-15
C000200,Anaya Iyer,22,Non-binary,Hyderabad,Telangana,India,2025-07-31
C000201,Arjun Kapoor,42,Male,Hyderabad,Telangana,India,2026-05-07
C000202,Aarav Sharma,56,Female,Bengaluru,Karnataka,India,2023-09-21
C000203,Aarav Iyer,51,Male,Kochi,Kerala,India,2026-02-07
C000204,Arjun Singh,54,Male,Indore,Madhya Pradesh,India,2023-11-09
C000205,Aarav Khan,51,Female,Bengaluru,Karnataka,India,2024-10-17
C000206,Ishita Kapoor,30,Female,Hyderabad,Telangana,India,2023-06-12
C000207,Vihaan Khan,52,Male,Mumbai,Maharashtra,India,2023-09-30
C000208,Sara Sharma,30,Male,Kolkata,West Bengal,India,2022-07-26
C000209,Anaya Khan,56,Female,Chennai,Tamil Nadu,India,2023-08-06
C000210,Rohan Nair,46,Female,Mumbai,Maharashtra,India,2023-07-28
C000211,Diya Kapoor,43,Male,Mumbai,Maharashtra,India,2023-11-15
C000212,Anaya Kapoor,66,Female,Mumbai,Maharashtra,India,2022-11-19
C000213,Diya Das,27,Female,Bengaluru,Karnataka,India,2024-02-16
C000214,Meera Reddy,18,Female,Hyderabad,Telangana,India,2024-06-09
C000215,Diya Iyer,32,Male,Mumbai,Maharashtra,India,2025-02-28
C000216,Meera Patel,34,Male,Kochi,Kerala,India,2024-06-03
C000217,Diya Mehta,60,Female,Mumbai,Maharashtra,India,2026-05-28
C000218,Aarav Mehta,36,Female,Mumbai,Maharashtra,India,2026-04-30
C000219,Diya Sharma,27,Male,Ahmedabad,Gujarat,India,2023-02-26
C000220,Meera Khan,56,Male,Chennai,Tamil Nadu,India,2023-03-09
C000221,Arjun Kapoor,55,Male,Ahmedabad,Gujarat,India,2026-02-08
C000222,Anaya Iyer,23,Male,Lucknow,Uttar Pradesh,India,2023-01-21
C000223,Meera Patel,34,Female,Indore,Madhya Pradesh,India,2024-06-14
C000224,Arjun Sharma,38,Female,Hyderabad,Telangana,India,2022-11-21
C000225,Vihaan Singh,56,Female,Hyderabad,Telangana,India,2023-10-12
C000226,Sara Patel,66,Female,Mumbai,Maharashtra,India,2024-05-08
C000227,Meera Reddy,57,Female,Bengaluru,Karnataka,India,2023-12-04
C000228,Anaya Kapoor,22,Female,Delhi,Delhi,India,2024-05-03
C000229,Aarav Nair,60,Female,Mumbai,Maharashtra,India,2025-10-09
C000230,Anaya Nair,53,Female,Chennai,Tamil Nadu,India,2022-01-19
C000231,Kabir Kapoor,27,Male,Mumbai,Maharashtra,India,2023-05-18
C000232,Vihaan Khan,29,Male,Chennai,Tamil Nadu,India,2025-05-02
C000233,Arjun Iyer,22,Female,Kochi,Kerala,India,2024-08-09
C000234,Diya Nair,59,Male,Bengaluru,Karnataka,India,2024-02-03
C000235,Meera Das,59,Female,Chennai,Tamil Nadu,India,2026-02-27
C000236,Meera Reddy,18,Female,Mumbai,Maharashtra,India,2022-06-30
C000237,Aarav Iyer,62,Male,Delhi,Delhi,India,2026-01-22
C000238,Vihaan Mehta,53,Female,Mumbai,Maharashtra,India,2024-07-14
C000239,Kabir Singh,46,Female,Delhi,Delhi,India,2026-01-02
C000240,Arjun Kapoor,18,Female,Mumbai,Maharashtra,India,2026-02-01
C000241,Meera Patel,56,Male,Bengaluru,Karnataka,India,2024-04-11
C000242,Vihaan Kapoor,32,Female,Kolkata,West Bengal,India,2024-01-13
C000243,Kabir Patel,62,Female,Kolkata,West Bengal,India,2024-05-15
C000244,Arjun Patel,50,Female,Indore,Madhya Pradesh,India,2026-07-13
C000245,Anaya Mehta,28,Female,Lucknow,Uttar Pradesh,India,2025-08-11
C000246,Arjun Patel,21,Female,Chennai,Tamil Nadu,India,2022-04-29
C000247,Vihaan Reddy,19,Female,Kolkata,West Bengal,India,2024-10-27
C000248,Vihaan Mehta,46,Male,Hyderabad,Telangana,India,2025-08-29
C000249,Anaya Khan,41,Male,Mumbai,Maharashtra,India,2024-11-20
C000250,Sara Das,18,Female,Kolkata,West Bengal,India,2024-06-26
C000251,Sara Iyer,40,Male,Hyderabad,Telangana,India,2025-04-02
C000252,Ishita Nair,66,Female,Lucknow,Uttar Pradesh,India,2024-12-05
C000253,Vihaan Khan,38,Female,Pune,Maharashtra,India,2025-04-13
C000254,Kabir Nair,60,Female,Lucknow,Uttar Pradesh,India,2025-02-16
C000255,Aarav Sharma,59,Male,Pune,Maharashtra,India,2023-07-09
C000256,Vihaan Singh,20,Female,Mumbai,Maharashtra,India,2022-05-09
C000257,Sara Nair,18,Female,Chennai,Tamil Nadu,India,2026-05-27
C000258,Arjun Iyer,28,Female,Delhi,Delhi,India,2023-05-18
C000259,Anaya Das,60,Male,Hyderabad,Telangana,India,2025-09-10
C000260,Rohan Singh,52,Male,Delhi,Delhi,India,2022-02-23
C000261,Vihaan Iyer,36,Female,Pune,Maharashtra,India,2025-06-02
C000262,Sara Nair,48,Male,Jaipur,Rajasthan,India,2025-11-16
C000263,Diya Iyer,28,Female,Ahmedabad,Gujarat,India,2024-01-25
C000264,Meera Iyer,33,Female,Delhi,Delhi,India,2024-09-29
C000265,Kabir Iyer,56,Male,Delhi,Delhi,India,2025-11-10
C000266,Meera Nair,24,Female,Kolkata,West Bengal,India,2024-09-19
C000267,Arjun Nair,45,Male,Bengaluru,Karnataka,India,2022-01-22
C000268,Kabir Reddy,45,Female,Chennai,Tamil Nadu,India,2024-07-18
C000269,Anaya Kapoor,58,Male,Lucknow,Uttar Pradesh,India,2025-02-19
C000270,Arjun Singh,67,Male,Ahmedabad,Gujarat,India,2022-01-28
C000271,Meera Mehta,35,Male,Hyderabad,Telangana,India,2025-11-07
C000272,Arjun Das,21,Female,Ahmedabad,Gujarat,India,2023-04-24
C000273,Rohan Singh,39,Female,Pune,Maharashtra,India,2025-03-14
C000274,Aarav Nair,32,Male,Ahmedabad,Gujarat,India,2024-04-12
C000275,Arjun Singh,38,Female,Pune,Maharashtra,India,2022-05-15
C000276,Arjun Das,25,Male,Bengaluru,Karnataka,India,2022-09-18
C000277,Rohan Kapoor,63,Female,Hyderabad,Telangana,India,2022-03-18
C000278,Meera Kapoor,42,Male,Delhi,Delhi,India,2023-07-09
C000279,Arjun Nair,55,Female,Ahmedabad,Gujarat,India,2026-05-05
C000280,Meera Das,32,Male,Hyderabad,Telangana,India,2025-02-26
C000281,Ishita Khan,51,Female,Kochi,Kerala,India,2025-09-05
C000282,Aarav Das,50,Female,Delhi,Delhi,India,2023-01-08
C000283,Meera Kapoor,37,Male,Chennai,Tamil Nadu,India,2023-07-08
C000284,Ishita Mehta,65,Female,Mumbai,Maharashtra,India,2025-01-07
C000285,Rohan Patel,57,Male,Pune,Maharashtra,India,2026-03-25
C000286,Anaya Khan,56,Non-binary,Bengaluru,Karnataka,India,2022-05-29
C000287,Diya Mehta,63,Male,Lucknow,Uttar Pradesh,India,2026-05-19
C000288,Kabir Patel,19,Male,Bengaluru,Karnataka,India,2022-12-25
C000289,Anaya Nair,39,Female,Hyderabad,Telangana,India,2023-09-22
C000290,Arjun Khan,31,Female,Kochi,Kerala,India,2022-10-01
C000291,Anaya Sharma,46,Female,Pune,Maharashtra,India,2022-09-09
C000292,Anaya Mehta,32,Non-binary,Ahmedabad,Gujarat,India,2022-05-22
C000293,Anaya Iyer,43,Male,Kolkata,West Bengal,India,2023-01-23
C000294,Kabir Sharma,53,Male,Chennai,Tamil Nadu,India,2022-11-24
C000295,Diya Mehta,48,Female,Delhi,Delhi,India,2023-10-28
C000296,Anaya Khan,27,Non-binary,Jaipur,Rajasthan,India,2023-01-20
C000297,Arjun Patel,61,Female,Kochi,Kerala,India,2024-12-04
C000298,Meera Sharma,40,Female,Delhi,Delhi,India,2025-05-15
C000299,Kabir Singh,46,Female,Bengaluru,Karnataka,India,2023-12-31
C000300,Ishita Nair,23,Female,Kolkata,West Bengal,India,2024-09-07
C000301,Arjun Patel,31,Male,Bengaluru,Karnataka,India,2025-06-02
C000302,Vihaan Nair,20,Male,Pune,Maharashtra,India,2023-09-10
C000303,Kabir Singh,54,Male,Jaipur,Rajasthan,India,2024-08-17
C000304,Aarav Reddy,40,Female,Chennai,Tamil Nadu,India,2023-12-25
C000305,Aarav Reddy,25,Female,Bengaluru,Karnataka,India,2026-08-15
C000306,Arjun Nair,42,Male,Bengaluru,Karnataka,India,2026-07-21
C000307,Aarav Khan,34,Female,Chennai,Tamil Nadu,India,2025-03-02
C000308,Rohan Khan,31,Male,Delhi,Delhi,India,2023-02-25
C000309,Diya Mehta,67,Female,Hyderabad,Telangana,India,2024-03-24
C000310,Sara Nair,22,Male,Mumbai,Maharashtra,India,2024-02-23
C000311,Arjun Khan,40,Male,Bengaluru,Karnataka,India,2024-09-01
C000312,Diya Khan,42,Male,Ahmedabad,Gujarat,India,2024-08-09
C000313,Kabir Reddy,44,Male,Mumbai,Maharashtra,India,2026-08-12
C000314,Diya Iyer,26,Female,Chennai,Tamil Nadu,India,2022-08-15
C000315,Aarav Kapoor,38,Female,Kolkata,West Bengal,India,2022-03-06
C000316,Anaya Mehta,40,Female,Kolkata,West Bengal,India,2024-01-31
C000317,Meera Nair,45,Male,Mumbai,Maharashtra,India,2024-10-10
C000318,Arjun Sharma,20,Male,Ahmedabad,Gujarat,India,2022-08-21
C000319,Aarav Khan,58,Male,Delhi,Delhi,India,2024-09-13
C000320,Diya Kapoor,47,Male,Pune,Maharashtra,India,2022-10-19
C000321,Meera Nair,55,Male,Mumbai,Maharashtra,India,2026-08-08
C000322,Meera Das,59,Female,Hyderabad,Telangana,India,2023-10-17
C000323,Ishita Patel,28,Male,Kolkata,West Bengal,India,2022-09-05
C000324,Meera Das,34,Male,Chennai,Tamil Nadu,India,2022-05-18
C000325,Sara Mehta,29,Female,Lucknow,Uttar Pradesh,India,2024-08-22
C000326,Kabir Sharma,32,Male,Delhi,Delhi,India,2022-09-23
C000327,Arjun Iyer,65,Female,Mumbai,Maharashtra,India,2023-07-29
C000328,Sara Singh,42,Female,Delhi,Delhi,India,2024-03-19
C000329,Arjun Mehta,55,Female,Pune,Maharashtra,India,2025-06-11
C000330,Kabir Reddy,47,Female,Kolkata,West Bengal,India,2025-01-16
C000331,Vihaan Kapoor,48,Male,Kolkata,West Bengal,India,2022-12-14
C000332,Meera Sharma,20,Female,Bengaluru,Karnataka,India,2022-08-16
C000333,Sara Reddy,32,Male,Delhi,Delhi,India,2025-11-24
C000334,Diya Patel,33,Male,Bengaluru,Karnataka,India,2024-11-19
C000335,Diya Nair,24,Female,Chennai,Tamil Nadu,India,2026-06-18
C000336,Meera Iyer,45,Male,Pune,Maharashtra,India,2022-11-02
C000337,Rohan Das,30,Female,Bengaluru,Karnataka,India,2025-04-22
C000338,Ishita Reddy,56,Male,Pune,Maharashtra,India,2026-08-24
C000339,Arjun Reddy,52,Female,Kolkata,West Bengal,India,2026-06-12
C000340,Ishita Kapoor,33,Male,Bengaluru,Karnataka,India,2025-03-20
C000341,Meera Nair,59,Female,Bengaluru,Karnataka,India,2022-11-27
C000342,Aarav Khan,21,Female,Bengaluru,Karnataka,India,2023-10-14
C000343,Arjun Das,38,Male,Delhi,Delhi,India,2023-09-17
C000344,Kabir Khan,62,Male,Jaipur,Rajasthan,India,2025-04-15
C000345,Aarav Mehta,26,Female,Mumbai,Maharashtra,India,2022-07-12
C000346,Arjun Khan,59,Male,Delhi,Delhi,India,2023-11-04
C000347,Diya Iyer,21,Female,Delhi,Delhi,India,2025-10-16
C000348,Anaya Patel,66,Male,Pune,Maharashtra,India,2023-02-13
C000349,Sara Singh,59,Female,Chennai,Tamil Nadu,India,2022-11-13
C000350,Sara Kapoor,40,Female,Mumbai,Maharashtra,India,2026-05-02
C000351,Kabir Nair,43,Male,Hyderabad,Telangana,India,2025-10-27
C000352,Vihaan Khan,41,Male,Kolkata,West Bengal,India,2025-08-16
C000353,Anaya Reddy,26,Male,Delhi,Delhi,India,2023-08-06
C000354,Arjun Reddy,30,Female,Delhi,Delhi,India,2024-04-26
C000355,Aarav Khan,33,Female,Bengaluru,Karnataka,India,2024-12-29
C000356,Meera Nair,40,Female,Delhi,Delhi,India,2025-08-18
C000357,Arjun Das,67,Male,Delhi,Delhi,India,2026-04-21
C000358,Sara Sharma,67,Male,Chennai,Tamil Nadu,India,2025-11-28
C000359,Meera Nair,28,Female,Delhi,Delhi,India,2023-10-28
C000360,Vihaan Mehta,42,Male,Chennai,Tamil Nadu,India,2022-07-10
C000361,Kabir Iyer,18,Female,Delhi,Delhi,India,2024-11-24
C000362,Aarav Kapoor,36,Female,Ahmedabad,Gujarat,India,2023-07-06
C000363,Kabir Iyer,64,Female,Kochi,Kerala,India,2022-12-24
C000364,Sara Reddy,64,Male,Kolkata,West Bengal,India,2023-12-03
C000365,Anaya Singh,20,Male,Delhi,Delhi,India,2025-01-27
C000366,Rohan Das,46,Female,Hyderabad,Telangana,India,2023-09-07
C000367,Meera Iyer,61,Male,Kolkata,West Bengal,India,2026-06-08
C000368,Arjun Nair,34,Male,Delhi,Delhi,India,2023-05-20
C000369,Aarav Khan,37,Female,Hyderabad,Telangana,India,2026-04-25
C000370,Diya Kapoor,62,Male,Mumbai,Maharashtra,India,2025-10-19
C000371,Meera Reddy,24,Female,Bengaluru,Karnataka,India,2023-01-31
C000372,Arjun Patel,40,Female,Bengaluru,Karnataka,India,2025-11-15
C000373,Diya Kapoor,52,Male,Delhi,Delhi,India,2025-03-10
C000374,Sara Nair,29,Female,Pune,Maharashtra,India,2026-07-20
C000375,Meera Singh,48,Male,Mumbai,Maharashtra,India,2023-07-17
C000376,Aarav Singh,18,Female,Mumbai,Maharashtra,India,2022-03-20
C000377,Diya Nair,22,Female,Mumbai,Maharashtra,India,2022-10-30
C000378,Sara Sharma,20,Male,Mumbai,Maharashtra,India,2023-06-18
C000379,Aarav Das,19,Male,Indore,Madhya Pradesh,India,2023-07-23
C000380,Vihaan Sharma,18,Male,Pune,Maharashtra,India,2023-06-25
C000381,Kabir Sharma,56,Male,Delhi,Delhi,India,2023-04-24
C000382,Vihaan Sharma,29,Male,Indore,Madhya Pradesh,India,2024-07-11
C000383,Meera Kapoor,48,Female,Bengaluru,Karnataka,India,2024-07-07
C000384,Vihaan Patel,26,Male,Jaipur,Rajasthan,India,2022-01-14
C000385,Arjun Khan,57,Female,Delhi,Delhi,India,2023-07-09
C000386,Aarav Mehta,29,Male,Kochi,Kerala,India,2025-06-21
C000387,Anaya Reddy,36,Male,Bengaluru,Karnataka,India,2025-09-23
C000388,Kabir Nair,42,Male,Chennai,Tamil Nadu,India,2025-09-03
C000389,Sara Singh,50,Male,Delhi,Delhi,India,2022-01-10
C000390,Meera Nair,51,Female,Pune,Maharashtra,India,2022-02-03
C000391,Sara Kapoor,32,Female,Pune,Maharashtra,India,2025-09-19
C000392,Aarav Patel,29,Male,Pune,Maharashtra,India,2025-11-20
C000393,Arjun Das,20,Female,Hyderabad,Telangana,India,2025-09-24
C000394,Meera Mehta,20,Female,Hyderabad,Telangana,India,2025-03-09
C000395,Diya Reddy,52,Female,Chennai,Tamil Nadu,India,2025-05-03
C000396,Rohan Sharma,37,Male,Bengaluru,Karnataka,India,2023-08-08
C000397,Anaya Mehta,32,Female,Mumbai,Maharashtra,India,2022-09-04
C000398,Ishita Das,27,Female,Chennai,Tamil Nadu,India,2022-03-15
C000399,Arjun Iyer,40,Male,Mumbai,Maharashtra,India,2025-06-23
C000400,Arjun Mehta,21,Female,Kochi,Kerala,India,2024-06-23
C000401,Sara Kapoor,35,Male,Kolkata,West Bengal,India,2022-05-13
C000402,Rohan Kapoor,29,Male,Hyderabad,Telangana,India,2023-08-21
C000403,Kabir Sharma,62,Male,Mumbai,Maharashtra,India,2022-03-04
C000404,Ishita Iyer,58,Female,Bengaluru,Karnataka,India,2025-03-06
C000405,Sara Patel,61,Female,Mumbai,Maharashtra,India,2025-07-21
C000406,Kabir Patel,33,Female,Indore,Madhya Pradesh,India,2023-02-20
C000407,Arjun Patel,35,Male,Bengaluru,Karnataka,India,2022-01-30
C000408,Kabir Das,20,Male,Chennai,Tamil Nadu,India,2024-07-06
C000409,Rohan Nair,21,Female,Mumbai,Maharashtra,India,2022-11-19
C000410,Vihaan Khan,35,Male,Bengaluru,Karnataka,India,2025-04-15
C000411,Arjun Patel,22,Male,Pune,Maharashtra,India,2024-02-22
C000412,Arjun Iyer,65,Male,Hyderabad,Telangana,India,2024-06-02
C000413,Diya Mehta,38,Female,Indore,Madhya Pradesh,India,2022-11-08
C000414,Meera Iyer,64,Female,Bengaluru,Karnataka,India,2025-11-25
C000415,Sara Khan,57,Male,Chennai,Tamil Nadu,India,2026-01-11
C000416,Ishita Kapoor,58,Female,Mumbai,Maharashtra,India,2026-04-24
C000417,Kabir Patel,46,Male,Delhi,Delhi,India,2026-03-25
C000418,Kabir Sharma,66,Male,Mumbai,Maharashtra,India,2024-02-09
C000419,Vihaan Nair,64,Female,Pune,Maharashtra,India,2025-12-06
C000420,Diya Patel,59,Male,Pune,Maharashtra,India,2024-09-16
C000421,Aarav Patel,50,Female,Chennai,Tamil Nadu,India,2025-10-14
C000422,Rohan Patel,54,Male,Bengaluru,Karnataka,India,2022-04-08
C000423,Ishita Reddy,46,Non-binary,Hyderabad,Telangana,India,2023-03-12
C000424,Vihaan Patel,66,Female,Hyderabad,Telangana,India,2024-12-28
C000425,Anaya Reddy,61,Male,Delhi,Delhi,India,2022-07-31
C000426,Sara Mehta,57,Male,Jaipur,Rajasthan,India,2024-05-31
C000427,Diya Mehta,66,Female,Bengaluru,Karnataka,India,2023-07-28
C000428,Rohan Sharma,23,Male,Jaipur,Rajasthan,India,2023-01-03
C000429,Sara Mehta,19,Female,Ahmedabad,Gujarat,India,2025-07-16
C000430,Arjun Nair,18,Male,Chennai,Tamil Nadu,India,2025-10-20
C000431,Anaya Kapoor,65,Male,Bengaluru,Karnataka,India,2023-03-02
C000432,Diya Sharma,35,Male,Ahmedabad,Gujarat,India,2022-01-11
C000433,Arjun Singh,38,Male,Chennai,Tamil Nadu,India,2023-07-27
C000434,Diya Singh,24,Male,Kolkata,West Bengal,India,2023-10-30
C000435,Sara Kapoor,36,Female,Mumbai,Maharashtra,India,2026-02-25
C000436,Sara Singh,49,Female,Bengaluru,Karnataka,India,2022-04-26
C000437,Meera Reddy,62,Male,Chennai,Tamil Nadu,India,2023-08-30
C000438,Diya Iyer,49,Female,Mumbai,Maharashtra,India,2025-07-06
C000439,Vihaan Mehta,29,Female,Bengaluru,Karnataka,India,2024-03-05
C000440,Meera Das,66,Female,Hyderabad,Telangana,India,2025-03-10
C000441,Ishita Patel,20,Female,Delhi,Delhi,India,2022-02-10
C000442,Rohan Kapoor,38,Female,Delhi,Delhi,India,2023-04-18
C000443,Ishita Mehta,48,Female,Kolkata,West Bengal,India,2023-04-22
C000444,Ishita Iyer,19,Male,Mumbai,Maharashtra,India,2023-03-31
C000445,Anaya Kapoor,35,Male,Mumbai,Maharashtra,India,2023-05-19
C000446,Ishita Das,49,Female,Lucknow,Uttar Pradesh,India,2022-09-22
C000447,Kabir Sharma,42,Non-binary,Kolkata,West Bengal,India,2023-08-28
C000448,Ishita Mehta,41,Female,Hyderabad,Telangana,India,2024-07-03
C000449,Kabir Sharma,25,Male,Kolkata,West Bengal,India,2025-01-12
C000450,Anaya Kapoor,32,Male,Delhi,Delhi,India,2024-04-03
C000451,Rohan Iyer,39,Male,Chennai,Tamil Nadu,India,2023-01-21
C000452,Meera Das,26,Male,Hyderabad,Telangana,India,2025-07-20
C000453,Aarav Reddy,52,Male,Delhi,Delhi,India,2023-10-07
C000454,Diya Mehta,27,Male,Delhi,Delhi,India,2022-04-18
C000455,Rohan Nair,46,Female,Bengaluru,Karnataka,India,2022-03-04
C000456,Aarav Patel,23,Female,Mumbai,Maharashtra,India,2023-03-04
C000457,Anaya Das,30,Female,Kolkata,West Bengal,India,2024-04-23
C000458,Anaya Iyer,47,Male,Lucknow,Uttar Pradesh,India,2023-03-26
C000459,Kabir Mehta,30,Female,Lucknow,Uttar Pradesh,India,2023-10-09
C000460,Kabir Nair,42,Male,Hyderabad,Telangana,India,2026-03-25
C000461,Arjun Mehta,47,Male,Pune,Maharashtra,India,2024-03-18
C000462,Kabir Nair,18,Female,Mumbai,Maharashtra,India,2022-08-07
C000463,Sara Kapoor,41,Female,Hyderabad,Telangana,India,2022-03-27
C000464,Meera Reddy,58,Female,Pune,Maharashtra,India,2023-09-19
C000465,Vihaan Patel,52,Male,Delhi,Delhi,India,2026-01-24
C000466,Arjun Khan,64,Female,Chennai,Tamil Nadu,India,2022-02-19
C000467,Vihaan Nair,64,Female,Mumbai,Maharashtra,India,2026-07-30
C000468,Meera Singh,40,Male,Hyderabad,Telangana,India,2025-11-27
C000469,Rohan Patel,46,Female,Kolkata,West Bengal,India,2025-07-19
C000470,Arjun Mehta,65,Male,Mumbai,Maharashtra,India,2026-03-09
C000471,Aarav Iyer,43,Female,Hyderabad,Telangana,India,2023-06-30
C000472,Diya Iyer,37,Male,Kolkata,West Bengal,India,2022-09-25
C000473,Arjun Iyer,57,Female,Bengaluru,Karnataka,India,2022-04-17
C000474,Ishita Kapoor,23,Male,Delhi,Delhi,India,2025-06-11
C000475,Vihaan Khan,24,Female,Mumbai,Maharashtra,India,2024-04-08
C000476,Anaya Iyer,35,Female,Kochi,Kerala,India,2024-09-22
C000477,Ishita Khan,26,Female,Bengaluru,Karnataka,India,2025-03-14
C000478,Ishita Reddy,51,Male,Pune,Maharashtra,India,2023-05-07
C000479,Sara Kapoor,47,Male,Mumbai,Maharashtra,India,2025-07-17
C000480,Arjun Mehta,26,Female,Pune,Maharashtra,India,2024-10-04
C000481,Arjun Sharma,24,Male,Ahmedabad,Gujarat,India,2024-05-13
C000482,Arjun Singh,22,Male,Pune,Maharashtra,India,2025-03-27
C000483,Aarav Patel,55,Male,Chennai,Tamil Nadu,India,2022-05-13
C000484,Aarav Khan,41,Female,Lucknow,Uttar Pradesh,India,2023-03-05
C000485,Aarav Sharma,66,Male,Delhi,Delhi,India,2025-06-07
C000486,Diya Khan,30,Male,Hyderabad,Telangana,India,2023-06-21
C000487,Anaya Sharma,27,Male,Mumbai,Maharashtra,India,2025-03-06
C000488,Kabir Kapoor,22,Female,Pune,Maharashtra,India,2022-10-26
C000489,Arjun Mehta,22,Female,Delhi,Delhi,India,2023-12-07
C000490,Aarav Nair,22,Male,Chennai,Tamil Nadu,India,2022-02-24
C000491,Vihaan Mehta,64,Male,Bengaluru,Karnataka,India,2024-10-23
C000492,Aarav Mehta,36,Male,Ahmedabad,Gujarat,India,2022-05-30
C000493,Kabir Singh,31,Male,Kolkata,West Bengal,India,2025-06-22
C000494,Arjun Reddy,38,Female,Hyderabad,Telangana,India,2026-08-28
C000495,Ishita Sharma,26,Female,Bengaluru,Karnataka,India,2024-08-16
C000496,Rohan Singh,36,Female,Hyderabad,Telangana,India,2025-12-01
C000497,Diya Patel,45,Female,Bengaluru,Karnataka,India,2025-02-28
C000498,Kabir Iyer,54,Male,Bengaluru,Karnataka,India,2023-09-03
C000499,Ishita Das,18,Female,Delhi,Delhi,India,2025-09-26
C000500,Kabir Iyer,48,Male,Pune,Maharashtra,India,2024-08-13
C000501,Sara Das,31,Male,Kochi,Kerala,India,2026-05-26
C000502,Kabir Patel,52,Female,Mumbai,Maharashtra,India,2023-01-26
C000503,Rohan Nair,33,Female,Mumbai,Maharashtra,India,2023-08-26
C000504,Aarav Mehta,59,Female,Mumbai,Maharashtra,India,2023-03-05
C000505,Sara Kapoor,67,Female,Bengaluru,Karnataka,India,2024-01-24
C000506,Rohan Kapoor,63,Female,Bengaluru,Karnataka,India,2024-07-08
C000507,Arjun Khan,42,Male,Delhi,Delhi,India,2024-09-17
C000508,Arjun Sharma,40,Female,Kolkata,West Bengal,India,2025-02-17
C000509,Meera Reddy,40,Male,Delhi,Delhi,India,2024-07-12
C000510,Vihaan Khan,38,Female,Mumbai,Maharashtra,India,2024-01-25
C000511,Rohan Mehta,21,Male,Bengaluru,Karnataka,India,2022-08-28
C000512,Diya Reddy,50,Female,Bengaluru,Karnataka,India,2025-02-06
C000513,Rohan Mehta,62,Male,Bengaluru,Karnataka,India,2023-10-11
C000514,Aarav Iyer,48,Male,Delhi,Delhi,India,2024-07-14
C000515,Arjun Iyer,21,Male,Bengaluru,Karnataka,India,2026-03-06
C000516,Anaya Iyer,38,Female,Delhi,Delhi,India,2026-07-06
C000517,Ishita Das,34,Female,Pune,Maharashtra,India,2024-03-03
C000518,Kabir Kapoor,65,Male,Delhi,Delhi,India,2022-06-15
C000519,Sara Iyer,18,Female,Chennai,Tamil Nadu,India,2025-08-07
C000520,Kabir Singh,54,Male,Indore,Madhya Pradesh,India,2022-09-10
C000521,Rohan Reddy,59,Female,Bengaluru,Karnataka,India,2022-08-16
C000522,Rohan Mehta,43,Female,Bengaluru,Karnataka,India,2023-10-25
C000523,Ishita Reddy,38,Female,Delhi,Delhi,India,2024-08-19
C000524,Diya Khan,35,Female,Bengaluru,Karnataka,India,2023-09-28
C000525,Diya Iyer,44,Female,Jaipur,Rajasthan,India,2025-10-14
C000526,Aarav Reddy,54,Female,Pune,Maharashtra,India,2025-03-31
C000527,Rohan Patel,43,Male,Bengaluru,Karnataka,India,2025-08-22
C000528,Rohan Iyer,56,Female,Kochi,Kerala,India,2025-03-10
C000529,Diya Khan,27,Female,Chennai,Tamil Nadu,India,2023-07-30
C000530,Anaya Reddy,30,Female,Hyderabad,Telangana,India,2025-03-29
C000531,Rohan Singh,42,Female,Hyderabad,Telangana,India,2022-01-14
C000532,Rohan Reddy,61,Female,Mumbai,Maharashtra,India,2024-05-10
C000533,Rohan Kapoor,66,Male,Hyderabad,Telangana,India,2025-10-15
C000534,Rohan Iyer,60,Male,Delhi,Delhi,India,2022-02-06
C000535,Meera Nair,55,Male,Mumbai,Maharashtra,India,2022-06-11
C000536,Kabir Khan,67,Female,Bengaluru,Karnataka,India,2026-02-07
C000537,Aarav Nair,19,Male,Bengaluru,Karnataka,India,2024-08-10
C000538,Meera Das,19,Female,Kolkata,West Bengal,India,2026-08-25
C000539,Diya Khan,27,Female,Hyderabad,Telangana,India,2024-05-25
C000540,Kabir Kapoor,36,Male,Pune,Maharashtra,India,2022-05-05
C000541,Diya Kapoor,54,Male,Hyderabad,Telangana,India,2023-06-30
C000542,Arjun Das,19,Female,Bengaluru,Karnataka,India,2026-04-14
C000543,Arjun Mehta,26,Male,Bengaluru,Karnataka,India,2023-06-19
C000544,Meera Sharma,57,Female,Hyderabad,Telangana,India,2023-09-21
C000545,Kabir Mehta,35,Female,Bengaluru,Karnataka,India,2022-03-19
C000546,Sara Reddy,44,Female,Chennai,Tamil Nadu,India,2023-09-19
C000547,Sara Sharma,27,Female,Lucknow,Uttar Pradesh,India,2022-12-01
C000548,Arjun Khan,40,Female,Hyderabad,Telangana,India,2024-02-15
C000549,Sara Patel,49,Female,Chennai,Tamil Nadu,India,2025-01-08
C000550,Diya Iyer,27,Female,Delhi,Delhi,India,2024-08-26
C000551,Arjun Khan,59,Female,Delhi,Delhi,India,2022-06-19
C000552,Anaya Patel,40,Male,Mumbai,Maharashtra,India,2026-08-09
C000553,Ishita Sharma,58,Male,Hyderabad,Telangana,India,2024-12-28
C000554,Ishita Iyer,28,Male,Delhi,Delhi,India,2022-04-10
C000555,Aarav Sharma,32,Female,Pune,Maharashtra,India,2026-07-07
C000556,Anaya Kapoor,19,Male,Kochi,Kerala,India,2022-12-02
C000557,Meera Kapoor,32,Female,Delhi,Delhi,India,2026-08-31
C000558,Arjun Singh,26,Male,Delhi,Delhi,India,2025-05-20
C000559,Ishita Khan,47,Female,Delhi,Delhi,India,2023-07-12
C000560,Ishita Singh,55,Female,Chennai,Tamil Nadu,India,2025-04-02
C000561,Anaya Nair,25,Male,Bengaluru,Karnataka,India,2022-10-02
C000562,Vihaan Singh,32,Female,Hyderabad,Telangana,India,2024-07-31
C000563,Arjun Nair,21,Male,Delhi,Delhi,India,2023-07-30
C000564,Rohan Mehta,64,Female,Kochi,Kerala,India,2024-09-30
C000565,Sara Singh,59,Female,Delhi,Delhi,India,2023-06-09
C000566,Vihaan Mehta,62,Female,Mumbai,Maharashtra,India,2024-09-29
C000567,Anaya Mehta,50,Male,Hyderabad,Telangana,India,2024-08-07
C000568,Anaya Singh,39,Male,Lucknow,Uttar Pradesh,India,2026-07-19
C000569,Ishita Patel,45,Male,Pune,Maharashtra,India,2026-03-11
C000570,Diya Das,53,Male,Mumbai,Maharashtra,India,2023-03-20
C000571,Diya Nair,25,Female,Mumbai,Maharashtra,India,2022-08-10
C000572,Vihaan Mehta,57,Female,Jaipur,Rajasthan,India,2022-05-23
C000573,Sara Iyer,30,Non-binary,Hyderabad,Telangana,India,2025-05-14
C000574,Diya Khan,53,Male,Kolkata,West Bengal,India,2025-05-19
C000575,Arjun Kapoor,32,Male,Indore,Madhya Pradesh,India,2022-04-23
C000576,Sara Mehta,33,Male,Ahmedabad,Gujarat,India,2026-07-29
C000577,Vihaan Khan,63,Female,Chennai,Tamil Nadu,India,2025-05-09
C000578,Sara Reddy,47,Male,Delhi,Delhi,India,2022-06-07
C000579,Arjun Mehta,43,Male,Mumbai,Maharashtra,India,2023-04-30
C000580,Sara Sharma,31,Female,Delhi,Delhi,India,2023-01-27
C000581,Diya Iyer,54,Female,Mumbai,Maharashtra,India,2025-03-09
C000582,Aarav Das,63,Female,Ahmedabad,Gujarat,India,2022-11-17
C000583,Rohan Singh,50,Male,Kolkata,West Bengal,India,2022-12-07
C000584,Anaya Kapoor,31,Female,Chennai,Tamil Nadu,India,2024-05-01
C000585,Rohan Reddy,25,Male,Hyderabad,Telangana,India,2025-11-02
C000586,Rohan Reddy,47,Male,Chennai,Tamil Nadu,India,2023-08-26
C000587,Ishita Mehta,60,Male,Bengaluru,Karnataka,India,2024-12-31
C000588,Ishita Nair,52,Male,Mumbai,Maharashtra,India,2022-11-07
C000589,Anaya Mehta,23,Female,Indore,Madhya Pradesh,India,2024-11-03
C000590,Diya Kapoor,30,Female,Pune,Maharashtra,India,2023-11-28
C000591,Vihaan Nair,60,Male,Mumbai,Maharashtra,India,2023-03-04
C000592,Meera Iyer,47,Male,Bengaluru,Karnataka,India,2022-09-21
C000593,Diya Sharma,29,Female,Mumbai,Maharashtra,India,2026-03-22
C000594,Ishita Iyer,23,Female,Delhi,Delhi,India,2026-01-23
C000595,Diya Reddy,64,Female,Ahmedabad,Gujarat,India,2025-06-17
C000596,Arjun Singh,59,Female,Bengaluru,Karnataka,India,2026-08-26
C000597,Anaya Khan,35,Female,Pune,Maharashtra,India,2022-03-04
C000598,Sara Das,28,Female,Bengaluru,Karnataka,India,2022-06-04
C000599,Kabir Iyer,28,Female,Pune,Maharashtra,India,2025-01-03
C000600,Meera Nair,29,Female,Delhi,Delhi,India,2025-02-27
C000601,Anaya Patel,46,Male,Kochi,Kerala,India,2023-09-26
C000602,Arjun Patel,46,Male,Pune,Maharashtra,India,2022-11-17
C000603,Aarav Iyer,41,Male,Ahmedabad,Gujarat,India,2023-10-18
C000604,Vihaan Patel,56,Female,Lucknow,Uttar Pradesh,India,2022-12-11
C000605,Vihaan Das,40,Male,Indore,Madhya Pradesh,India,2025-03-05
C000606,Diya Reddy,35,Female,Mumbai,Maharashtra,India,2024-04-30
C000607,Ishita Kapoor,25,Female,Mumbai,Maharashtra,India,2025-11-05
C000608,Aarav Nair,33,Female,Mumbai,Maharashtra,India,2026-02-03
C000609,Diya Iyer,65,Female,Hyderabad,Telangana,India,2023-09-10
C000610,Vihaan Mehta,41,Male,Bengaluru,Karnataka,India,2022-03-24
C000611,Rohan Reddy,46,Male,Ahmedabad,Gujarat,India,2024-01-05
C000612,Vihaan Kapoor,34,Female,Mumbai,Maharashtra,India,2026-06-07
C000613,Kabir Singh,35,Male,Bengaluru,Karnataka,India,2022-12-30
C000614,Rohan Nair,38,Male,Ahmedabad,Gujarat,India,2023-09-28
C000615,Arjun Iyer,39,Female,Chennai,Tamil Nadu,India,2022-08-19
C000616,Sara Singh,64,Female,Delhi,Delhi,India,2025-01-24
C000617,Arjun Khan,49,Male,Pune,Maharashtra,India,2026-05-23
C000618,Aarav Mehta,27,Male,Bengaluru,Karnataka,India,2022-03-15
C000619,Anaya Khan,42,Male,Mumbai,Maharashtra,India,2025-07-08
C000620,Sara Iyer,65,Male,Pune,Maharashtra,India,2024-12-21
C000621,Diya Iyer,50,Male,Ahmedabad,Gujarat,India,2022-01-30
C000622,Sara Iyer,51,Female,Mumbai,Maharashtra,India,2023-01-29
C000623,Ishita Sharma,19,Female,Ahmedabad,Gujarat,India,2022-08-14
C000624,Vihaan Reddy,21,Male,Mumbai,Maharashtra,India,2023-05-28
C000625,Ishita Reddy,40,Male,Pune,Maharashtra,India,2023-11-23
C000626,Vihaan Nair,31,Male,Mumbai,Maharashtra,India,2024-01-23
C000627,Rohan Reddy,23,Female,Delhi,Delhi,India,2026-08-08
C000628,Arjun Nair,44,Male,Hyderabad,Telangana,India,2024-11-16
C000629,Aarav Das,60,Male,Bengaluru,Karnataka,India,2023-06-10
C000630,Aarav Patel,31,Male,Jaipur,Rajasthan,India,2025-01-01
C000631,Diya Nair,66,Male,Chennai,Tamil Nadu,India,2023-12-09
C000632,Kabir Mehta,25,Female,Delhi,Delhi,India,2025-10-12
C000633,Kabir Singh,64,Male,Bengaluru,Karnataka,India,2024-01-18
C000634,Aarav Mehta,67,Female,Pune,Maharashtra,India,2022-07-13
C000635,Aarav Sharma,29,Female,Chennai,Tamil Nadu,India,2024-05-02
C000636,Diya Iyer,35,Male,Bengaluru,Karnataka,India,2023-07-26
C000637,Arjun Iyer,42,Female,Chennai,Tamil Nadu,India,2023-10-04
C000638,Aarav Khan,59,Female,Mumbai,Maharashtra,India,2025-02-08
C000639,Arjun Sharma,46,Female,Jaipur,Rajasthan,India,2023-02-14
C000640,Ishita Patel,21,Female,Jaipur,Rajasthan,India,2023-10-03
C000641,Rohan Kapoor,28,Male,Kolkata,West Bengal,India,2023-04-11
C000642,Meera Patel,22,Male,Mumbai,Maharashtra,India,2026-03-28
C000643,Ishita Iyer,39,Female,Delhi,Delhi,India,2022-01-18
C000644,Diya Iyer,57,Male,Delhi,Delhi,India,2026-06-16
C000645,Rohan Reddy,36,Male,Bengaluru,Karnataka,India,2022-01-30
C000646,Meera Mehta,32,Male,Mumbai,Maharashtra,India,2026-03-09
C000647,Diya Mehta,66,Female,Pune,Maharashtra,India,2025-12-02
C000648,Meera Khan,41,Male,Bengaluru,Karnataka,India,2025-09-13
C000649,Sara Sharma,64,Female,Jaipur,Rajasthan,India,2024-12-05
C000650,Diya Singh,59,Male,Ahmedabad,Gujarat,India,2025-03-05
C000651,Aarav Khan,46,Male,Chennai,Tamil Nadu,India,2025-11-27
C000652,Kabir Singh,67,Male,Mumbai,Maharashtra,India,2025-02-20
C000653,Aarav Sharma,59,Female,Bengaluru,Karnataka,India,2024-10-09
C000654,Aarav Mehta,43,Female,Lucknow,Uttar Pradesh,India,2022-05-17
C000655,Anaya Khan,34,Male,Pune,Maharashtra,India,2026-06-03
C000656,Kabir Kapoor,53,Male,Mumbai,Maharashtra,India,2022-11-21
C000657,Rohan Das,37,Male,Delhi,Delhi,India,2022-12-03
C000658,Diya Patel,48,Male,Bengaluru,Karnataka,India,2026-04-24
C000659,Diya Singh,18,Male,Kochi,Kerala,India,2025-10-21
C000660,Arjun Patel,55,Female,Indore,Madhya Pradesh,India,2024-07-15
C000661,Meera Mehta,36,Male,Mumbai,Maharashtra,India,2023-01-20
C000662,Ishita Khan,54,Male,Chennai,Tamil Nadu,India,2025-04-17
C000663,Meera Mehta,26,Female,Bengaluru,Karnataka,India,2023-07-05
C000664,Kabir Sharma,57,Male,Chennai,Tamil Nadu,India,2023-09-12
C000665,Arjun Patel,38,Female,Jaipur,Rajasthan,India,2022-10-07
C000666,Rohan Reddy,19,Female,Kolkata,West Bengal,India,2022-04-04
C000667,Ishita Mehta,65,Male,Bengaluru,Karnataka,India,2024-03-30
C000668,Vihaan Reddy,40,Female,Mumbai,Maharashtra,India,2023-01-20
C000669,Ishita Kapoor,22,Female,Lucknow,Uttar Pradesh,India,2026-08-31
C000670,Vihaan Khan,56,Male,Lucknow,Uttar Pradesh,India,2024-05-16
C000671,Arjun Sharma,41,Male,Chennai,Tamil Nadu,India,2022-06-04
C000672,Arjun Iyer,23,Female,Jaipur,Rajasthan,India,2022-07-20
C000673,Arjun Iyer,29,Male,Delhi,Delhi,India,2023-10-20
C000674,Kabir Mehta,57,Female,Delhi,Delhi,India,2026-05-02
C000675,Meera Sharma,55,Female,Kochi,Kerala,India,2024-08-05
C000676,Diya Nair,33,Male,Delhi,Delhi,India,2022-04-08
C000677,Kabir Patel,45,Female,Bengaluru,Karnataka,India,2023-01-10
C000678,Ishita Iyer,47,Female,Delhi,Delhi,India,2024-01-26
C000679,Anaya Patel,48,Male,Pune,Maharashtra,India,2023-08-30
C000680,Aarav Singh,58,Female,Bengaluru,Karnataka,India,2024-11-22
C000681,Rohan Nair,31,Female,Kolkata,West Bengal,India,2022-09-03
C000682,Sara Singh,61,Female,Kolkata,West Bengal,India,2026-06-18
C000683,Vihaan Patel,65,Female,Mumbai,Maharashtra,India,2024-01-24
C000684,Sara Sharma,42,Male,Delhi,Delhi,India,2025-09-30
C000685,Arjun Patel,52,Male,Ahmedabad,Gujarat,India,2024-08-07
C000686,Sara Sharma,27,Male,Ahmedabad,Gujarat,India,2022-07-21
C000687,Anaya Patel,30,Male,Delhi,Delhi,India,2025-05-17
C000688,Diya Das,26,Female,Ahmedabad,Gujarat,India,2024-08-20
C000689,Aarav Mehta,56,Female,Kolkata,West Bengal,India,2022-02-24
C000690,Meera Sharma,26,Female,Delhi,Delhi,India,2025-03-16
C000691,Meera Patel,50,Female,Hyderabad,Telangana,India,2026-06-20
C000692,Vihaan Reddy,31,Female,Pune,Maharashtra,India,2022-02-18
C000693,Aarav Kapoor,18,Female,Mumbai,Maharashtra,India,2025-01-27
C000694,Vihaan Das,28,Male,Pune,Maharashtra,India,2026-05-07
C000695,Sara Patel,65,Female,Hyderabad,Telangana,India,2026-01-04
C000696,Anaya Singh,58,Female,Kolkata,West Bengal,India,2024-08-28
C000697,Rohan Das,52,Male,Lucknow,Uttar Pradesh,India,2026-01-26
C000698,Diya Nair,44,Male,Jaipur,Rajasthan,India,2024-09-27
C000699,Anaya Khan,47,Male,Mumbai,Maharashtra,India,2026-05-29
C000700,Anaya Kapoor,30,Female,Jaipur,Rajasthan,India,2025-11-12
C000701,Arjun Khan,26,Male,Mumbai,Maharashtra,India,2025-12-04
C000702,Kabir Kapoor,34,Male,Mumbai,Maharashtra,India,2025-02-08
C000703,Rohan Iyer,42,Female,Delhi,Delhi,India,2022-03-28
C000704,Anaya Iyer,33,Male,Delhi,Delhi,India,2025-09-21
C000705,Diya Nair,19,Male,Ahmedabad,Gujarat,India,2026-06-02
C000706,Arjun Singh,41,Male,Delhi,Delhi,India,2023-03-21
C000707,Rohan Das,37,Female,Delhi,Delhi,India,2023-02-02
C000708,Meera Kapoor,47,Male,Hyderabad,Telangana,India,2026-05-11
C000709,Meera Khan,33,Female,Kochi,Kerala,India,2025-02-19
C000710,Kabir Khan,62,Male,Delhi,Delhi,India,2026-07-07
C000711,Sara Das,58,Male,Ahmedabad,Gujarat,India,2022-08-24
C000712,Ishita Patel,45,Male,Kolkata,West Bengal,India,2024-01-30
C000713,Meera Iyer,40,Male,Bengaluru,Karnataka,India,2022-06-16
C000714,Kabir Das,28,Male,Kolkata,West Bengal,India,2022-12-23
C000715,Meera Das,63,Male,Bengaluru,Karnataka,India,2026-06-23
C000716,Arjun Khan,38,Male,Chennai,Tamil Nadu,India,2024-07-18
C000717,Meera Das,49,Male,Delhi,Delhi,India,2024-06-10
C000718,Aarav Reddy,28,Male,Bengaluru,Karnataka,India,2026-05-15
C000719,Meera Das,63,Male,Pune,Maharashtra,India,2022-09-04
C000720,Vihaan Patel,66,Non-binary,Delhi,Delhi,India,2025-12-07
C000721,Sara Patel,19,Female,Indore,Madhya Pradesh,India,2025-03-10
C000722,Arjun Das,60,Male,Hyderabad,Telangana,India,2026-06-21
C000723,Anaya Mehta,57,Male,Chennai,Tamil Nadu,India,2023-12-14
C000724,Meera Patel,55,Male,Delhi,Delhi,India,2022-01-21
C000725,Arjun Nair,28,Female,Hyderabad,Telangana,India,2025-05-28
C000726,Aarav Das,54,Male,Delhi,Delhi,India,2023-12-02
C000727,Sara Nair,23,Male,Delhi,Delhi,India,2022-11-08
C000728,Vihaan Sharma,61,Male,Indore,Madhya Pradesh,India,2023-05-09
C000729,Vihaan Reddy,39,Male,Kolkata,West Bengal,India,2022-08-19
C000730,Sara Nair,58,Non-binary,Bengaluru,Karnataka,India,2023-04-11
C000731,Aarav Patel,30,Female,Hyderabad,Telangana,India,2025-10-19
C000732,Meera Kapoor,24,Female,Delhi,Delhi,India,2023-02-23
C000733,Anaya Khan,50,Male,Chennai,Tamil Nadu,India,2025-04-10
C000734,Kabir Singh,58,Female,Delhi,Delhi,India,2023-08-06
C000735,Anaya Iyer,28,Male,Ahmedabad,Gujarat,India,2022-12-02
C000736,Anaya Kapoor,65,Female,Kochi,Kerala,India,2025-03-07
C000737,Ishita Reddy,32,Female,Chennai,Tamil Nadu,India,2025-10-28
C000738,Sara Das,54,Female,Pune,Maharashtra,India,2025-08-14
C000739,Vihaan Sharma,47,Male,Bengaluru,Karnataka,India,2025-07-15
C000740,Ishita Reddy,40,Male,Delhi,Delhi,India,2022-11-02
C000741,Kabir Iyer,24,Female,Delhi,Delhi,India,2022-01-09
C000742,Aarav Singh,39,Male,Pune,Maharashtra,India,2025-01-24
C000743,Meera Iyer,53,Female,Hyderabad,Telangana,India,2022-03-15
C000744,Kabir Iyer,40,Male,Delhi,Delhi,India,2025-02-18
C000745,Sara Mehta,48,Male,Pune,Maharashtra,India,2023-11-16
C000746,Sara Mehta,23,Male,Lucknow,Uttar Pradesh,India,2026-06-05
C000747,Anaya Nair,58,Female,Mumbai,Maharashtra,India,2022-01-09
C000748,Meera Nair,47,Male,Indore,Madhya Pradesh,India,2023-05-27
C000749,Meera Khan,38,Female,Mumbai,Maharashtra,India,2026-08-15
C000750,Vihaan Kapoor,64,Female,Bengaluru,Karnataka,India,2025-08-21
C000751,Diya Kapoor,50,Female,Bengaluru,Karnataka,India,2022-08-01
C000752,Anaya Singh,37,Female,Kolkata,West Bengal,India,2023-05-12
C000753,Diya Kapoor,63,Female,Lucknow,Uttar Pradesh,India,2025-03-05
C000754,Diya Patel,57,Female,Delhi,Delhi,India,2022-06-18
C000755,Ishita Kapoor,19,Male,Chennai,Tamil Nadu,India,2022-12-15
C000756,Aarav Mehta,58,Male,Mumbai,Maharashtra,India,2022-09-18
C000757,Sara Patel,41,Male,Mumbai,Maharashtra,India,2023-05-31
C000758,Rohan Mehta,62,Male,Delhi,Delhi,India,2022-06-06
C000759,Diya Nair,58,Female,Delhi,Delhi,India,2023-03-03
C000760,Rohan Reddy,35,Non-binary,Delhi,Delhi,India,2023-04-05
C000761,Meera Kapoor,43,Female,Bengaluru,Karnataka,India,2024-09-23
C000762,Anaya Reddy,40,Male,Chennai,Tamil Nadu,India,2025-06-08
C000763,Meera Singh,36,Male,Pune,Maharashtra,India,2025-10-20
C000764,Diya Das,50,Female,Delhi,Delhi,India,2025-01-23
C000765,Vihaan Singh,37,Male,Delhi,Delhi,India,2024-12-23
C000766,Sara Khan,21,Female,Indore,Madhya Pradesh,India,2026-06-14
C000767,Sara Reddy,55,Female,Pune,Maharashtra,India,2025-01-21
C000768,Rohan Kapoor,56,Male,Mumbai,Maharashtra,India,2022-09-30
C000769,Kabir Iyer,46,Male,Pune,Maharashtra,India,2025-12-04
C000770,Meera Khan,27,Male,Kolkata,West Bengal,India,2022-02-10
C000771,Vihaan Sharma,18,Male,Pune,Maharashtra,India,2025-07-04
C000772,Meera Sharma,46,Male,Hyderabad,Telangana,India,2022-02-23
C000773,Ishita Patel,36,Female,Chennai,Tamil Nadu,India,2023-01-10
C000774,Aarav Sharma,27,Female,Delhi,Delhi,India,2025-02-26
C000775,Aarav Reddy,56,Female,Ahmedabad,Gujarat,India,2025-01-22
C000776,Diya Singh,37,Male,Kochi,Kerala,India,2022-12-01
C000777,Arjun Iyer,26,Male,Delhi,Delhi,India,2026-01-31
C000778,Diya Nair,62,Male,Delhi,Delhi,India,2022-09-17
C000779,Rohan Nair,36,Female,Hyderabad,Telangana,India,2022-10-19
C000780,Vihaan Patel,54,Male,Delhi,Delhi,India,2025-07-24
C000781,Kabir Singh,27,Male,Jaipur,Rajasthan,India,2025-01-11
C000782,Meera Patel,22,Male,Indore,Madhya Pradesh,India,2024-12-02
C000783,Anaya Iyer,59,Female,Bengaluru,Karnataka,India,2024-12-13
C000784,Diya Nair,43,Female,Chennai,Tamil Nadu,India,2024-08-24
C000785,Diya Iyer,56,Female,Mumbai,Maharashtra,India,2022-03-05
C000786,Anaya Iyer,28,Male,Chennai,Tamil Nadu,India,2025-10-29
C000787,Meera Iyer,45,Female,Pune,Maharashtra,India,2025-10-15
C000788,Vihaan Kapoor,24,Female,Bengaluru,Karnataka,India,2026-08-01
C000789,Diya Singh,47,Female,Indore,Madhya Pradesh,India,2022-03-20
C000790,Vihaan Singh,56,Male,Pune,Maharashtra,India,2023-03-07
C000791,Ishita Nair,65,Female,Ahmedabad,Gujarat,India,2025-05-27
C000792,Kabir Nair,23,Female,Mumbai,Maharashtra,India,2025-07-26
C000793,Vihaan Nair,26,Female,Ahmedabad,Gujarat,India,2025-02-19
C000794,Diya Singh,41,Female,Mumbai,Maharashtra,India,2026-02-07
C000795,Ishita Khan,45,Female,Mumbai,Maharashtra,India,2024-12-07
C000796,Anaya Das,66,Female,Mumbai,Maharashtra,India,2022-09-25
C000797,Anaya Patel,41,Male,Kolkata,West Bengal,India,2025-04-24
C000798,Anaya Nair,41,Male,Delhi,Delhi,India,2025-09-27
C000799,Kabir Patel,59,Male,Mumbai,Maharashtra,India,2026-07-02
C000800,Kabir Mehta,24,Male,Kolkata,West Bengal,India,2022-06-07
C000801,Aarav Patel,18,Male,Chennai,Tamil Nadu,India,2024-07-19
C000802,Meera Nair,27,Male,Mumbai,Maharashtra,India,2022-04-21
C000803,Kabir Singh,43,Male,Hyderabad,Telangana,India,2025-04-22
C000804,Vihaan Kapoor,24,Female,Bengaluru,Karnataka,India,2024-11-25
C000805,Aarav Khan,27,Male,Jaipur,Rajasthan,India,2025-07-02
C000806,Anaya Reddy,46,Male,Jaipur,Rajasthan,India,2023-06-13
C000807,Rohan Khan,62,Male,Bengaluru,Karnataka,India,2025-06-12
C000808,Rohan Mehta,46,Female,Hyderabad,Telangana,India,2022-11-30
C000809,Meera Reddy,63,Male,Bengaluru,Karnataka,India,2022-05-22
C000810,Rohan Kapoor,36,Male,Pune,Maharashtra,India,2025-01-22
C000811,Diya Sharma,25,Female,Kolkata,West Bengal,India,2024-01-06
C000812,Ishita Iyer,44,Non-binary,Chennai,Tamil Nadu,India,2023-07-23
C000813,Arjun Patel,43,Female,Mumbai,Maharashtra,India,2022-10-24
C000814,Aarav Iyer,23,Male,Ahmedabad,Gujarat,India,2022-10-14
C000815,Ishita Sharma,57,Female,Lucknow,Uttar Pradesh,India,2026-02-01
C000816,Vihaan Patel,57,Male,Bengaluru,Karnataka,India,2023-12-29
C000817,Arjun Kapoor,38,Female,Delhi,Delhi,India,2023-06-12
C000818,Vihaan Patel,37,Female,Pune,Maharashtra,India,2025-09-13
C000819,Anaya Sharma,49,Male,Ahmedabad,Gujarat,India,2025-05-04
C000820,Anaya Mehta,57,Female,Pune,Maharashtra,India,2024-05-16
C000821,Meera Das,25,Female,Jaipur,Rajasthan,India,2023-10-16
C000822,Sara Mehta,66,Female,Delhi,Delhi,India,2022-08-11
C000823,Sara Das,50,Female,Pune,Maharashtra,India,2023-10-20
C000824,Aarav Reddy,30,Male,Indore,Madhya Pradesh,India,2024-12-11
C000825,Aarav Iyer,45,Male,Jaipur,Rajasthan,India,2022-12-14
C000826,Aarav Das,26,Female,Delhi,Delhi,India,2022-04-21
C000827,Ishita Iyer,35,Male,Pune,Maharashtra,India,2024-11-11
C000828,Diya Sharma,57,Male,Chennai,Tamil Nadu,India,2022-06-28
C000829,Kabir Iyer,28,Male,Hyderabad,Telangana,India,2023-12-08
C000830,Diya Khan,35,Male,Ahmedabad,Gujarat,India,2022-11-19
C000831,Meera Sharma,19,Male,Hyderabad,Telangana,India,2024-02-17
C000832,Anaya Khan,46,Male,Bengaluru,Karnataka,India,2023-10-08
C000833,Rohan Sharma,66,Male,Bengaluru,Karnataka,India,2025-10-02
C000834,Meera Khan,38,Male,Delhi,Delhi,India,2023-10-20
C000835,Rohan Reddy,31,Male,Pune,Maharashtra,India,2023-03-24
C000836,Rohan Singh,28,Male,Delhi,Delhi,India,2024-07-13
C000837,Diya Kapoor,52,Male,Chennai,Tamil Nadu,India,2023-04-13
C000838,Kabir Patel,53,Male,Indore,Madhya Pradesh,India,2025-11-03
C000839,Sara Khan,54,Female,Jaipur,Rajasthan,India,2022-09-08
C000840,Rohan Mehta,21,Male,Pune,Maharashtra,India,2025-12-04
C000841,Aarav Kapoor,29,Female,Ahmedabad,Gujarat,India,2023-05-17
C000842,Kabir Khan,33,Female,Mumbai,Maharashtra,India,2023-12-05
C000843,Meera Mehta,62,Female,Jaipur,Rajasthan,India,2026-02-24
C000844,Diya Khan,57,Male,Delhi,Delhi,India,2023-08-22
C000845,Aarav Kapoor,49,Male,Bengaluru,Karnataka,India,2025-05-11
C000846,Anaya Singh,44,Male,Mumbai,Maharashtra,India,2023-01-20
C000847,Vihaan Reddy,33,Male,Bengaluru,Karnataka,India,2024-10-27
C000848,Meera Mehta,45,Male,Kochi,Kerala,India,2025-05-05
C000849,Ishita Das,18,Male,Jaipur,Rajasthan,India,2024-06-05
C000850,Aarav Kapoor,51,Female,Delhi,Delhi,India,2026-03-19
C000851,Arjun Nair,31,Female,Mumbai,Maharashtra,India,2022-12-17
C000852,Vihaan Reddy,28,Male,Hyderabad,Telangana,India,2026-03-05
C000853,Aarav Kapoor,36,Male,Kolkata,West Bengal,India,2024-07-17
C000854,Anaya Kapoor,51,Male,Lucknow,Uttar Pradesh,India,2023-04-14
C000855,Aarav Patel,64,Female,Kolkata,West Bengal,India,2023-08-15
C000856,Aarav Das,65,Female,Jaipur,Rajasthan,India,2025-06-09
C000857,Aarav Nair,19,Male,Kolkata,West Bengal,India,2026-05-31
C000858,Arjun Nair,65,Non-binary,Delhi,Delhi,India,2022-08-10
C000859,Meera Reddy,39,Male,Indore,Madhya Pradesh,India,2022-09-25
C000860,Kabir Kapoor,36,Male,Delhi,Delhi,India,2026-01-07
C000861,Diya Singh,40,Male,Bengaluru,Karnataka,India,2025-07-09
C000862,Meera Reddy,48,Female,Chennai,Tamil Nadu,India,2022-03-27
C000863,Rohan Das,34,Female,Hyderabad,Telangana,India,2025-09-07
C000864,Rohan Sharma,48,Male,Chennai,Tamil Nadu,India,2022-11-14
C000865,Diya Iyer,57,Female,Hyderabad,Telangana,India,2025-11-25
C000866,Anaya Nair,20,Male,Mumbai,Maharashtra,India,2022-08-06
C000867,Kabir Sharma,23,Female,Ahmedabad,Gujarat,India,2026-02-11
C000868,Kabir Khan,47,Male,Chennai,Tamil Nadu,India,2024-12-28
C000869,Aarav Mehta,57,Female,Mumbai,Maharashtra,India,2023-11-30
C000870,Meera Nair,20,Female,Chennai,Tamil Nadu,India,2025-07-20
C000871,Kabir Singh,31,Female,Pune,Maharashtra,India,2025-08-03
C000872,Vihaan Nair,20,Male,Bengaluru,Karnataka,India,2025-03-28
C000873,Kabir Kapoor,19,Female,Bengaluru,Karnataka,India,2025-06-15
C000874,Aarav Singh,66,Female,Pune,Maharashtra,India,2022-05-06
C000875,Anaya Singh,21,Female,Bengaluru,Karnataka,India,2023-04-18
C000876,Aarav Khan,61,Female,Delhi,Delhi,India,2025-09-06
C000877,Anaya Das,55,Male,Kolkata,West Bengal,India,2025-02-04
C000878,Meera Sharma,63,Male,Mumbai,Maharashtra,India,2024-08-01
C000879,Aarav Singh,65,Male,Delhi,Delhi,India,2022-11-21
C000880,Aarav Sharma,60,Male,Mumbai,Maharashtra,India,2025-10-19
C000881,Kabir Reddy,46,Female,Chennai,Tamil Nadu,India,2024-02-28
C000882,Rohan Das,48,Male,Lucknow,Uttar Pradesh,India,2022-01-18
C000883,Arjun Kapoor,35,Male,Hyderabad,Telangana,India,2023-07-28
C000884,Meera Iyer,28,Male,Lucknow,Uttar Pradesh,India,2025-07-26
C000885,Arjun Nair,41,Female,Hyderabad,Telangana,India,2022-06-03
C000886,Ishita Sharma,47,Female,Ahmedabad,Gujarat,India,2026-01-30
C000887,Rohan Das,58,Male,Bengaluru,Karnataka,India,2024-12-15
C000888,Ishita Kapoor,59,Male,Jaipur,Rajasthan,India,2024-02-16
C000889,Ishita Das,27,Male,Mumbai,Maharashtra,India,2022-03-11
C000890,Diya Singh,65,Female,Bengaluru,Karnataka,India,2023-09-27
C000891,Aarav Reddy,28,Male,Delhi,Delhi,India,2026-03-06
C000892,Ishita Khan,37,Female,Delhi,Delhi,India,2023-09-15
C000893,Arjun Khan,49,Female,Hyderabad,Telangana,India,2023-04-09
C000894,Arjun Khan,19,Female,Mumbai,Maharashtra,India,2025-04-26
C000895,Ishita Khan,21,Female,Lucknow,Uttar Pradesh,India,2025-06-28
C000896,Anaya Mehta,51,Male,Delhi,Delhi,India,2026-08-26
C000897,Aarav Nair,66,Female,Mumbai,Maharashtra,India,2024-05-05
C000898,Aarav Nair,46,Female,Pune,Maharashtra,India,2024-07-02
C000899,Vihaan Das,19,Female,Delhi,Delhi,India,2026-03-23
C000900,Aarav Singh,19,Male,Bengaluru,Karnataka,India,2023-08-01
C000901,Sara Nair,30,Female,Mumbai,Maharashtra,India,2026-07-26
C000902,Kabir Reddy,36,Female,Pune,Maharashtra,India,2024-12-02
C000903,Diya Khan,50,Male,Hyderabad,Telangana,India,2025-07-12
C000904,Aarav Nair,59,Non-binary,Delhi,Delhi,India,2025-06-03
C000905,Arjun Kapoor,23,Female,Delhi,Delhi,India,2024-10-15
C000906,Arjun Das,66,Female,Chennai,Tamil Nadu,India,2025-08-29
C000907,Ishita Khan,51,Male,Kolkata,West Bengal,India,2025-08-11
C000908,Arjun Singh,48,Male,Hyderabad,Telangana,India,2025-04-01
C000909,Vihaan Khan,48,Female,Bengaluru,Karnataka,India,2023-02-09
C000910,Arjun Iyer,40,Male,Bengaluru,Karnataka,India,2026-04-27
C000911,Anaya Reddy,21,Female,Delhi,Delhi,India,2025-12-30
C000912,Vihaan Kapoor,52,Male,Indore,Madhya Pradesh,India,2025-07-12
C000913,Kabir Kapoor,31,Female,Mumbai,Maharashtra,India,2025-11-06
C000914,Meera Sharma,34,Female,Ahmedabad,Gujarat,India,2025-08-18
C000915,Arjun Das,43,Male,Delhi,Delhi,India,2025-04-16
C000916,Ishita Kapoor,35,Female,Jaipur,Rajasthan,India,2024-08-21
C000917,Diya Das,54,Non-binary,Lucknow,Uttar Pradesh,India,2024-12-05
C000918,Anaya Khan,67,Female,Chennai,Tamil Nadu,India,2022-05-09
C000919,Rohan Singh,30,Male,Ahmedabad,Gujarat,India,2026-08-05
C000920,Kabir Singh,18,Female,Jaipur,Rajasthan,India,2023-12-08
C000921,Aarav Reddy,43,Female,Delhi,Delhi,India,2025-10-15
C000922,Sara Khan,59,Female,Mumbai,Maharashtra,India,2024-06-22
C000923,Anaya Iyer,33,Male,Kochi,Kerala,India,2024-11-04
C000924,Arjun Das,52,Male,Kolkata,West Bengal,India,2023-05-28
C000925,Vihaan Khan,41,Male,Jaipur,Rajasthan,India,2023-01-12
C000926,Ishita Patel,47,Male,Mumbai,Maharashtra,India,2026-03-06
C000927,Rohan Khan,58,Female,Kolkata,West Bengal,India,2025-08-17
C000928,Diya Nair,43,Female,Kolkata,West Bengal,India,2023-01-15
C000929,Rohan Kapoor,20,Male,Kolkata,West Bengal,India,2023-02-02
C000930,Sara Khan,49,Male,Indore,Madhya Pradesh,India,2022-03-12
C000931,Anaya Mehta,45,Female,Lucknow,Uttar Pradesh,India,2026-06-10
C000932,Aarav Khan,19,Male,Jaipur,Rajasthan,India,2026-08-17
C000933,Vihaan Khan,62,Male,Delhi,Delhi,India,2022-06-13
C000934,Aarav Sharma,67,Female,Pune,Maharashtra,India,2024-04-18
C000935,Meera Das,29,Male,Bengaluru,Karnataka,India,2024-06-04
C000936,Kabir Iyer,51,Female,Mumbai,Maharashtra,India,2026-02-10
C000937,Arjun Nair,22,Male,Hyderabad,Telangana,India,2023-06-06
C000938,Diya Kapoor,19,Male,Delhi,Delhi,India,2025-06-01
C000939,Vihaan Mehta,52,Female,Mumbai,Maharashtra,India,2023-02-05
C000940,Aarav Sharma,25,Male,Kochi,Kerala,India,2025-08-05
C000941,Meera Kapoor,47,Male,Bengaluru,Karnataka,India,2025-08-30
C000942,Rohan Kapoor,50,Female,Jaipur,Rajasthan,India,2022-11-08
C000943,Vihaan Patel,25,Male,Hyderabad,Telangana,India,2024-04-27
C000944,Ishita Iyer,23,Male,Delhi,Delhi,India,2023-04-07
C000945,Rohan Das,23,Female,Pune,Maharashtra,India,2024-02-12
C000946,Anaya Patel,39,Male,Kolkata,West Bengal,India,2024-11-30
C000947,Ishita Mehta,67,Male,Pune,Maharashtra,India,2022-05-18
C000948,Meera Reddy,55,Male,Lucknow,Uttar Pradesh,India,2022-08-08
C000949,Kabir Iyer,50,Female,Ahmedabad,Gujarat,India,2024-12-13
C000950,Rohan Das,35,Female,Hyderabad,Telangana,India,2023-04-01
C000951,Meera Reddy,32,Female,Kolkata,West Bengal,India,2023-02-08
C000952,Vihaan Das,25,Male,Pune,Maharashtra,India,2023-04-03
C000953,Ishita Nair,62,Female,Bengaluru,Karnataka,India,2025-07-09
C000954,Vihaan Mehta,18,Female,Kolkata,West Bengal,India,2025-01-11
C000955,Arjun Patel,65,Female,Delhi,Delhi,India,2023-03-01
C000956,Diya Singh,29,Female,Bengaluru,Karnataka,India,2022-06-20
C000957,Meera Iyer,26,Female,Kochi,Kerala,India,2025-04-16
C000958,Arjun Mehta,20,Male,Bengaluru,Karnataka,India,2022-02-01
C000959,Diya Patel,42,Female,Mumbai,Maharashtra,India,2023-10-20
C000960,Aarav Nair,29,Female,Delhi,Delhi,India,2025-10-13
C000961,Aarav Das,44,Male,Pune,Maharashtra,India,2023-09-05
C000962,Vihaan Kapoor,65,Female,Mumbai,Maharashtra,India,2023-06-12
C000963,Kabir Singh,38,Male,Kochi,Kerala,India,2025-05-13
C000964,Diya Khan,38,Female,Bengaluru,Karnataka,India,2025-07-27
C000965,Aarav Kapoor,58,Male,Bengaluru,Karnataka,India,2023-02-28
C000966,Kabir Sharma,48,Male,Mumbai,Maharashtra,India,2024-05-16
C000967,Arjun Mehta,53,Male,Delhi,Delhi,India,2025-09-18
C000968,Sara Iyer,34,Female,Mumbai,Maharashtra,India,2023-02-17
C000969,Rohan Reddy,41,Female,Mumbai,Maharashtra,India,2023-12-13
C000970,Rohan Iyer,31,Male,Hyderabad,Telangana,India,2024-03-03
C000971,Aarav Mehta,46,Male,Lucknow,Uttar Pradesh,India,2022-12-15
C000972,Arjun Singh,29,Male,Delhi,Delhi,India,2024-11-06
C000973,Vihaan Reddy,27,Female,Hyderabad,Telangana,India,2025-12-02
C000974,Meera Sharma,59,Male,Bengaluru,Karnataka,India,2023-12-09
C000975,Arjun Patel,57,Male,Chennai,Tamil Nadu,India,2024-03-21
C000976,Diya Sharma,57,Male,Lucknow,Uttar Pradesh,India,2023-08-25
C000977,Ishita Kapoor,25,Female,Mumbai,Maharashtra,India,2026-07-14
C000978,Arjun Khan,44,Male,Hyderabad,Telangana,India,2025-07-15
C000979,Anaya Das,60,Female,Jaipur,Rajasthan,India,2023-05-02
C000980,Vihaan Reddy,61,Female,Hyderabad,Telangana,India,2023-04-29
C000981,Kabir Reddy,26,Female,Delhi,Delhi,India,2022-06-25
C000982,Anaya Patel,55,Male,Mumbai,Maharashtra,India,2022-12-31
C000983,Aarav Sharma,61,Male,Hyderabad,Telangana,India,2022-01-09
C000984,Vihaan Reddy,58,Female,Bengaluru,Karnataka,India,2022-09-02
C000985,Rohan Khan,30,Male,Bengaluru,Karnataka,India,2024-01-05
C000986,Ishita Kapoor,43,Female,Delhi,Delhi,India,2025-02-01
C000987,Arjun Nair,34,Non-binary,Mumbai,Maharashtra,India,2023-06-06
C000988,Vihaan Patel,38,Female,Delhi,Delhi,India,2026-08-09
C000989,Meera Iyer,19,Female,Hyderabad,Telangana,India,2024-08-17
C000990,Vihaan Nair,56,Female,Kochi,Kerala,India,2022-11-15
C000991,Anaya Singh,33,Male,Ahmedabad,Gujarat,India,2024-09-18
C000992,Meera Singh,28,Female,Delhi,Delhi,India,2025-01-11
C000993,Aarav Kapoor,50,Male,Jaipur,Rajasthan,India,2024-11-03
C000994,Diya Sharma,25,Non-binary,Bengaluru,Karnataka,India,2025-11-13
C000995,Rohan Das,42,Female,Delhi,Delhi,India,2026-05-17
C000996,Meera Reddy,25,Male,Bengaluru,Karnataka,India,2023-05-21
C000997,Arjun Das,49,Female,Delhi,Delhi,India,2026-05-25
C000998,Aarav Sharma,50,Male,Delhi,Delhi,India,2025-07-02
C000999,Rohan Patel,63,Female,Ahmedabad,Gujarat,India,2025-05-03
C001000,Anaya Das,40,Male,Hyderabad,Telangana,India,2022-10-01
C001001,Rohan Nair,31,Female,Indore,Madhya Pradesh,India,2025-07-31
C001002,Ishita Khan,40,Male,Chennai,Tamil Nadu,India,2022-11-12
C001003,Diya Mehta,50,Female,Indore,Madhya Pradesh,India,2023-05-30
C001004,Arjun Nair,49,Female,Bengaluru,Karnataka,India,2024-11-05
C001005,Rohan Nair,38,Male,Hyderabad,Telangana,India,2024-05-19
C001006,Vihaan Nair,41,Male,Indore,Madhya Pradesh,India,2025-01-19
C001007,Vihaan Kapoor,63,Male,Jaipur,Rajasthan,India,2026-04-20
C001008,Sara Das,60,Female,Delhi,Delhi,India,2024-08-31
C001009,Arjun Reddy,31,Male,Delhi,Delhi,India,2023-11-29
C001010,Aarav Das,66,Male,Kolkata,West Bengal,India,2025-07-14
C001011,Meera Nair,55,Female,Hyderabad,Telangana,India,2023-03-13
C001012,Anaya Reddy,36,Female,Mumbai,Maharashtra,India,2023-02-14
C001013,Aarav Patel,39,Female,Indore,Madhya Pradesh,India,2025-08-30
C001014,Sara Singh,58,Female,Bengaluru,Karnataka,India,2023-09-10
C001015,Meera Singh,26,Female,Pune,Maharashtra,India,2022-09-29
C001016,Kabir Patel,60,Male,Chennai,Tamil Nadu,India,2024-07-25
C001017,Rohan Nair,38,Male,Ahmedabad,Gujarat,India,2026-05-02
C001018,Vihaan Nair,40,Female,Delhi,Delhi,India,2024-01-06
C001019,Arjun Das,65,Male,Kolkata,West Bengal,India,2026-02-23
C001020,Aarav Reddy,38,Female,Delhi,Delhi,India,2025-11-25
C001021,Rohan Kapoor,41,Male,Ahmedabad,Gujarat,India,2024-09-10
C001022,Aarav Patel,28,Male,Bengaluru,Karnataka,India,2022-12-12
C001023,Meera Kapoor,66,Female,Delhi,Delhi,India,2023-02-17
C001024,Aarav Khan,67,Female,Mumbai,Maharashtra,India,2024-02-13
C001025,Ishita Iyer,52,Male,Delhi,Delhi,India,2022-11-02
C001026,Rohan Sharma,55,Male,Mumbai,Maharashtra,India,2023-05-23
C001027,Sara Iyer,53,Male,Delhi,Delhi,India,2023-05-28
C001028,Diya Sharma,28,Female,Hyderabad,Telangana,India,2023-08-02
C001029,Meera Reddy,52,Male,Chennai,Tamil Nadu,India,2024-07-20
C001030,Rohan Mehta,34,Female,Delhi,Delhi,India,2026-03-30
C001031,Kabir Reddy,61,Male,Hyderabad,Telangana,India,2025-06-12
C001032,Anaya Nair,48,Female,Bengaluru,Karnataka,India,2024-10-05
C001033,Meera Patel,38,Female,Kolkata,West Bengal,India,2026-01-26
C001034,Meera Kapoor,67,Male,Hyderabad,Telangana,India,2024-09-07
C001035,Vihaan Khan,66,Female,Bengaluru,Karnataka,India,2025-06-11
C001036,Arjun Reddy,46,Male,Chennai,Tamil Nadu,India,2024-08-31
C001037,Vihaan Kapoor,49,Female,Delhi,Delhi,India,2026-02-13
C001038,Rohan Khan,37,Female,Lucknow,Uttar Pradesh,India,2026-04-23
C001039,Meera Das,63,Male,Lucknow,Uttar Pradesh,India,2025-02-05
C001040,Kabir Kapoor,44,Female,Pune,Maharashtra,India,2022-12-13
C001041,Ishita Nair,22,Male,Chennai,Tamil Nadu,India,2023-10-22
C001042,Sara Kapoor,50,Female,Mumbai,Maharashtra,India,2022-08-19
C001043,Aarav Kapoor,57,Female,Chennai,Tamil Nadu,India,2024-09-21
C001044,Meera Khan,60,Male,Indore,Madhya Pradesh,India,2025-08-02
C001045,Rohan Das,35,Male,Chennai,Tamil Nadu,India,2024-11-05
C001046,Ishita Sharma,30,Female,Bengaluru,Karnataka,India,2025-09-24
C001047,Ishita Khan,27,Female,Delhi,Delhi,India,2022-06-12
C001048,Vihaan Sharma,28,Male,Indore,Madhya Pradesh,India,2024-12-24
C001049,Aarav Nair,67,Male,Delhi,Delhi,India,2023-07-02
C001050,Kabir Khan,53,Female,Delhi,Delhi,India,2026-03-06
C001051,Meera Iyer,62,Male,Bengaluru,Karnataka,India,2022-01-17
C001052,Vihaan Sharma,59,Male,Kolkata,West Bengal,India,2026-03-06
C001053,Kabir Singh,52,Male,Mumbai,Maharashtra,India,2024-08-22
C001054,Ishita Reddy,40,Female,Delhi,Delhi,India,2024-01-14
C001055,Sara Nair,64,Female,Hyderabad,Telangana,India,2026-08-07
C001056,Kabir Nair,60,Male,Pune,Maharashtra,India,2022-05-03
C001057,Anaya Sharma,41,Non-binary,Bengaluru,Karnataka,India,2025-03-22
C001058,Kabir Reddy,35,Male,Chennai,Tamil Nadu,India,2022-12-05
C001059,Sara Nair,39,Female,Pune,Maharashtra,India,2022-09-20
C001060,Kabir Nair,41,Male,Delhi,Delhi,India,2022-09-27
C001061,Diya Nair,53,Female,Chennai,Tamil Nadu,India,2024-12-29
C001062,Vihaan Kapoor,44,Male,Bengaluru,Karnataka,India,2023-07-07
C001063,Meera Singh,39,Male,Delhi,Delhi,India,2025-11-17
C001064,Rohan Das,26,Female,Lucknow,Uttar Pradesh,India,2026-04-13
C001065,Anaya Mehta,46,Female,Chennai,Tamil Nadu,India,2023-06-05
C001066,Aarav Reddy,26,Male,Pune,Maharashtra,India,2026-08-07
C001067,Kabir Sharma,20,Male,Pune,Maharashtra,India,2024-06-25
C001068,Meera Mehta,60,Male,Hyderabad,Telangana,India,2026-04-08
C001069,Diya Patel,25,Female,Hyderabad,Telangana,India,2025-12-29
C001070,Vihaan Reddy,46,Female,Pune,Maharashtra,India,2023-11-07
C001071,Aarav Khan,37,Male,Mumbai,Maharashtra,India,2024-11-04
C001072,Rohan Sharma,40,Female,Delhi,Delhi,India,2022-04-18
C001073,Kabir Reddy,24,Male,Lucknow,Uttar Pradesh,India,2024-11-05
C001074,Ishita Reddy,19,Female,Ahmedabad,Gujarat,India,2025-12-22
C001075,Arjun Kapoor,26,Male,Jaipur,Rajasthan,India,2025-11-18
C001076,Anaya Kapoor,46,Male,Chennai,Tamil Nadu,India,2024-02-06
C001077,Anaya Reddy,49,Female,Ahmedabad,Gujarat,India,2026-06-08
C001078,Rohan Singh,47,Male,Indore,Madhya Pradesh,India,2026-07-14
C001079,Sara Das,29,Female,Ahmedabad,Gujarat,India,2024-07-05
C001080,Kabir Singh,32,Female,Delhi,Delhi,India,2024-03-28
C001081,Aarav Sharma,64,Male,Mumbai,Maharashtra,India,2025-07-01
C001082,Rohan Mehta,48,Female,Ahmedabad,Gujarat,India,2024-10-07
C001083,Aarav Singh,47,Female,Kochi,Kerala,India,2023-03-17
C001084,Kabir Mehta,18,Male,Delhi,Delhi,India,2023-03-02
C001085,Arjun Reddy,48,Female,Chennai,Tamil Nadu,India,2025-07-16
C001086,Ishita Kapoor,54,Female,Pune,Maharashtra,India,2022-05-27
C001087,Arjun Iyer,24,Female,Chennai,Tamil Nadu,India,2024-12-27
C001088,Arjun Patel,39,Male,Mumbai,Maharashtra,India,2024-08-08
C001089,Rohan Iyer,53,Male,Mumbai,Maharashtra,India,2023-03-03
C001090,Kabir Patel,50,Male,Ahmedabad,Gujarat,India,2026-01-11
C001091,Aarav Patel,59,Female,Hyderabad,Telangana,India,2025-08-04
C001092,Diya Nair,38,Male,Kolkata,West Bengal,India,2022-07-30
C001093,Rohan Singh,28,Male,Delhi,Delhi,India,2022-10-27
C001094,Ishita Iyer,24,Female,Jaipur,Rajasthan,India,2022-10-15
C001095,Sara Nair,63,Female,Delhi,Delhi,India,2026-01-23
C001096,Arjun Kapoor,31,Female,Mumbai,Maharashtra,India,2025-10-30
C001097,Kabir Kapoor,40,Female,Pune,Maharashtra,India,2024-06-06
C001098,Kabir Reddy,34,Male,Mumbai,Maharashtra,India,2025-07-07
C001099,Meera Mehta,67,Female,Chennai,Tamil Nadu,India,2024-06-24
C001100,Ishita Reddy,63,Female,Indore,Madhya Pradesh,India,2022-11-15
C001101,Meera Reddy,66,Male,Bengaluru,Karnataka,India,2022-11-24
C001102,Arjun Khan,65,Female,Delhi,Delhi,India,2026-01-05
C001103,Rohan Nair,65,Female,Mumbai,Maharashtra,India,2022-07-04
C001104,Anaya Nair,49,Male,Ahmedabad,Gujarat,India,2023-07-25
C001105,Meera Reddy,67,Female,Pune,Maharashtra,India,2025-09-21
C001106,Rohan Reddy,31,Male,Chennai,Tamil Nadu,India,2022-02-01
C001107,Vihaan Das,59,Male,Delhi,Delhi,India,2024-03-26
C001108,Sara Patel,46,Non-binary,Kolkata,West Bengal,India,2023-10-10
C001109,Meera Patel,54,Female,Chennai,Tamil Nadu,India,2026-01-08
C001110,Arjun Mehta,29,Male,Bengaluru,Karnataka,India,2022-03-25
C001111,Meera Singh,26,Female,Delhi,Delhi,India,2026-08-10
C001112,Ishita Kapoor,62,Female,Hyderabad,Telangana,India,2025-11-01
C001113,Anaya Singh,26,Male,Chennai,Tamil Nadu,India,2022-11-15
C001114,Anaya Iyer,28,Male,Mumbai,Maharashtra,India,2026-02-14
C001115,Sara Patel,58,Male,Delhi,Delhi,India,2023-12-10
C001116,Aarav Khan,34,Male,Kolkata,West Bengal,India,2024-09-25
C001117,Vihaan Iyer,35,Female,Delhi,Delhi,India,2026-06-25
C001118,Diya Kapoor,24,Female,Kolkata,West Bengal,India,2023-10-20
C001119,Ishita Kapoor,33,Male,Bengaluru,Karnataka,India,2025-02-08
C001120,Aarav Singh,23,Female,Chennai,Tamil Nadu,India,2023-06-04
C001121,Vihaan Das,40,Female,Lucknow,Uttar Pradesh,India,2023-08-14
C001122,Sara Kapoor,67,Female,Pune,Maharashtra,India,2025-10-02
C001123,Sara Nair,28,Female,Lucknow,Uttar Pradesh,India,2026-01-23
C001124,Rohan Reddy,28,Female,Jaipur,Rajasthan,India,2022-02-07
C001125,Anaya Das,28,Female,Bengaluru,Karnataka,India,2022-05-17
C001126,Arjun Reddy,41,Female,Mumbai,Maharashtra,India,2023-12-03
C001127,Kabir Sharma,19,Female,Ahmedabad,Gujarat,India,2023-01-12
C001128,Anaya Mehta,49,Female,Hyderabad,Telangana,India,2023-06-02
C001129,Aarav Nair,51,Male,Delhi,Delhi,India,2024-03-10
C001130,Anaya Reddy,54,Female,Mumbai,Maharashtra,India,2023-07-06
C001131,Anaya Nair,38,Male,Delhi,Delhi,India,2024-05-07
C001132,Arjun Das,22,Male,Mumbai,Maharashtra,India,2024-06-28
C001133,Sara Sharma,23,Female,Bengaluru,Karnataka,India,2022-04-05
C001134,Vihaan Sharma,56,Male,Mumbai,Maharashtra,India,2022-03-06
C001135,Ishita Reddy,55,Female,Chennai,Tamil Nadu,India,2025-02-26
C001136,Meera Mehta,23,Male,Chennai,Tamil Nadu,India,2026-07-30
C001137,Meera Iyer,36,Male,Pune,Maharashtra,India,2024-09-23
C001138,Rohan Khan,58,Male,Chennai,Tamil Nadu,India,2022-06-01
C001139,Ishita Das,54,Male,Pune,Maharashtra,India,2024-07-24
C001140,Rohan Kapoor,18,Male,Mumbai,Maharashtra,India,2026-05-06
C001141,Ishita Mehta,25,Female,Delhi,Delhi,India,2026-06-28
C001142,Vihaan Mehta,35,Female,Pune,Maharashtra,India,2026-03-06
C001143,Vihaan Iyer,18,Male,Bengaluru,Karnataka,India,2026-04-25
C001144,Vihaan Patel,50,Female,Hyderabad,Telangana,India,2023-08-26
C001145,Anaya Reddy,44,Female,Bengaluru,Karnataka,India,2022-12-02
C001146,Aarav Mehta,65,Female,Hyderabad,Telangana,India,2022-02-26
C001147,Rohan Das,41,Male,Ahmedabad,Gujarat,India,2022-06-03
C001148,Diya Sharma,38,Female,Indore,Madhya Pradesh,India,2026-06-26
C001149,Kabir Singh,67,Female,Mumbai,Maharashtra,India,2025-04-13
C001150,Anaya Sharma,62,Male,Hyderabad,Telangana,India,2022-04-01
C001151,Aarav Singh,29,Female,Mumbai,Maharashtra,India,2023-03-13
C001152,Vihaan Singh,48,Female,Bengaluru,Karnataka,India,2025-08-01
C001153,Ishita Khan,45,Male,Bengaluru,Karnataka,India,2023-04-17
C001154,Diya Patel,46,Female,Mumbai,Maharashtra,India,2023-05-27
C001155,Rohan Iyer,50,Female,Lucknow,Uttar Pradesh,India,2022-10-11
C001156,Kabir Iyer,66,Female,Bengaluru,Karnataka,India,2025-09-03
C001157,Meera Das,49,Female,Bengaluru,Karnataka,India,2026-07-25
C001158,Sara Khan,53,Male,Kolkata,West Bengal,India,2023-04-20
C001159,Ishita Mehta,34,Male,Hyderabad,Telangana,India,2025-05-10
C001160,Vihaan Kapoor,27,Female,Jaipur,Rajasthan,India,2026-03-01
C001161,Aarav Singh,24,Male,Mumbai,Maharashtra,India,2024-03-26
C001162,Anaya Nair,55,Male,Mumbai,Maharashtra,India,2022-06-18
C001163,Vihaan Sharma,22,Female,Pune,Maharashtra,India,2023-05-12
C001164,Sara Mehta,44,Male,Chennai,Tamil Nadu,India,2025-11-17
C001165,Vihaan Sharma,31,Male,Hyderabad,Telangana,India,2023-07-10
C001166,Arjun Singh,45,Male,Pune,Maharashtra,India,2023-05-30
C001167,Sara Kapoor,60,Male,Mumbai,Maharashtra,India,2022-08-29
C001168,Sara Sharma,64,Female,Hyderabad,Telangana,India,2023-05-28
C001169,Ishita Singh,56,Female,Lucknow,Uttar Pradesh,India,2024-12-08
C001170,Meera Singh,40,Female,Pune,Maharashtra,India,2024-09-29
C001171,Aarav Patel,43,Male,Bengaluru,Karnataka,India,2025-02-20
C001172,Rohan Kapoor,53,Female,Ahmedabad,Gujarat,India,2023-07-04
C001173,Meera Kapoor,42,Female,Ahmedabad,Gujarat,India,2026-08-08
C001174,Diya Patel,32,Female,Hyderabad,Telangana,India,2025-08-17
C001175,Sara Mehta,64,Male,Kolkata,West Bengal,India,2026-01-21
C001176,Arjun Reddy,27,Male,Bengaluru,Karnataka,India,2025-09-07
C001177,Arjun Das,65,Female,Kolkata,West Bengal,India,2024-02-26
C001178,Kabir Singh,40,Male,Mumbai,Maharashtra,India,2026-05-06
C001179,Rohan Sharma,35,Male,Mumbai,Maharashtra,India,2026-04-01
C001180,Vihaan Sharma,40,Male,Hyderabad,Telangana,India,2023-12-21
C001181,Sara Kapoor,67,Female,Ahmedabad,Gujarat,India,2023-05-03
C001182,Arjun Kapoor,18,Female,Lucknow,Uttar Pradesh,India,2026-06-14
C001183,Aarav Nair,67,Female,Bengaluru,Karnataka,India,2023-05-15
C001184,Sara Reddy,55,Male,Hyderabad,Telangana,India,2023-11-14
C001185,Sara Iyer,21,Male,Indore,Madhya Pradesh,India,2022-09-08
C001186,Meera Sharma,54,Male,Lucknow,Uttar Pradesh,India,2025-01-16
C001187,Vihaan Mehta,19,Male,Bengaluru,Karnataka,India,2023-02-04
C001188,Kabir Singh,31,Male,Delhi,Delhi,India,2026-08-22
C001189,Vihaan Khan,49,Female,Delhi,Delhi,India,2024-04-13
C001190,Aarav Reddy,52,Female,Delhi,Delhi,India,2025-05-01
C001191,Rohan Sharma,63,Female,Mumbai,Maharashtra,India,2024-09-24
C001192,Diya Sharma,33,Female,Mumbai,Maharashtra,India,2024-11-03
C001193,Aarav Sharma,22,Female,Bengaluru,Karnataka,India,2023-12-09
C001194,Anaya Singh,48,Female,Bengaluru,Karnataka,India,2026-01-15
C001195,Meera Reddy,65,Female,Delhi,Delhi,India,2024-02-23
C001196,Meera Patel,35,Male,Bengaluru,Karnataka,India,2022-02-03
C001197,Arjun Das,35,Male,Delhi,Delhi,India,2022-02-26
C001198,Kabir Nair,67,Female,Indore,Madhya Pradesh,India,2026-04-03
C001199,Diya Patel,21,Female,Mumbai,Maharashtra,India,2024-01-11
C001200,Ishita Khan,18,Male,Delhi,Delhi,India,2022-02-20
C001201,Vihaan Das,20,Female,Ahmedabad,Gujarat,India,2023-04-06
C001202,Meera Patel,51,Male,Bengaluru,Karnataka,India,2023-03-24
C001203,Rohan Sharma,53,Female,Pune,Maharashtra,India,2023-01-23
C001204,Ishita Iyer,35,Female,Ahmedabad,Gujarat,India,2022-06-03
C001205,Aarav Patel,47,Non-binary,Jaipur,Rajasthan,India,2025-09-25
C001206,Aarav Singh,38,Male,Mumbai,Maharashtra,India,2025-07-18
C001207,Rohan Iyer,19,Female,Lucknow,Uttar Pradesh,India,2022-03-10
C001208,Meera Reddy,18,Female,Delhi,Delhi,India,2023-12-19
C001209,Arjun Nair,26,Female,Ahmedabad,Gujarat,India,2023-04-03
C001210,Vihaan Iyer,61,Female,Ahmedabad,Gujarat,India,2023-07-30
C001211,Ishita Kapoor,19,Female,Delhi,Delhi,India,2023-04-01
C001212,Ishita Kapoor,62,Female,Bengaluru,Karnataka,India,2025-08-11
C001213,Kabir Reddy,60,Female,Delhi,Delhi,India,2024-09-29
C001214,Ishita Reddy,64,Female,Bengaluru,Karnataka,India,2024-08-03
C001215,Meera Sharma,45,Female,Delhi,Delhi,India,2025-04-04
C001216,Ishita Singh,40,Female,Delhi,Delhi,India,2024-08-03
C001217,Ishita Kapoor,29,Female,Mumbai,Maharashtra,India,2022-05-14
C001218,Ishita Reddy,57,Female,Mumbai,Maharashtra,India,2024-02-08
C001219,Ishita Khan,19,Female,Ahmedabad,Gujarat,India,2026-01-06
C001220,Meera Patel,32,Male,Bengaluru,Karnataka,India,2023-03-15
C001221,Aarav Reddy,55,Female,Delhi,Delhi,India,2024-07-01
C001222,Diya Sharma,34,Male,Mumbai,Maharashtra,India,2022-09-29
C001223,Arjun Patel,50,Female,Hyderabad,Telangana,India,2023-07-11
C001224,Aarav Patel,44,Male,Chennai,Tamil Nadu,India,2024-08-24
C001225,Arjun Kapoor,52,Male,Delhi,Delhi,India,2025-01-03
C001226,Ishita Nair,53,Male,Delhi,Delhi,India,2024-06-22
C001227,Diya Nair,41,Male,Hyderabad,Telangana,India,2025-06-03
C001228,Ishita Reddy,61,Male,Chennai,Tamil Nadu,India,2023-09-15
C001229,Kabir Nair,29,Male,Mumbai,Maharashtra,India,2023-05-07
C001230,Vihaan Reddy,55,Female,Bengaluru,Karnataka,India,2026-05-11
C001231,Ishita Mehta,33,Male,Bengaluru,Karnataka,India,2026-08-27
C001232,Rohan Patel,46,Non-binary,Bengaluru,Karnataka,India,2022-11-23
C001233,Meera Singh,40,Male,Kolkata,West Bengal,India,2025-10-15
C001234,Aarav Mehta,63,Female,Hyderabad,Telangana,India,2026-06-21
C001235,Arjun Mehta,49,Male,Hyderabad,Telangana,India,2024-11-10
C001236,Meera Kapoor,24,Female,Hyderabad,Telangana,India,2026-05-05
C001237,Anaya Kapoor,31,Male,Lucknow,Uttar Pradesh,India,2022-04-27
C001238,Sara Mehta,29,Female,Pune,Maharashtra,India,2022-08-09
C001239,Arjun Iyer,36,Female,Ahmedabad,Gujarat,India,2022-03-10
C001240,Meera Mehta,20,Male,Bengaluru,Karnataka,India,2023-11-05
C001241,Ishita Iyer,59,Male,Delhi,Delhi,India,2022-09-02
C001242,Arjun Mehta,50,Female,Kolkata,West Bengal,India,2022-01-28
C001243,Kabir Patel,29,Male,Jaipur,Rajasthan,India,2023-12-12
C001244,Aarav Sharma,38,Female,Hyderabad,Telangana,India,2024-06-18
C001245,Rohan Singh,33,Male,Lucknow,Uttar Pradesh,India,2023-03-07
C001246,Meera Mehta,28,Female,Pune,Maharashtra,India,2023-10-02
C001247,Aarav Mehta,18,Male,Mumbai,Maharashtra,India,2022-09-17
C001248,Sara Singh,59,Male,Hyderabad,Telangana,India,2024-01-27
C001249,Kabir Patel,37,Male,Bengaluru,Karnataka,India,2022-09-06
C001250,Kabir Das,38,Female,Mumbai,Maharashtra,India,2025-10-28
C001251,Arjun Sharma,48,Male,Ahmedabad,Gujarat,India,2022-11-27
C001252,Aarav Singh,28,Male,Jaipur,Rajasthan,India,2025-02-27
C001253,Vihaan Patel,43,Male,Bengaluru,Karnataka,India,2025-07-17
C001254,Diya Das,46,Male,Delhi,Delhi,India,2024-07-18
C001255,Sara Kapoor,64,Male,Mumbai,Maharashtra,India,2024-08-03
C001256,Anaya Iyer,30,Female,Jaipur,Rajasthan,India,2025-04-08
C001257,Rohan Khan,66,Male,Kochi,Kerala,India,2022-04-25
C001258,Rohan Kapoor,27,Male,Chennai,Tamil Nadu,India,2025-01-25
C001259,Vihaan Kapoor,54,Female,Bengaluru,Karnataka,India,2026-06-04
C001260,Ishita Nair,52,Female,Pune,Maharashtra,India,2024-08-09
C001261,Meera Iyer,38,Female,Bengaluru,Karnataka,India,2024-08-26
C001262,Arjun Khan,67,Female,Mumbai,Maharashtra,India,2023-12-29
C001263,Ishita Nair,41,Male,Lucknow,Uttar Pradesh,India,2026-06-11
C001264,Diya Nair,38,Female,Mumbai,Maharashtra,India,2023-03-09
C001265,Aarav Sharma,48,Male,Mumbai,Maharashtra,India,2022-08-09
C001266,Aarav Reddy,25,Female,Mumbai,Maharashtra,India,2026-06-10
C001267,Ishita Mehta,23,Male,Hyderabad,Telangana,India,2022-04-27
C001268,Anaya Reddy,18,Male,Bengaluru,Karnataka,India,2024-06-07
C001269,Diya Reddy,30,Male,Delhi,Delhi,India,2022-09-27
C001270,Aarav Reddy,55,Male,Delhi,Delhi,India,2024-10-30
C001271,Arjun Reddy,23,Female,Pune,Maharashtra,India,2022-06-27
C001272,Diya Reddy,67,Female,Bengaluru,Karnataka,India,2024-01-26
C001273,Arjun Patel,51,Male,Mumbai,Maharashtra,India,2026-03-05
C001274,Ishita Mehta,35,Female,Lucknow,Uttar Pradesh,India,2022-02-06
C001275,Vihaan Singh,55,Female,Jaipur,Rajasthan,India,2022-09-02
C001276,Anaya Singh,27,Female,Delhi,Delhi,India,2022-01-18
C001277,Aarav Das,43,Female,Kolkata,West Bengal,India,2026-05-07
C001278,Rohan Mehta,22,Female,Delhi,Delhi,India,2025-04-17
C001279,Kabir Reddy,49,Male,Pune,Maharashtra,India,2024-04-03
C001280,Meera Sharma,37,Male,Mumbai,Maharashtra,India,2024-08-21
C001281,Diya Iyer,31,Male,Bengaluru,Karnataka,India,2023-03-24
C001282,Vihaan Singh,36,Male,Mumbai,Maharashtra,India,2026-04-10
C001283,Aarav Das,64,Female,Ahmedabad,Gujarat,India,2024-03-05
C001284,Anaya Iyer,42,Female,Ahmedabad,Gujarat,India,2024-09-15
C001285,Meera Mehta,39,Female,Kochi,Kerala,India,2025-05-01
C001286,Rohan Patel,31,Female,Kochi,Kerala,India,2026-05-02
C001287,Sara Sharma,41,Female,Bengaluru,Karnataka,India,2025-11-06
C001288,Arjun Sharma,53,Female,Ahmedabad,Gujarat,India,2026-06-29
C001289,Meera Khan,30,Female,Chennai,Tamil Nadu,India,2022-09-12
C001290,Ishita Sharma,27,Male,Pune,Maharashtra,India,2024-08-27
C001291,Aarav Mehta,18,Female,Bengaluru,Karnataka,India,2024-07-29
C001292,Ishita Khan,51,Female,Delhi,Delhi,India,2025-02-13
C001293,Diya Patel,47,Female,Mumbai,Maharashtra,India,2025-02-23
C001294,Ishita Khan,22,Male,Kolkata,West Bengal,India,2025-02-19
C001295,Rohan Reddy,67,Male,Chennai,Tamil Nadu,India,2024-03-11
C001296,Kabir Mehta,19,Female,Delhi,Delhi,India,2024-12-24
C001297,Diya Das,43,Male,Hyderabad,Telangana,India,2025-03-31
C001298,Rohan Patel,19,Female,Pune,Maharashtra,India,2023-07-21
C001299,Anaya Sharma,25,Male,Hyderabad,Telangana,India,2024-10-25
C001300,Kabir Singh,39,Female,Delhi,Delhi,India,2025-01-02
C001301,Rohan Das,63,Female,Mumbai,Maharashtra,India,2026-05-26
C001302,Diya Khan,37,Female,Ahmedabad,Gujarat,India,2023-06-30
C001303,Meera Iyer,39,Female,Lucknow,Uttar Pradesh,India,2022-06-22
C001304,Vihaan Reddy,55,Male,Delhi,Delhi,India,2025-06-07
C001305,Ishita Sharma,66,Male,Delhi,Delhi,India,2022-03-05
C001306,Diya Reddy,22,Male,Mumbai,Maharashtra,India,2022-12-22
C001307,Sara Kapoor,31,Female,Bengaluru,Karnataka,India,2024-06-27
C001308,Vihaan Singh,63,Male,Kolkata,West Bengal,India,2025-07-28
C001309,Aarav Iyer,61,Female,Delhi,Delhi,India,2025-04-19
C001310,Ishita Patel,42,Female,Indore,Madhya Pradesh,India,2022-01-28
C001311,Vihaan Mehta,18,Male,Chennai,Tamil Nadu,India,2022-08-30
C001312,Vihaan Singh,51,Female,Lucknow,Uttar Pradesh,India,2022-02-17
C001313,Meera Sharma,22,Male,Lucknow,Uttar Pradesh,India,2025-05-02
C001314,Ishita Singh,22,Female,Chennai,Tamil Nadu,India,2025-09-28
C001315,Arjun Iyer,37,Male,Pune,Maharashtra,India,2024-11-02
C001316,Anaya Sharma,50,Male,Chennai,Tamil Nadu,India,2022-10-05
C001317,Arjun Das,40,Male,Delhi,Delhi,India,2025-03-19
C001318,Anaya Iyer,36,Male,Bengaluru,Karnataka,India,2022-08-04
C001319,Meera Reddy,40,Male,Bengaluru,Karnataka,India,2025-04-21
C001320,Ishita Iyer,43,Female,Mumbai,Maharashtra,India,2026-05-28
C001321,Sara Kapoor,62,Female,Bengaluru,Karnataka,India,2023-08-24
C001322,Anaya Nair,40,Female,Mumbai,Maharashtra,India,2024-01-02
C001323,Diya Patel,59,Male,Lucknow,Uttar Pradesh,India,2024-08-21
C001324,Aarav Sharma,63,Male,Delhi,Delhi,India,2026-08-29
C001325,Kabir Reddy,54,Male,Mumbai,Maharashtra,India,2022-02-18
C001326,Diya Singh,29,Female,Bengaluru,Karnataka,India,2023-12-05
C001327,Aarav Nair,59,Male,Kolkata,West Bengal,India,2025-02-27
C001328,Arjun Reddy,56,Female,Kochi,Kerala,India,2022-04-29
C001329,Rohan Singh,60,Male,Bengaluru,Karnataka,India,2024-02-07
C001330,Meera Nair,25,Female,Delhi,Delhi,India,2024-10-27
C001331,Arjun Patel,42,Female,Mumbai,Maharashtra,India,2024-12-29
C001332,Meera Sharma,23,Female,Indore,Madhya Pradesh,India,2024-11-14
C001333,Diya Kapoor,31,Non-binary,Mumbai,Maharashtra,India,2023-04-30
C001334,Anaya Nair,18,Female,Mumbai,Maharashtra,India,2024-01-06
C001335,Ishita Patel,50,Male,Mumbai,Maharashtra,India,2023-12-09
C001336,Rohan Nair,37,Female,Chennai,Tamil Nadu,India,2023-06-09
C001337,Arjun Patel,54,Male,Delhi,Delhi,India,2024-09-30
C001338,Aarav Sharma,23,Male,Ahmedabad,Gujarat,India,2024-03-09
C001339,Meera Mehta,58,Male,Kolkata,West Bengal,India,2023-11-30
C001340,Meera Khan,63,Female,Ahmedabad,Gujarat,India,2022-06-22
C001341,Anaya Kapoor,24,Female,Pune,Maharashtra,India,2025-09-26
C001342,Sara Sharma,63,Male,Chennai,Tamil Nadu,India,2026-07-14
C001343,Kabir Iyer,64,Male,Kochi,Kerala,India,2022-11-12
C001344,Kabir Sharma,53,Male,Ahmedabad,Gujarat,India,2025-11-17
C001345,Rohan Khan,21,Female,Pune,Maharashtra,India,2026-07-09
C001346,Rohan Sharma,39,Female,Mumbai,Maharashtra,India,2026-06-19
C001347,Meera Patel,63,Male,Bengaluru,Karnataka,India,2024-03-24
C001348,Anaya Kapoor,30,Female,Pune,Maharashtra,India,2022-01-21
C001349,Rohan Khan,29,Female,Mumbai,Maharashtra,India,2022-07-16
C001350,Kabir Kapoor,64,Male,Pune,Maharashtra,India,2024-02-23
C001351,Rohan Iyer,26,Female,Delhi,Delhi,India,2025-06-28
C001352,Ishita Reddy,26,Male,Chennai,Tamil Nadu,India,2022-08-14
C001353,Aarav Khan,37,Female,Pune,Maharashtra,India,2022-11-16
C001354,Ishita Kapoor,64,Male,Pune,Maharashtra,India,2023-08-15
C001355,Arjun Kapoor,67,Female,Pune,Maharashtra,India,2024-03-22
C001356,Sara Sharma,63,Male,Ahmedabad,Gujarat,India,2025-05-31
C001357,Anaya Das,26,Male,Pune,Maharashtra,India,2022-03-08
C001358,Kabir Mehta,42,Female,Mumbai,Maharashtra,India,2025-02-09
C001359,Anaya Khan,46,Female,Ahmedabad,Gujarat,India,2025-07-30
C001360,Diya Reddy,67,Male,Chennai,Tamil Nadu,India,2025-01-25
C001361,Vihaan Khan,33,Male,Mumbai,Maharashtra,India,2024-07-25
C001362,Rohan Patel,50,Male,Delhi,Delhi,India,2023-01-03
C001363,Sara Patel,59,Female,Kochi,Kerala,India,2024-02-12
C001364,Anaya Patel,19,Male,Pune,Maharashtra,India,2026-03-14
C001365,Rohan Patel,65,Female,Ahmedabad,Gujarat,India,2025-07-11
C001366,Arjun Nair,30,Male,Bengaluru,Karnataka,India,2023-04-04
C001367,Diya Sharma,37,Male,Kolkata,West Bengal,India,2026-06-14
C001368,Meera Singh,51,Male,Delhi,Delhi,India,2025-08-04
C001369,Ishita Sharma,57,Male,Bengaluru,Karnataka,India,2025-07-02
C001370,Vihaan Iyer,52,Female,Mumbai,Maharashtra,India,2024-12-06
C001371,Vihaan Mehta,63,Male,Chennai,Tamil Nadu,India,2024-01-04
C001372,Anaya Kapoor,46,Male,Kochi,Kerala,India,2022-02-11
C001373,Kabir Khan,65,Male,Delhi,Delhi,India,2026-02-20
C001374,Aarav Kapoor,32,Male,Delhi,Delhi,India,2023-11-07
C001375,Anaya Das,39,Male,Kolkata,West Bengal,India,2026-03-15
C001376,Anaya Mehta,60,Female,Chennai,Tamil Nadu,India,2025-08-14
C001377,Ishita Mehta,56,Male,Kolkata,West Bengal,India,2022-02-18
C001378,Meera Khan,22,Male,Mumbai,Maharashtra,India,2025-06-18
C001379,Anaya Khan,38,Female,Ahmedabad,Gujarat,India,2024-11-22
C001380,Sara Sharma,20,Female,Lucknow,Uttar Pradesh,India,2022-02-26
C001381,Kabir Sharma,51,Female,Chennai,Tamil Nadu,India,2023-02-03
C001382,Meera Iyer,62,Female,Mumbai,Maharashtra,India,2023-11-17
C001383,Kabir Das,66,Male,Hyderabad,Telangana,India,2024-07-22
C001384,Kabir Khan,66,Male,Bengaluru,Karnataka,India,2023-03-31
C001385,Kabir Nair,36,Male,Lucknow,Uttar Pradesh,India,2025-08-06
C001386,Anaya Sharma,45,Male,Hyderabad,Telangana,India,2024-10-08
C001387,Anaya Reddy,24,Female,Bengaluru,Karnataka,India,2022-08-13
C001388,Diya Singh,36,Female,Bengaluru,Karnataka,India,2022-09-08
C001389,Anaya Singh,34,Male,Delhi,Delhi,India,2024-09-06
C001390,Vihaan Iyer,22,Male,Kochi,Kerala,India,2025-10-19
C001391,Aarav Singh,55,Male,Chennai,Tamil Nadu,India,2023-05-24
C001392,Rohan Khan,32,Female,Chennai,Tamil Nadu,India,2026-05-31
C001393,Arjun Nair,60,Female,Chennai,Tamil Nadu,India,2024-11-27
C001394,Arjun Reddy,57,Female,Pune,Maharashtra,India,2024-05-19
C001395,Anaya Mehta,53,Male,Chennai,Tamil Nadu,India,2025-06-20
C001396,Rohan Mehta,50,Female,Pune,Maharashtra,India,2025-09-19
C001397,Vihaan Kapoor,28,Female,Mumbai,Maharashtra,India,2024-02-09
C001398,Diya Iyer,66,Male,Bengaluru,Karnataka,India,2024-02-20
C001399,Sara Iyer,52,Male,Bengaluru,Karnataka,India,2025-04-15
C001400,Rohan Iyer,51,Non-binary,Hyderabad,Telangana,India,2026-01-19
C001401,Diya Sharma,24,Female,Lucknow,Uttar Pradesh,India,2023-11-14
C001402,Rohan Sharma,23,Male,Delhi,Delhi,India,2026-07-22
C001403,Ishita Sharma,18,Male,Kolkata,West Bengal,India,2024-02-28
C001404,Anaya Singh,21,Female,Delhi,Delhi,India,2024-05-11
C001405,Vihaan Khan,27,Male,Ahmedabad,Gujarat,India,2025-01-24
C001406,Diya Mehta,67,Female,Chennai,Tamil Nadu,India,2024-09-18
C001407,Anaya Das,52,Male,Bengaluru,Karnataka,India,2024-11-12
C001408,Aarav Mehta,57,Female,Bengaluru,Karnataka,India,2025-10-04
C001409,Kabir Das,38,Female,Bengaluru,Karnataka,India,2023-03-29
C001410,Anaya Mehta,29,Female,Hyderabad,Telangana,India,2022-08-28
C001411,Vihaan Mehta,58,Male,Ahmedabad,Gujarat,India,2023-09-03
C001412,Kabir Khan,50,Male,Pune,Maharashtra,India,2022-01-15
C001413,Vihaan Das,31,Female,Delhi,Delhi,India,2023-08-21
C001414,Arjun Iyer,20,Male,Kolkata,West Bengal,India,2026-01-20
C001415,Rohan Nair,31,Male,Bengaluru,Karnataka,India,2024-10-26
C001416,Diya Sharma,66,Male,Chennai,Tamil Nadu,India,2026-06-20
C001417,Arjun Khan,56,Male,Indore,Madhya Pradesh,India,2022-11-20
C001418,Kabir Kapoor,23,Female,Bengaluru,Karnataka,India,2024-04-27
C001419,Arjun Kapoor,19,Female,Jaipur,Rajasthan,India,2024-02-02
C001420,Kabir Mehta,30,Male,Mumbai,Maharashtra,India,2024-07-05
C001421,Rohan Kapoor,58,Male,Chennai,Tamil Nadu,India,2023-02-08
C001422,Ishita Reddy,40,Male,Chennai,Tamil Nadu,India,2023-07-08
C001423,Vihaan Kapoor,20,Female,Hyderabad,Telangana,India,2023-05-27
C001424,Kabir Das,54,Female,Mumbai,Maharashtra,India,2025-05-08
C001425,Anaya Kapoor,54,Male,Pune,Maharashtra,India,2022-05-13
C001426,Arjun Reddy,67,Male,Hyderabad,Telangana,India,2026-03-30
C001427,Diya Kapoor,65,Female,Mumbai,Maharashtra,India,2023-04-26
C001428,Kabir Iyer,30,Female,Bengaluru,Karnataka,India,2022-06-20
C001429,Ishita Das,43,Male,Hyderabad,Telangana,India,2024-07-31
C001430,Anaya Reddy,29,Female,Indore,Madhya Pradesh,India,2024-01-12
C001431,Aarav Das,44,Female,Indore,Madhya Pradesh,India,2026-04-10
C001432,Meera Singh,43,Female,Hyderabad,Telangana,India,2023-02-14
C001433,Vihaan Khan,34,Female,Lucknow,Uttar Pradesh,India,2022-03-20
C001434,Anaya Nair,49,Male,Hyderabad,Telangana,India,2024-04-13
C001435,Anaya Mehta,67,Male,Hyderabad,Telangana,India,2025-11-17
C001436,Diya Sharma,53,Female,Delhi,Delhi,India,2022-06-02
C001437,Sara Kapoor,52,Female,Kolkata,West Bengal,India,2022-10-02
C001438,Vihaan Kapoor,65,Male,Pune,Maharashtra,India,2023-08-16
C001439,Arjun Sharma,32,Male,Pune,Maharashtra,India,2023-08-29
C001440,Arjun Sharma,39,Female,Chennai,Tamil Nadu,India,2023-02-05
C001441,Anaya Patel,26,Female,Kolkata,West Bengal,India,2024-04-09
C001442,Ishita Singh,35,Male,Mumbai,Maharashtra,India,2023-07-29
C001443,Anaya Iyer,54,Female,Indore,Madhya Pradesh,India,2023-08-03
C001444,Rohan Mehta,25,Male,Ahmedabad,Gujarat,India,2022-09-26
C001445,Sara Patel,47,Female,Pune,Maharashtra,India,2023-12-18
C001446,Ishita Iyer,29,Male,Kolkata,West Bengal,India,2025-10-08
C001447,Meera Kapoor,36,Female,Mumbai,Maharashtra,India,2023-03-30
C001448,Sara Mehta,24,Male,Ahmedabad,Gujarat,India,2022-12-22
C001449,Ishita Nair,52,Male,Delhi,Delhi,India,2022-06-27
C001450,Sara Singh,24,Male,Pune,Maharashtra,India,2024-08-06
C001451,Ishita Kapoor,45,Female,Delhi,Delhi,India,2022-10-01
C001452,Aarav Sharma,52,Male,Hyderabad,Telangana,India,2023-02-15
C001453,Diya Sharma,47,Female,Hyderabad,Telangana,India,2023-10-21
C001454,Meera Nair,21,Female,Delhi,Delhi,India,2025-12-03
C001455,Vihaan Patel,29,Male,Kolkata,West Bengal,India,2024-03-22
C001456,Anaya Patel,56,Female,Bengaluru,Karnataka,India,2024-05-04
C001457,Sara Mehta,54,Female,Bengaluru,Karnataka,India,2024-04-09
C001458,Ishita Reddy,65,Female,Chennai,Tamil Nadu,India,2024-06-26
C001459,Vihaan Khan,43,Male,Kolkata,West Bengal,India,2025-08-02
C001460,Anaya Singh,34,Non-binary,Indore,Madhya Pradesh,India,2024-03-02
C001461,Vihaan Nair,20,Female,Mumbai,Maharashtra,India,2022-01-29
C001462,Meera Sharma,49,Male,Kochi,Kerala,India,2023-01-25
C001463,Vihaan Das,51,Female,Pune,Maharashtra,India,2022-10-20
C001464,Meera Das,19,Female,Mumbai,Maharashtra,India,2022-05-24
C001465,Anaya Singh,20,Female,Chennai,Tamil Nadu,India,2024-05-20
C001466,Arjun Singh,64,Male,Pune,Maharashtra,India,2022-09-04
C001467,Ishita Patel,49,Male,Chennai,Tamil Nadu,India,2023-11-23
C001468,Kabir Kapoor,30,Male,Bengaluru,Karnataka,India,2026-05-01
C001469,Rohan Kapoor,46,Male,Indore,Madhya Pradesh,India,2022-05-02
C001470,Sara Mehta,42,Male,Kolkata,West Bengal,India,2022-07-13
C001471,Aarav Reddy,22,Male,Bengaluru,Karnataka,India,2022-04-22
C001472,Kabir Nair,48,Female,Chennai,Tamil Nadu,India,2023-09-30
C001473,Ishita Nair,27,Female,Mumbai,Maharashtra,India,2026-03-17
C001474,Kabir Singh,46,Male,Bengaluru,Karnataka,India,2023-04-11
C001475,Rohan Khan,24,Female,Ahmedabad,Gujarat,India,2024-02-28
C001476,Arjun Sharma,22,Female,Bengaluru,Karnataka,India,2023-08-28
C001477,Rohan Das,40,Female,Bengaluru,Karnataka,India,2024-09-03
C001478,Aarav Khan,31,Female,Delhi,Delhi,India,2022-01-10
C001479,Diya Khan,45,Female,Bengaluru,Karnataka,India,2023-02-25
C001480,Anaya Mehta,61,Male,Ahmedabad,Gujarat,India,2022-03-16
C001481,Anaya Mehta,67,Female,Kolkata,West Bengal,India,2023-01-02
C001482,Rohan Nair,60,Male,Mumbai,Maharashtra,India,2025-10-22
C001483,Vihaan Patel,30,Female,Delhi,Delhi,India,2025-08-30
C001484,Vihaan Das,54,Male,Bengaluru,Karnataka,India,2026-02-07
C001485,Ishita Das,64,Female,Bengaluru,Karnataka,India,2025-01-26
C001486,Meera Khan,55,Male,Kochi,Kerala,India,2022-02-11
C001487,Meera Reddy,47,Female,Ahmedabad,Gujarat,India,2026-03-03
C001488,Vihaan Das,62,Male,Delhi,Delhi,India,2023-10-03
C001489,Aarav Mehta,53,Male,Chennai,Tamil Nadu,India,2023-05-29
C001490,Rohan Iyer,18,Male,Pune,Maharashtra,India,2022-05-03
C001491,Ishita Mehta,57,Male,Bengaluru,Karnataka,India,2026-07-08
C001492,Sara Das,61,Non-binary,Hyderabad,Telangana,India,2022-06-01
C001493,Diya Patel,56,Female,Bengaluru,Karnataka,India,2022-07-03
C001494,Aarav Reddy,31,Male,Bengaluru,Karnataka,India,2024-04-04
C001495,Rohan Nair,47,Male,Bengaluru,Karnataka,India,2024-12-22
C001496,Anaya Nair,64,Male,Mumbai,Maharashtra,India,2025-08-09
C001497,Anaya Sharma,46,Female,Delhi,Delhi,India,2023-07-04
C001498,Diya Patel,54,Female,Hyderabad,Telangana,India,2026-03-28
C001499,Aarav Reddy,22,Male,Hyderabad,Telangana,India,2025-10-31
C001500,Ishita Reddy,58,Male,Lucknow,Uttar Pradesh,India,2023-12-21
C001501,Vihaan Sharma,37,Female,Mumbai,Maharashtra,India,2026-07-14
C001502,Rohan Reddy,25,Female,Lucknow,Uttar Pradesh,India,2022-06-06
C001503,Meera Iyer,34,Female,Mumbai,Maharashtra,India,2022-06-23
C001504,Diya Khan,57,Female,Kolkata,West Bengal,India,2023-06-03
C001505,Ishita Sharma,51,Male,Bengaluru,Karnataka,India,2024-05-24
C001506,Ishita Singh,27,Female,Indore,Madhya Pradesh,India,2026-04-24
C001507,Anaya Sharma,33,Female,Pune,Maharashtra,India,2025-10-19
C001508,Sara Nair,20,Female,Mumbai,Maharashtra,India,2022-02-06
C001509,Vihaan Patel,27,Female,Hyderabad,Telangana,India,2025-03-17
C001510,Rohan Patel,35,Male,Kolkata,West Bengal,India,2024-06-18
C001511,Kabir Kapoor,55,Male,Ahmedabad,Gujarat,India,2022-04-07
C001512,Meera Singh,26,Female,Lucknow,Uttar Pradesh,India,2025-06-20
C001513,Anaya Reddy,65,Male,Chennai,Tamil Nadu,India,2025-11-08
C001514,Aarav Reddy,22,Female,Indore,Madhya Pradesh,India,2026-03-26
C001515,Rohan Iyer,40,Non-binary,Mumbai,Maharashtra,India,2022-06-12
C001516,Aarav Iyer,54,Male,Delhi,Delhi,India,2025-10-13
C001517,Kabir Nair,30,Male,Mumbai,Maharashtra,India,2023-05-24
C001518,Meera Iyer,24,Male,Kolkata,West Bengal,India,2024-08-10
C001519,Rohan Reddy,37,Female,Bengaluru,Karnataka,India,2022-07-07
C001520,Kabir Singh,56,Female,Hyderabad,Telangana,India,2023-08-23
C001521,Arjun Iyer,32,Non-binary,Delhi,Delhi,India,2024-01-29
C001522,Meera Singh,31,Female,Jaipur,Rajasthan,India,2025-02-13
C001523,Kabir Iyer,32,Female,Bengaluru,Karnataka,India,2024-07-28
C001524,Anaya Sharma,51,Female,Mumbai,Maharashtra,India,2024-02-18
C001525,Vihaan Patel,45,Female,Pune,Maharashtra,India,2025-08-08
C001526,Kabir Kapoor,31,Female,Hyderabad,Telangana,India,2023-10-01
C001527,Sara Iyer,63,Male,Chennai,Tamil Nadu,India,2024-09-13
C001528,Kabir Reddy,62,Female,Kolkata,West Bengal,India,2025-01-31
C001529,Meera Das,48,Male,Pune,Maharashtra,India,2023-11-29
C001530,Meera Nair,32,Male,Mumbai,Maharashtra,India,2022-05-18
C001531,Anaya Nair,25,Male,Bengaluru,Karnataka,India,2023-11-19
C001532,Vihaan Iyer,25,Female,Mumbai,Maharashtra,India,2025-03-11
C001533,Arjun Singh,45,Male,Chennai,Tamil Nadu,India,2024-01-25
C001534,Aarav Nair,55,Male,Ahmedabad,Gujarat,India,2023-11-09
C001535,Arjun Singh,42,Non-binary,Bengaluru,Karnataka,India,2025-04-25
C001536,Arjun Iyer,43,Male,Mumbai,Maharashtra,India,2022-12-06
C001537,Diya Singh,59,Male,Lucknow,Uttar Pradesh,India,2025-03-31
C001538,Aarav Khan,62,Female,Kochi,Kerala,India,2024-07-18
C001539,Diya Reddy,32,Male,Delhi,Delhi,India,2022-12-11
C001540,Rohan Nair,47,Female,Kolkata,West Bengal,India,2026-03-22
C001541,Arjun Reddy,54,Male,Pune,Maharashtra,India,2025-03-15
C001542,Rohan Nair,36,Male,Ahmedabad,Gujarat,India,2022-10-01
C001543,Arjun Iyer,26,Female,Mumbai,Maharashtra,India,2025-09-23
C001544,Rohan Reddy,18,Female,Chennai,Tamil Nadu,India,2025-10-30
C001545,Anaya Mehta,42,Female,Delhi,Delhi,India,2022-09-21
C001546,Aarav Kapoor,42,Male,Bengaluru,Karnataka,India,2024-01-07
C001547,Diya Patel,57,Male,Chennai,Tamil Nadu,India,2023-04-18
C001548,Ishita Iyer,61,Male,Ahmedabad,Gujarat,India,2025-03-01
C001549,Sara Nair,33,Male,Bengaluru,Karnataka,India,2024-01-06
C001550,Aarav Das,56,Male,Bengaluru,Karnataka,India,2022-05-25
C001551,Rohan Das,27,Male,Pune,Maharashtra,India,2024-11-01
C001552,Vihaan Khan,53,Female,Delhi,Delhi,India,2026-01-17
C001553,Aarav Singh,55,Male,Bengaluru,Karnataka,India,2022-01-23
C001554,Rohan Sharma,45,Male,Bengaluru,Karnataka,India,2022-10-01
C001555,Diya Nair,62,Female,Hyderabad,Telangana,India,2026-08-18
C001556,Meera Mehta,44,Female,Indore,Madhya Pradesh,India,2024-03-16
C001557,Anaya Nair,58,Male,Mumbai,Maharashtra,India,2026-06-19
C001558,Aarav Patel,31,Female,Bengaluru,Karnataka,India,2024-06-13
C001559,Vihaan Iyer,19,Male,Mumbai,Maharashtra,India,2023-01-20
C001560,Sara Nair,36,Female,Mumbai,Maharashtra,India,2023-05-06
C001561,Kabir Sharma,53,Female,Delhi,Delhi,India,2023-12-03
C001562,Anaya Nair,44,Female,Kochi,Kerala,India,2023-04-29
C001563,Aarav Khan,45,Male,Jaipur,Rajasthan,India,2023-04-11
C001564,Rohan Kapoor,53,Male,Mumbai,Maharashtra,India,2023-09-08
C001565,Vihaan Das,39,Female,Kolkata,West Bengal,India,2026-04-30
C001566,Aarav Nair,39,Male,Mumbai,Maharashtra,India,2025-02-23
C001567,Vihaan Sharma,42,Non-binary,Hyderabad,Telangana,India,2026-06-02
C001568,Diya Iyer,45,Female,Delhi,Delhi,India,2022-09-22
C001569,Diya Nair,51,Male,Ahmedabad,Gujarat,India,2026-08-13
C001570,Ishita Patel,47,Female,Bengaluru,Karnataka,India,2025-03-04
C001571,Rohan Das,22,Female,Kolkata,West Bengal,India,2023-08-15
C001572,Vihaan Kapoor,65,Female,Kolkata,West Bengal,India,2023-06-11
C001573,Rohan Sharma,34,Female,Lucknow,Uttar Pradesh,India,2023-09-22
C001574,Rohan Singh,29,Male,Chennai,Tamil Nadu,India,2025-09-29
C001575,Rohan Kapoor,27,Female,Chennai,Tamil Nadu,India,2022-02-24
C001576,Vihaan Patel,44,Female,Delhi,Delhi,India,2022-03-04
C001577,Vihaan Iyer,24,Female,Bengaluru,Karnataka,India,2022-08-11
C001578,Diya Singh,64,Male,Mumbai,Maharashtra,India,2023-11-14
C001579,Meera Nair,40,Male,Ahmedabad,Gujarat,India,2026-08-20
C001580,Anaya Nair,35,Male,Mumbai,Maharashtra,India,2024-09-10
C001581,Ishita Mehta,32,Male,Mumbai,Maharashtra,India,2024-03-22
C001582,Aarav Khan,36,Male,Bengaluru,Karnataka,India,2022-04-29
C001583,Ishita Kapoor,31,Female,Bengaluru,Karnataka,India,2025-08-15
C001584,Anaya Patel,38,Male,Indore,Madhya Pradesh,India,2023-06-03
C001585,Meera Reddy,60,Male,Chennai,Tamil Nadu,India,2024-07-01
C001586,Aarav Reddy,44,Female,Bengaluru,Karnataka,India,2023-01-04
C001587,Ishita Singh,67,Male,Kochi,Kerala,India,2023-08-19
C001588,Sara Kapoor,57,Female,Kochi,Kerala,India,2026-07-19
C001589,Sara Singh,26,Male,Hyderabad,Telangana,India,2024-07-21
C001590,Sara Das,58,Male,Delhi,Delhi,India,2025-10-14
C001591,Aarav Singh,22,Male,Bengaluru,Karnataka,India,2024-05-05
C001592,Sara Khan,24,Female,Lucknow,Uttar Pradesh,India,2022-06-20
C001593,Kabir Khan,62,Male,Chennai,Tamil Nadu,India,2024-02-14
C001594,Kabir Kapoor,62,Female,Delhi,Delhi,India,2025-08-13
C001595,Anaya Singh,38,Female,Bengaluru,Karnataka,India,2023-05-10
C001596,Sara Khan,29,Male,Chennai,Tamil Nadu,India,2023-11-22
C001597,Arjun Iyer,33,Male,Bengaluru,Karnataka,India,2022-10-25
C001598,Kabir Nair,67,Male,Hyderabad,Telangana,India,2025-09-27
C001599,Aarav Reddy,59,Male,Indore,Madhya Pradesh,India,2024-08-27
C001600,Kabir Khan,61,Male,Mumbai,Maharashtra,India,2023-03-04
C001601,Rohan Nair,62,Male,Chennai,Tamil Nadu,India,2025-02-18
C001602,Kabir Khan,58,Female,Jaipur,Rajasthan,India,2023-11-22
C001603,Anaya Iyer,42,Male,Hyderabad,Telangana,India,2023-10-21
C001604,Kabir Patel,47,Female,Bengaluru,Karnataka,India,2025-07-27
C001605,Diya Iyer,35,Male,Delhi,Delhi,India,2025-05-27
C001606,Kabir Nair,61,Male,Bengaluru,Karnataka,India,2022-11-06
C001607,Meera Nair,43,Female,Kolkata,West Bengal,India,2022-02-24
C001608,Ishita Das,27,Female,Kolkata,West Bengal,India,2024-01-24
C001609,Anaya Patel,40,Male,Chennai,Tamil Nadu,India,2025-02-13
C001610,Sara Mehta,63,Female,Chennai,Tamil Nadu,India,2023-08-14
C001611,Meera Patel,44,Female,Ahmedabad,Gujarat,India,2026-01-14
C001612,Diya Patel,65,Male,Mumbai,Maharashtra,India,2022-02-25
C001613,Kabir Iyer,41,Male,Hyderabad,Telangana,India,2023-07-25
C001614,Ishita Patel,37,Male,Indore,Madhya Pradesh,India,2022-02-10
C001615,Kabir Sharma,62,Male,Delhi,Delhi,India,2025-06-24
C001616,Vihaan Reddy,52,Male,Kolkata,West Bengal,India,2025-12-12
C001617,Aarav Mehta,51,Female,Bengaluru,Karnataka,India,2024-05-28
C001618,Aarav Nair,24,Female,Delhi,Delhi,India,2025-01-27
C001619,Aarav Mehta,29,Male,Delhi,Delhi,India,2025-03-12
C001620,Vihaan Mehta,57,Female,Ahmedabad,Gujarat,India,2024-12-30
C001621,Rohan Singh,54,Female,Chennai,Tamil Nadu,India,2024-09-13
C001622,Diya Das,30,Female,Kolkata,West Bengal,India,2025-12-17
C001623,Diya Singh,66,Female,Delhi,Delhi,India,2023-03-14
C001624,Anaya Kapoor,66,Male,Delhi,Delhi,India,2025-07-30
C001625,Meera Nair,30,Female,Pune,Maharashtra,India,2024-09-21
C001626,Diya Reddy,33,Male,Indore,Madhya Pradesh,India,2023-10-08
C001627,Vihaan Iyer,33,Female,Delhi,Delhi,India,2023-02-26
C001628,Meera Iyer,49,Male,Ahmedabad,Gujarat,India,2022-04-22
C001629,Ishita Iyer,41,Male,Delhi,Delhi,India,2022-07-22
C001630,Ishita Patel,44,Male,Hyderabad,Telangana,India,2025-06-15
C001631,Diya Reddy,28,Male,Jaipur,Rajasthan,India,2022-03-04
C001632,Aarav Sharma,47,Female,Pune,Maharashtra,India,2025-09-13
C001633,Sara Mehta,24,Female,Hyderabad,Telangana,India,2022-07-26
C001634,Kabir Patel,53,Female,Pune,Maharashtra,India,2022-04-24
C001635,Anaya Patel,60,Female,Indore,Madhya Pradesh,India,2024-09-04
C001636,Rohan Patel,37,Male,Lucknow,Uttar Pradesh,India,2022-12-08
C001637,Diya Das,28,Male,Bengaluru,Karnataka,India,2023-01-20
C001638,Meera Khan,59,Male,Delhi,Delhi,India,2025-02-08
C001639,Ishita Das,32,Male,Hyderabad,Telangana,India,2023-04-04
C001640,Kabir Das,25,Male,Jaipur,Rajasthan,India,2023-08-30
C001641,Rohan Iyer,65,Female,Chennai,Tamil Nadu,India,2023-06-07
C001642,Ishita Mehta,30,Male,Ahmedabad,Gujarat,India,2026-03-20
C001643,Diya Reddy,41,Female,Ahmedabad,Gujarat,India,2024-10-03
C001644,Aarav Khan,49,Male,Mumbai,Maharashtra,India,2022-01-17
C001645,Diya Reddy,64,Non-binary,Bengaluru,Karnataka,India,2024-04-05
C001646,Anaya Das,37,Male,Pune,Maharashtra,India,2023-07-06
C001647,Anaya Mehta,19,Male,Mumbai,Maharashtra,India,2025-08-06
C001648,Sara Kapoor,45,Male,Mumbai,Maharashtra,India,2022-09-27
C001649,Diya Iyer,66,Male,Kochi,Kerala,India,2022-09-03
C001650,Anaya Kapoor,26,Male,Ahmedabad,Gujarat,India,2023-11-10
C001651,Arjun Nair,51,Male,Lucknow,Uttar Pradesh,India,2026-06-04
C001652,Aarav Kapoor,53,Female,Pune,Maharashtra,India,2022-11-21
C001653,Diya Sharma,64,Male,Delhi,Delhi,India,2022-11-10
C001654,Diya Mehta,66,Male,Delhi,Delhi,India,2022-04-03
C001655,Ishita Reddy,21,Male,Bengaluru,Karnataka,India,2024-06-16
C001656,Vihaan Das,18,Male,Ahmedabad,Gujarat,India,2022-10-20
C001657,Vihaan Das,59,Male,Hyderabad,Telangana,India,2022-07-11
C001658,Sara Singh,31,Male,Hyderabad,Telangana,India,2022-07-05
C001659,Aarav Das,66,Female,Jaipur,Rajasthan,India,2023-10-28
C001660,Diya Nair,37,Male,Delhi,Delhi,India,2025-03-08
C001661,Meera Patel,21,Female,Jaipur,Rajasthan,India,2022-11-27
C001662,Rohan Das,32,Female,Indore,Madhya Pradesh,India,2024-03-13
C001663,Vihaan Patel,45,Male,Bengaluru,Karnataka,India,2023-10-15
C001664,Ishita Iyer,55,Male,Chennai,Tamil Nadu,India,2023-03-06
C001665,Aarav Singh,36,Female,Ahmedabad,Gujarat,India,2025-07-22
C001666,Arjun Nair,57,Female,Pune,Maharashtra,India,2024-12-10
C001667,Diya Das,43,Male,Delhi,Delhi,India,2025-02-24
C001668,Ishita Nair,32,Female,Mumbai,Maharashtra,India,2025-11-15
C001669,Kabir Kapoor,42,Female,Kochi,Kerala,India,2025-05-11
C001670,Kabir Mehta,57,Female,Bengaluru,Karnataka,India,2022-03-25
C001671,Vihaan Singh,67,Male,Bengaluru,Karnataka,India,2023-05-25
C001672,Sara Kapoor,59,Male,Mumbai,Maharashtra,India,2026-05-13
C001673,Sara Iyer,22,Female,Jaipur,Rajasthan,India,2025-05-01
C001674,Meera Khan,51,Female,Delhi,Delhi,India,2022-03-03
C001675,Vihaan Khan,59,Male,Pune,Maharashtra,India,2022-01-03
C001676,Vihaan Nair,64,Female,Bengaluru,Karnataka,India,2022-01-21
C001677,Ishita Patel,36,Female,Bengaluru,Karnataka,India,2022-12-29
C001678,Aarav Nair,29,Male,Hyderabad,Telangana,India,2023-04-25
C001679,Ishita Iyer,25,Female,Bengaluru,Karnataka,India,2023-03-27
C001680,Sara Kapoor,27,Female,Delhi,Delhi,India,2022-04-18
C001681,Aarav Mehta,27,Female,Mumbai,Maharashtra,India,2026-08-08
C001682,Diya Sharma,54,Female,Mumbai,Maharashtra,India,2022-02-18
C001683,Sara Khan,48,Female,Hyderabad,Telangana,India,2023-07-23
C001684,Diya Nair,18,Female,Kolkata,West Bengal,India,2022-02-03
C001685,Aarav Khan,36,Female,Mumbai,Maharashtra,India,2023-09-19
C001686,Sara Iyer,56,Female,Hyderabad,Telangana,India,2025-12-13
C001687,Arjun Khan,49,Male,Kolkata,West Bengal,India,2024-03-12
C001688,Anaya Das,65,Female,Mumbai,Maharashtra,India,2023-08-13
C001689,Rohan Reddy,21,Male,Ahmedabad,Gujarat,India,2026-03-14
C001690,Aarav Nair,20,Male,Pune,Maharashtra,India,2025-03-05
C001691,Vihaan Kapoor,48,Male,Ahmedabad,Gujarat,India,2023-04-19
C001692,Vihaan Singh,39,Male,Hyderabad,Telangana,India,2023-12-25
C001693,Anaya Das,28,Female,Chennai,Tamil Nadu,India,2024-12-30
C001694,Kabir Patel,54,Female,Mumbai,Maharashtra,India,2023-04-16
C001695,Aarav Reddy,63,Female,Jaipur,Rajasthan,India,2024-09-28
C001696,Ishita Kapoor,42,Male,Bengaluru,Karnataka,India,2024-03-21
C001697,Rohan Iyer,51,Male,Delhi,Delhi,India,2023-04-14
C001698,Diya Patel,48,Female,Jaipur,Rajasthan,India,2026-06-06
C001699,Vihaan Reddy,43,Female,Delhi,Delhi,India,2026-03-14
C001700,Anaya Kapoor,23,Male,Jaipur,Rajasthan,India,2023-03-19
C001701,Diya Sharma,61,Female,Pune,Maharashtra,India,2025-12-26
C001702,Meera Nair,23,Male,Lucknow,Uttar Pradesh,India,2023-03-12
C001703,Ishita Das,42,Non-binary,Delhi,Delhi,India,2022-04-20
C001704,Sara Das,36,Female,Jaipur,Rajasthan,India,2023-08-19
C001705,Aarav Mehta,63,Male,Mumbai,Maharashtra,India,2025-11-07
C001706,Ishita Kapoor,33,Female,Bengaluru,Karnataka,India,2024-09-02
C001707,Anaya Kapoor,57,Female,Kolkata,West Bengal,India,2025-02-22
C001708,Anaya Patel,36,Male,Delhi,Delhi,India,2025-02-22
C001709,Sara Singh,18,Female,Mumbai,Maharashtra,India,2022-06-09
C001710,Ishita Iyer,25,Female,Delhi,Delhi,India,2025-10-05
C001711,Arjun Iyer,60,Male,Hyderabad,Telangana,India,2025-02-07
C001712,Rohan Khan,18,Female,Mumbai,Maharashtra,India,2024-09-01
C001713,Ishita Khan,41,Female,Pune,Maharashtra,India,2023-11-29
C001714,Diya Nair,33,Female,Hyderabad,Telangana,India,2025-08-11
C001715,Meera Iyer,46,Male,Hyderabad,Telangana,India,2024-12-19
C001716,Ishita Mehta,56,Non-binary,Kolkata,West Bengal,India,2025-03-09
C001717,Sara Singh,59,Female,Delhi,Delhi,India,2024-10-15
C001718,Anaya Khan,56,Male,Hyderabad,Telangana,India,2026-05-17
C001719,Anaya Sharma,18,Male,Kolkata,West Bengal,India,2023-06-12
C001720,Sara Singh,64,Female,Chennai,Tamil Nadu,India,2024-11-29
C001721,Aarav Iyer,53,Male,Kolkata,West Bengal,India,2023-05-22
C001722,Kabir Sharma,42,Female,Mumbai,Maharashtra,India,2024-08-18
C001723,Vihaan Khan,39,Female,Chennai,Tamil Nadu,India,2025-09-11
C001724,Sara Khan,28,Female,Pune,Maharashtra,India,2024-01-12
C001725,Arjun Das,49,Male,Bengaluru,Karnataka,India,2026-01-09
C001726,Anaya Patel,66,Female,Bengaluru,Karnataka,India,2022-07-14
C001727,Arjun Reddy,61,Male,Mumbai,Maharashtra,India,2025-02-01
C001728,Aarav Das,56,Male,Mumbai,Maharashtra,India,2022-05-30
C001729,Aarav Nair,57,Male,Mumbai,Maharashtra,India,2023-12-18
C001730,Arjun Iyer,34,Female,Delhi,Delhi,India,2022-02-18
C001731,Diya Kapoor,56,Female,Kolkata,West Bengal,India,2025-05-19
C001732,Vihaan Nair,23,Male,Delhi,Delhi,India,2024-08-04
C001733,Rohan Sharma,43,Male,Hyderabad,Telangana,India,2024-07-09
C001734,Vihaan Kapoor,39,Female,Jaipur,Rajasthan,India,2022-06-22
C001735,Meera Kapoor,29,Male,Pune,Maharashtra,India,2022-07-05
C001736,Sara Das,56,Male,Delhi,Delhi,India,2024-07-06
C001737,Aarav Nair,39,Female,Hyderabad,Telangana,India,2022-07-22
C001738,Vihaan Patel,23,Male,Mumbai,Maharashtra,India,2024-10-11
C001739,Kabir Reddy,24,Male,Chennai,Tamil Nadu,India,2023-01-11
C001740,Vihaan Patel,32,Male,Mumbai,Maharashtra,India,2026-05-18
C001741,Arjun Khan,64,Female,Kochi,Kerala,India,2022-02-22
C001742,Sara Singh,58,Female,Kochi,Kerala,India,2022-03-12
C001743,Meera Nair,62,Female,Delhi,Delhi,India,2022-02-11
C001744,Rohan Iyer,40,Female,Bengaluru,Karnataka,India,2023-06-13
C001745,Vihaan Patel,23,Male,Chennai,Tamil Nadu,India,2022-06-12
C001746,Meera Kapoor,55,Male,Hyderabad,Telangana,India,2022-01-30
C001747,Vihaan Khan,58,Male,Kochi,Kerala,India,2024-07-29
C001748,Rohan Sharma,53,Male,Jaipur,Rajasthan,India,2024-03-05
C001749,Arjun Khan,30,Female,Jaipur,Rajasthan,India,2024-01-08
C001750,Arjun Patel,53,Female,Bengaluru,Karnataka,India,2025-05-07
C001751,Meera Singh,25,Male,Hyderabad,Telangana,India,2022-09-18
C001752,Kabir Das,27,Female,Pune,Maharashtra,India,2026-06-02
C001753,Diya Reddy,57,Male,Ahmedabad,Gujarat,India,2022-06-07
C001754,Meera Das,39,Male,Bengaluru,Karnataka,India,2023-09-21
C001755,Diya Singh,26,Male,Kolkata,West Bengal,India,2022-10-20
C001756,Aarav Patel,58,Male,Delhi,Delhi,India,2023-06-08
C001757,Anaya Iyer,62,Male,Jaipur,Rajasthan,India,2023-09-04
C001758,Aarav Kapoor,20,Male,Hyderabad,Telangana,India,2023-08-26
C001759,Meera Mehta,51,Male,Bengaluru,Karnataka,India,2022-01-02
C001760,Kabir Patel,39,Male,Bengaluru,Karnataka,India,2022-10-17
C001761,Rohan Sharma,41,Male,Mumbai,Maharashtra,India,2025-06-12
C001762,Rohan Singh,24,Female,Chennai,Tamil Nadu,India,2022-08-16
C001763,Vihaan Das,41,Female,Delhi,Delhi,India,2022-10-23
C001764,Sara Singh,53,Female,Hyderabad,Telangana,India,2022-11-09
C001765,Kabir Kapoor,40,Male,Kolkata,West Bengal,India,2023-06-06
C001766,Anaya Mehta,34,Male,Delhi,Delhi,India,2022-06-22
C001767,Ishita Patel,47,Female,Mumbai,Maharashtra,India,2023-04-06
C001768,Aarav Mehta,52,Female,Hyderabad,Telangana,India,2022-02-08
C001769,Anaya Reddy,61,Male,Bengaluru,Karnataka,India,2025-03-04
C001770,Anaya Mehta,46,Male,Pune,Maharashtra,India,2025-03-04
C001771,Kabir Kapoor,25,Male,Chennai,Tamil Nadu,India,2025-01-06
C001772,Vihaan Iyer,43,Male,Jaipur,Rajasthan,India,2022-11-11
C001773,Sara Khan,44,Male,Kolkata,West Bengal,India,2026-04-18
C001774,Ishita Khan,23,Male,Ahmedabad,Gujarat,India,2022-11-23
C001775,Sara Das,19,Male,Hyderabad,Telangana,India,2024-03-19
C001776,Meera Reddy,28,Male,Ahmedabad,Gujarat,India,2025-04-19
C001777,Rohan Reddy,50,Female,Kochi,Kerala,India,2026-02-07
C001778,Arjun Iyer,56,Female,Bengaluru,Karnataka,India,2026-04-03
C001779,Anaya Reddy,59,Male,Chennai,Tamil Nadu,India,2023-11-17
C001780,Aarav Khan,39,Male,Mumbai,Maharashtra,India,2022-05-27
C001781,Anaya Sharma,54,Female,Chennai,Tamil Nadu,India,2022-08-20
C001782,Meera Das,58,Female,Kolkata,West Bengal,India,2026-08-13
C001783,Ishita Singh,63,Male,Ahmedabad,Gujarat,India,2023-05-23
C001784,Rohan Mehta,49,Female,Indore,Madhya Pradesh,India,2025-03-22
C001785,Meera Iyer,50,Female,Lucknow,Uttar Pradesh,India,2025-12-21
C001786,Rohan Mehta,61,Female,Mumbai,Maharashtra,India,2024-06-22
C001787,Ishita Kapoor,35,Male,Bengaluru,Karnataka,India,2024-01-07
C001788,Ishita Patel,31,Female,Hyderabad,Telangana,India,2024-11-07
C001789,Ishita Nair,38,Female,Mumbai,Maharashtra,India,2023-07-19
C001790,Anaya Singh,44,Female,Jaipur,Rajasthan,India,2025-09-29
C001791,Anaya Nair,28,Female,Indore,Madhya Pradesh,India,2023-01-08
C001792,Sara Iyer,48,Female,Delhi,Delhi,India,2025-09-08
C001793,Kabir Sharma,31,Female,Pune,Maharashtra,India,2024-01-04
C001794,Arjun Nair,67,Female,Kochi,Kerala,India,2023-07-11
C001795,Anaya Singh,63,Male,Bengaluru,Karnataka,India,2022-06-24
C001796,Sara Kapoor,40,Male,Delhi,Delhi,India,2022-11-24
C001797,Arjun Das,22,Female,Mumbai,Maharashtra,India,2025-05-14
C001798,Ishita Singh,37,Male,Lucknow,Uttar Pradesh,India,2022-03-09
C001799,Vihaan Mehta,21,Female,Mumbai,Maharashtra,India,2026-08-21
C001800,Arjun Singh,43,Male,Chennai,Tamil Nadu,India,2026-02-05
C001801,Vihaan Mehta,33,Male,Pune,Maharashtra,India,2024-08-01
C001802,Vihaan Mehta,19,Female,Delhi,Delhi,India,2026-08-29
C001803,Diya Mehta,24,Male,Kolkata,West Bengal,India,2022-02-13
C001804,Sara Singh,26,Male,Ahmedabad,Gujarat,India,2026-06-06
C001805,Diya Iyer,45,Male,Delhi,Delhi,India,2025-11-26
C001806,Anaya Sharma,37,Female,Delhi,Delhi,India,2024-10-24
C001807,Vihaan Mehta,63,Female,Delhi,Delhi,India,2025-03-20
C001808,Sara Khan,49,Male,Bengaluru,Karnataka,India,2024-08-25
C001809,Aarav Mehta,38,Female,Hyderabad,Telangana,India,2022-01-22
C001810,Sara Iyer,61,Female,Kolkata,West Bengal,India,2024-09-24
C001811,Kabir Nair,45,Male,Mumbai,Maharashtra,India,2024-10-06
C001812,Vihaan Kapoor,51,Female,Chennai,Tamil Nadu,India,2024-02-18
C001813,Meera Patel,63,Female,Pune,Maharashtra,India,2025-10-03
C001814,Kabir Khan,26,Male,Pune,Maharashtra,India,2024-10-22
C001815,Kabir Sharma,24,Male,Mumbai,Maharashtra,India,2023-04-01
C001816,Kabir Das,47,Female,Mumbai,Maharashtra,India,2024-05-09
C001817,Diya Mehta,22,Male,Bengaluru,Karnataka,India,2022-02-28
C001818,Vihaan Sharma,67,Female,Bengaluru,Karnataka,India,2022-05-07
C001819,Arjun Das,64,Female,Pune,Maharashtra,India,2024-12-02
C001820,Anaya Mehta,50,Female,Indore,Madhya Pradesh,India,2023-09-15
C001821,Kabir Kapoor,23,Female,Lucknow,Uttar Pradesh,India,2024-11-20
C001822,Anaya Patel,43,Non-binary,Chennai,Tamil Nadu,India,2022-04-15
C001823,Ishita Mehta,36,Female,Pune,Maharashtra,India,2024-04-29
C001824,Diya Khan,49,Male,Delhi,Delhi,India,2026-02-02
C001825,Arjun Reddy,65,Male,Hyderabad,Telangana,India,2025-07-26
C001826,Vihaan Kapoor,61,Female,Mumbai,Maharashtra,India,2022-06-28
C001827,Rohan Nair,31,Male,Delhi,Delhi,India,2022-11-24
C001828,Sara Iyer,40,Female,Pune,Maharashtra,India,2025-01-28
C001829,Kabir Reddy,64,Female,Mumbai,Maharashtra,India,2024-09-18
C001830,Kabir Patel,34,Female,Bengaluru,Karnataka,India,2025-03-29
C001831,Anaya Mehta,52,Female,Jaipur,Rajasthan,India,2023-05-20
C001832,Sara Reddy,25,Male,Delhi,Delhi,India,2022-05-16
C001833,Meera Kapoor,31,Male,Ahmedabad,Gujarat,India,2026-03-14
C001834,Kabir Nair,59,Female,Chennai,Tamil Nadu,India,2025-06-12
C001835,Meera Nair,27,Female,Hyderabad,Telangana,India,2025-01-21
C001836,Arjun Mehta,47,Male,Bengaluru,Karnataka,India,2022-11-14
C001837,Diya Mehta,64,Female,Delhi,Delhi,India,2022-05-01
C001838,Vihaan Iyer,26,Female,Ahmedabad,Gujarat,India,2024-06-01
C001839,Diya Sharma,41,Female,Delhi,Delhi,India,2024-02-07
C001840,Rohan Khan,22,Male,Mumbai,Maharashtra,India,2025-11-27
C001841,Diya Khan,32,Male,Chennai,Tamil Nadu,India,2022-03-09
C001842,Ishita Reddy,65,Female,Indore,Madhya Pradesh,India,2025-12-13
C001843,Aarav Singh,34,Female,Kolkata,West Bengal,India,2022-08-16
C001844,Kabir Das,55,Male,Bengaluru,Karnataka,India,2025-12-25
C001845,Vihaan Mehta,46,Male,Jaipur,Rajasthan,India,2023-04-16
C001846,Vihaan Kapoor,49,Male,Jaipur,Rajasthan,India,2022-01-22
C001847,Rohan Mehta,59,Female,Bengaluru,Karnataka,India,2024-03-28
C001848,Ishita Nair,38,Female,Delhi,Delhi,India,2023-02-16
C001849,Arjun Sharma,19,Female,Pune,Maharashtra,India,2023-08-26
C001850,Sara Khan,24,Female,Kolkata,West Bengal,India,2024-09-15
C001851,Diya Reddy,55,Female,Pune,Maharashtra,India,2022-12-19
C001852,Vihaan Patel,35,Male,Delhi,Delhi,India,2024-02-03
C001853,Ishita Nair,54,Female,Hyderabad,Telangana,India,2025-07-03
C001854,Sara Mehta,19,Female,Chennai,Tamil Nadu,India,2026-06-16
C001855,Aarav Patel,65,Male,Indore,Madhya Pradesh,India,2023-03-06
C001856,Rohan Nair,22,Non-binary,Mumbai,Maharashtra,India,2025-09-27
C001857,Arjun Das,18,Female,Chennai,Tamil Nadu,India,2023-09-29
C001858,Aarav Sharma,55,Male,Chennai,Tamil Nadu,India,2025-02-04
C001859,Rohan Khan,66,Male,Bengaluru,Karnataka,India,2026-02-03
C001860,Anaya Nair,34,Female,Hyderabad,Telangana,India,2024-04-26
C001861,Anaya Das,51,Female,Chennai,Tamil Nadu,India,2026-06-27
C001862,Anaya Patel,19,Female,Kochi,Kerala,India,2023-11-22
C001863,Ishita Kapoor,48,Male,Bengaluru,Karnataka,India,2024-02-08
C001864,Rohan Kapoor,24,Male,Delhi,Delhi,India,2023-09-12
C001865,Diya Khan,18,Female,Delhi,Delhi,India,2025-03-07
C001866,Diya Singh,31,Female,Mumbai,Maharashtra,India,2024-08-14
C001867,Arjun Nair,28,Female,Ahmedabad,Gujarat,India,2022-06-14
C001868,Sara Patel,59,Female,Delhi,Delhi,India,2023-08-12
C001869,Rohan Nair,45,Female,Hyderabad,Telangana,India,2022-01-27
C001870,Vihaan Kapoor,40,Male,Chennai,Tamil Nadu,India,2026-08-12
C001871,Kabir Reddy,57,Male,Delhi,Delhi,India,2026-04-06
C001872,Aarav Nair,39,Female,Hyderabad,Telangana,India,2026-06-30
C001873,Kabir Khan,20,Female,Bengaluru,Karnataka,India,2025-06-10
C001874,Arjun Nair,38,Male,Pune,Maharashtra,India,2024-05-07
C001875,Arjun Sharma,33,Non-binary,Pune,Maharashtra,India,2022-11-05
C001876,Diya Patel,32,Male,Ahmedabad,Gujarat,India,2022-02-28
C001877,Sara Khan,37,Female,Hyderabad,Telangana,India,2023-03-23
C001878,Vihaan Mehta,45,Male,Bengaluru,Karnataka,India,2024-03-09
C001879,Meera Singh,38,Female,Mumbai,Maharashtra,India,2022-11-02
C001880,Arjun Patel,54,Female,Mumbai,Maharashtra,India,2024-01-08
C001881,Rohan Mehta,19,Male,Delhi,Delhi,India,2023-02-05
C001882,Sara Singh,19,Female,Chennai,Tamil Nadu,India,2022-12-12
C001883,Rohan Mehta,34,Female,Mumbai,Maharashtra,India,2025-11-01
C001884,Meera Singh,28,Female,Chennai,Tamil Nadu,India,2026-05-20
C001885,Arjun Nair,35,Female,Mumbai,Maharashtra,India,2026-08-26
C001886,Meera Patel,21,Male,Hyderabad,Telangana,India,2023-04-07
C001887,Meera Das,27,Male,Delhi,Delhi,India,2024-10-11
C001888,Sara Das,35,Male,Mumbai,Maharashtra,India,2026-05-26
C001889,Arjun Khan,19,Non-binary,Jaipur,Rajasthan,India,2023-10-30
C001890,Ishita Mehta,48,Female,Delhi,Delhi,India,2025-06-06
C001891,Arjun Reddy,45,Female,Kochi,Kerala,India,2022-04-25
C001892,Anaya Singh,37,Male,Mumbai,Maharashtra,India,2022-08-13
C001893,Kabir Mehta,29,Male,Kolkata,West Bengal,India,2024-04-12
C001894,Diya Khan,53,Male,Indore,Madhya Pradesh,India,2023-12-18
C001895,Meera Kapoor,49,Male,Bengaluru,Karnataka,India,2026-04-20
C001896,Meera Iyer,37,Male,Hyderabad,Telangana,India,2023-11-10
C001897,Sara Khan,61,Non-binary,Hyderabad,Telangana,India,2023-10-31
C001898,Ishita Reddy,49,Female,Pune,Maharashtra,India,2024-01-12
C001899,Arjun Singh,63,Male,Kolkata,West Bengal,India,2025-09-28
C001900,Anaya Nair,59,Female,Ahmedabad,Gujarat,India,2026-06-12
C001901,Sara Nair,20,Female,Jaipur,Rajasthan,India,2025-10-26
C001902,Diya Iyer,47,Male,Chennai,Tamil Nadu,India,2024-02-14
C001903,Arjun Khan,62,Male,Mumbai,Maharashtra,India,2023-11-24
C001904,Anaya Patel,20,Male,Mumbai,Maharashtra,India,2026-04-16
C001905,Diya Reddy,52,Male,Delhi,Delhi,India,2025-10-02
C001906,Kabir Sharma,21,Male,Chennai,Tamil Nadu,India,2022-05-03
C001907,Meera Das,19,Female,Pune,Maharashtra,India,2022-05-10
C001908,Kabir Das,27,Female,Chennai,Tamil Nadu,India,2025-05-24
C001909,Arjun Kapoor,63,Female,Hyderabad,Telangana,India,2026-02-03
C001910,Diya Nair,26,Male,Hyderabad,Telangana,India,2023-04-02
C001911,Sara Mehta,23,Male,Hyderabad,Telangana,India,2023-04-01
C001912,Aarav Reddy,51,Male,Jaipur,Rajasthan,India,2025-12-30
C001913,Rohan Khan,49,Male,Indore,Madhya Pradesh,India,2022-05-21
C001914,Vihaan Khan,18,Female,Mumbai,Maharashtra,India,2022-07-09
C001915,Anaya Iyer,25,Male,Jaipur,Rajasthan,India,2025-01-14
C001916,Kabir Reddy,40,Male,Indore,Madhya Pradesh,India,2024-11-28
C001917,Aarav Das,43,Female,Delhi,Delhi,India,2024-06-09
C001918,Ishita Kapoor,33,Female,Mumbai,Maharashtra,India,2025-12-26
C001919,Kabir Nair,47,Female,Pune,Maharashtra,India,2022-04-24
C001920,Ishita Nair,37,Male,Delhi,Delhi,India,2022-05-08
C001921,Diya Kapoor,59,Female,Chennai,Tamil Nadu,India,2022-05-21
C001922,Vihaan Iyer,44,Female,Hyderabad,Telangana,India,2023-10-09
C001923,Arjun Reddy,26,Female,Pune,Maharashtra,India,2024-08-02
C001924,Arjun Kapoor,49,Female,Mumbai,Maharashtra,India,2025-10-04
C001925,Rohan Das,46,Male,Mumbai,Maharashtra,India,2025-01-26
C001926,Vihaan Iyer,30,Male,Chennai,Tamil Nadu,India,2025-08-21
C001927,Arjun Das,28,Male,Bengaluru,Karnataka,India,2025-04-20
C001928,Vihaan Iyer,62,Non-binary,Delhi,Delhi,India,2024-06-21
C001929,Vihaan Mehta,37,Male,Bengaluru,Karnataka,India,2024-09-20
C001930,Meera Kapoor,46,Male,Pune,Maharashtra,India,2022-12-17
C001931,Diya Kapoor,57,Male,Chennai,Tamil Nadu,India,2023-06-28
C001932,Ishita Kapoor,32,Male,Delhi,Delhi,India,2025-09-30
C001933,Arjun Singh,40,Male,Hyderabad,Telangana,India,2024-06-12
C001934,Aarav Patel,36,Male,Delhi,Delhi,India,2024-05-20
C001935,Kabir Mehta,28,Female,Kolkata,West Bengal,India,2023-11-07
C001936,Sara Das,59,Male,Lucknow,Uttar Pradesh,India,2023-12-29
C001937,Ishita Khan,56,Male,Bengaluru,Karnataka,India,2026-03-28
C001938,Vihaan Patel,64,Male,Kolkata,West Bengal,India,2024-12-23
C001939,Diya Singh,20,Female,Delhi,Delhi,India,2023-04-20
C001940,Aarav Khan,47,Female,Pune,Maharashtra,India,2025-03-20
C001941,Ishita Sharma,66,Male,Mumbai,Maharashtra,India,2024-06-20
C001942,Sara Patel,63,Female,Chennai,Tamil Nadu,India,2025-01-26
C001943,Diya Kapoor,62,Male,Jaipur,Rajasthan,India,2024-03-16
C001944,Kabir Iyer,54,Male,Delhi,Delhi,India,2023-01-28
C001945,Rohan Iyer,21,Male,Bengaluru,Karnataka,India,2024-05-06
C001946,Meera Reddy,33,Female,Bengaluru,Karnataka,India,2026-06-20
C001947,Rohan Singh,52,Female,Pune,Maharashtra,India,2025-11-26
C001948,Anaya Kapoor,42,Male,Jaipur,Rajasthan,India,2024-06-17
C001949,Arjun Iyer,22,Female,Hyderabad,Telangana,India,2025-07-09
C001950,Sara Singh,32,Male,Kolkata,West Bengal,India,2023-01-18
C001951,Aarav Iyer,35,Female,Hyderabad,Telangana,India,2022-07-28
C001952,Kabir Kapoor,48,Female,Hyderabad,Telangana,India,2025-05-22
C001953,Arjun Reddy,67,Male,Chennai,Tamil Nadu,India,2025-01-11
C001954,Sara Khan,49,Female,Kochi,Kerala,India,2023-02-23
C001955,Aarav Kapoor,39,Female,Ahmedabad,Gujarat,India,2024-04-30
C001956,Rohan Singh,64,Male,Chennai,Tamil Nadu,India,2025-11-27
C001957,Sara Singh,63,Female,Ahmedabad,Gujarat,India,2024-11-27
C001958,Aarav Reddy,62,Male,Bengaluru,Karnataka,India,2022-04-12
C001959,Diya Das,45,Male,Lucknow,Uttar Pradesh,India,2026-05-12
C001960,Sara Kapoor,30,Male,Pune,Maharashtra,India,2025-04-14
C001961,Sara Singh,31,Female,Hyderabad,Telangana,India,2026-06-09
C001962,Rohan Kapoor,27,Female,Lucknow,Uttar Pradesh,India,2022-10-13
C001963,Rohan Kapoor,26,Non-binary,Mumbai,Maharashtra,India,2023-06-16
C001964,Ishita Patel,54,Female,Pune,Maharashtra,India,2023-08-19
C001965,Ishita Nair,28,Male,Bengaluru,Karnataka,India,2022-08-22
C001966,Vihaan Kapoor,52,Female,Lucknow,Uttar Pradesh,India,2024-03-03
C001967,Sara Patel,40,Male,Delhi,Delhi,India,2023-09-14
C001968,Anaya Patel,19,Female,Bengaluru,Karnataka,India,2022-01-25
C001969,Arjun Patel,33,Female,Mumbai,Maharashtra,India,2025-09-06
C001970,Kabir Reddy,21,Male,Indore,Madhya Pradesh,India,2025-07-21
C001971,Vihaan Sharma,19,Male,Kolkata,West Bengal,India,2023-02-07
C001972,Vihaan Patel,61,Male,Hyderabad,Telangana,India,2026-05-18
C001973,Aarav Khan,64,Male,Chennai,Tamil Nadu,India,2023-11-29
C001974,Kabir Nair,43,Male,Chennai,Tamil Nadu,India,2024-01-08
C001975,Sara Khan,21,Male,Ahmedabad,Gujarat,India,2026-02-06
C001976,Vihaan Kapoor,63,Male,Bengaluru,Karnataka,India,2025-03-09
C001977,Ishita Patel,43,Female,Lucknow,Uttar Pradesh,India,2026-01-26
C001978,Vihaan Singh,47,Female,Pune,Maharashtra,India,2024-11-24
C001979,Diya Mehta,26,Male,Pune,Maharashtra,India,2025-01-11
C001980,Kabir Patel,28,Female,Jaipur,Rajasthan,India,2026-07-28
C001981,Sara Iyer,23,Male,Delhi,Delhi,India,2026-01-16
C001982,Meera Singh,44,Female,Delhi,Delhi,India,2023-12-23
C001983,Kabir Reddy,28,Male,Mumbai,Maharashtra,India,2024-09-17
C001984,Aarav Khan,41,Male,Ahmedabad,Gujarat,India,2024-10-19
C001985,Ishita Mehta,37,Male,Ahmedabad,Gujarat,India,2025-03-23
C001986,Aarav Patel,22,Female,Chennai,Tamil Nadu,India,2025-02-21
C001987,Anaya Patel,49,Female,Ahmedabad,Gujarat,India,2025-04-17
C001988,Arjun Iyer,22,Male,Jaipur,Rajasthan,India,2023-06-30
C001989,Sara Khan,37,Male,Mumbai,Maharashtra,India,2025-12-01
C001990,Aarav Iyer,45,Male,Hyderabad,Telangana,India,2024-09-27
C001991,Ishita Nair,41,Male,Ahmedabad,Gujarat,India,2024-11-13
C001992,Diya Sharma,31,Female,Jaipur,Rajasthan,India,2023-04-28
C001993,Vihaan Singh,52,Female,Chennai,Tamil Nadu,India,2024-03-17
C001994,Arjun Patel,29,Female,Delhi,Delhi,India,2025-10-26
C001995,Aarav Kapoor,50,Male,Kolkata,West Bengal,India,2022-10-11
C001996,Meera Sharma,40,Male,Kolkata,West Bengal,India,2023-10-15
C001997,Kabir Reddy,42,Male,Pune,Maharashtra,India,2022-06-12
C001998,Sara Nair,29,Male,Delhi,Delhi,India,2026-06-07
C001999,Ishita Sharma,44,Female,Bengaluru,Karnataka,India,2024-03-05
C002000,Aarav Iyer,46,Female,Jaipur,Rajasthan,India,2022-01-17
C002001,Arjun Reddy,46,Male,Delhi,Delhi,India,2023-09-26
C002002,Ishita Das,43,Female,Bengaluru,Karnataka,India,2024-10-21
C002003,Aarav Mehta,22,Male,Chennai,Tamil Nadu,India,2025-07-15
C002004,Sara Khan,23,Female,Chennai,Tamil Nadu,India,2024-09-09
C002005,Anaya Nair,30,Non-binary,Delhi,Delhi,India,2024-11-07
C002006,Sara Sharma,50,Female,Mumbai,Maharashtra,India,2025-08-29
C002007,Arjun Nair,26,Female,Jaipur,Rajasthan,India,2022-04-18
C002008,Arjun Patel,26,Female,Mumbai,Maharashtra,India,2022-10-18
C002009,Sara Mehta,20,Male,Kochi,Kerala,India,2025-01-04
C002010,Arjun Iyer,66,Non-binary,Delhi,Delhi,India,2025-06-29
C002011,Arjun Iyer,48,Female,Delhi,Delhi,India,2023-01-28
C002012,Meera Reddy,45,Female,Delhi,Delhi,India,2022-01-27
C002013,Aarav Mehta,62,Male,Mumbai,Maharashtra,India,2025-09-02
C002014,Rohan Das,27,Female,Kolkata,West Bengal,India,2024-11-11
C002015,Sara Singh,56,Male,Chennai,Tamil Nadu,India,2023-05-17
C002016,Rohan Mehta,22,Female,Pune,Maharashtra,India,2025-07-29
C002017,Aarav Sharma,66,Female,Mumbai,Maharashtra,India,2024-04-20
C002018,Arjun Sharma,24,Female,Chennai,Tamil Nadu,India,2022-05-25
C002019,Rohan Patel,40,Female,Lucknow,Uttar Pradesh,India,2025-10-05
C002020,Vihaan Das,25,Male,Delhi,Delhi,India,2023-06-02
C002021,Diya Khan,27,Male,Ahmedabad,Gujarat,India,2023-06-01
C002022,Anaya Reddy,54,Female,Hyderabad,Telangana,India,2026-05-13
C002023,Rohan Reddy,46,Female,Mumbai,Maharashtra,India,2026-01-04
C002024,Arjun Iyer,33,Female,Mumbai,Maharashtra,India,2025-10-23
C002025,Kabir Reddy,56,Male,Kolkata,West Bengal,India,2023-08-25
C002026,Rohan Das,41,Female,Ahmedabad,Gujarat,India,2025-06-26
C002027,Anaya Singh,54,Male,Bengaluru,Karnataka,India,2024-03-07
C002028,Vihaan Singh,36,Male,Hyderabad,Telangana,India,2026-08-02
C002029,Anaya Kapoor,52,Male,Bengaluru,Karnataka,India,2025-08-26
C002030,Arjun Reddy,20,Female,Pune,Maharashtra,India,2023-03-25
C002031,Meera Iyer,27,Female,Chennai,Tamil Nadu,India,2026-06-02
C002032,Ishita Sharma,48,Female,Delhi,Delhi,India,2023-10-27
C002033,Arjun Khan,46,Male,Pune,Maharashtra,India,2023-10-09
C002034,Ishita Reddy,50,Female,Delhi,Delhi,India,2022-05-07
C002035,Sara Das,63,Male,Hyderabad,Telangana,India,2026-01-11
C002036,Kabir Sharma,42,Female,Mumbai,Maharashtra,India,2022-01-18
C002037,Arjun Patel,38,Male,Kochi,Kerala,India,2023-11-12
C002038,Ishita Mehta,62,Female,Bengaluru,Karnataka,India,2025-08-07
C002039,Aarav Iyer,21,Female,Bengaluru,Karnataka,India,2025-05-26
C002040,Arjun Iyer,51,Female,Bengaluru,Karnataka,India,2023-08-18
C002041,Sara Mehta,35,Male,Pune,Maharashtra,India,2025-02-21
C002042,Meera Singh,51,Male,Bengaluru,Karnataka,India,2025-11-20
C002043,Arjun Khan,39,Male,Delhi,Delhi,India,2025-05-14
C002044,Kabir Nair,35,Male,Delhi,Delhi,India,2024-05-27
C002045,Kabir Reddy,41,Female,Chennai,Tamil Nadu,India,2024-10-12
C002046,Aarav Sharma,30,Female,Chennai,Tamil Nadu,India,2024-09-10
C002047,Vihaan Das,45,Female,Bengaluru,Karnataka,India,2023-01-26
C002048,Arjun Iyer,20,Male,Jaipur,Rajasthan,India,2026-06-14
C002049,Rohan Nair,29,Female,Bengaluru,Karnataka,India,2025-11-03
C002050,Meera Singh,38,Female,Ahmedabad,Gujarat,India,2026-02-20
C002051,Arjun Khan,55,Female,Hyderabad,Telangana,India,2024-07-09
C002052,Diya Singh,63,Male,Bengaluru,Karnataka,India,2025-01-03
C002053,Aarav Sharma,43,Male,Ahmedabad,Gujarat,India,2025-06-14
C002054,Meera Khan,44,Male,Hyderabad,Telangana,India,2026-04-17
C002055,Arjun Kapoor,41,Female,Lucknow,Uttar Pradesh,India,2024-11-04
C002056,Meera Patel,21,Male,Kolkata,West Bengal,India,2026-01-01
C002057,Vihaan Nair,57,Female,Jaipur,Rajasthan,India,2025-10-06
C002058,Aarav Das,58,Female,Chennai,Tamil Nadu,India,2025-02-14
C002059,Ishita Mehta,27,Female,Chennai,Tamil Nadu,India,2022-05-06
C002060,Aarav Sharma,32,Male,Bengaluru,Karnataka,India,2025-05-30
C002061,Arjun Das,36,Female,Ahmedabad,Gujarat,India,2022-09-14
C002062,Vihaan Nair,67,Male,Jaipur,Rajasthan,India,2022-07-19
C002063,Ishita Reddy,36,Female,Delhi,Delhi,India,2023-12-09
C002064,Sara Patel,45,Male,Mumbai,Maharashtra,India,2023-05-19
C002065,Kabir Nair,20,Female,Mumbai,Maharashtra,India,2026-01-30
C002066,Ishita Nair,51,Female,Pune,Maharashtra,India,2026-01-23
C002067,Diya Khan,50,Female,Delhi,Delhi,India,2026-04-05
C002068,Aarav Sharma,22,Female,Mumbai,Maharashtra,India,2025-10-23
C002069,Kabir Nair,22,Female,Delhi,Delhi,India,2023-12-24
C002070,Rohan Kapoor,41,Male,Chennai,Tamil Nadu,India,2022-05-28
C002071,Aarav Reddy,32,Non-binary,Mumbai,Maharashtra,India,2024-02-12
C002072,Meera Patel,35,Male,Bengaluru,Karnataka,India,2023-10-16
C002073,Aarav Singh,22,Male,Jaipur,Rajasthan,India,2023-05-13
C002074,Kabir Mehta,33,Female,Pune,Maharashtra,India,2023-04-09
C002075,Arjun Reddy,18,Male,Mumbai,Maharashtra,India,2025-08-24
C002076,Meera Mehta,58,Male,Chennai,Tamil Nadu,India,2024-01-26
C002077,Arjun Sharma,40,Male,Mumbai,Maharashtra,India,2026-02-06
C002078,Sara Iyer,62,Male,Chennai,Tamil Nadu,India,2024-01-14
C002079,Aarav Iyer,40,Female,Chennai,Tamil Nadu,India,2022-01-15
C002080,Anaya Nair,22,Male,Mumbai,Maharashtra,India,2023-07-22
C002081,Diya Kapoor,19,Male,Chennai,Tamil Nadu,India,2023-08-31
C002082,Kabir Iyer,60,Male,Kolkata,West Bengal,India,2022-09-01
C002083,Meera Nair,63,Male,Bengaluru,Karnataka,India,2023-02-04
C002084,Rohan Khan,44,Female,Indore,Madhya Pradesh,India,2023-02-26
C002085,Vihaan Patel,57,Non-binary,Pune,Maharashtra,India,2025-08-16
C002086,Anaya Sharma,48,Male,Ahmedabad,Gujarat,India,2022-03-27
C002087,Arjun Reddy,41,Male,Chennai,Tamil Nadu,India,2022-07-15
C002088,Ishita Das,51,Male,Mumbai,Maharashtra,India,2024-05-07
C002089,Rohan Iyer,58,Female,Ahmedabad,Gujarat,India,2024-11-25
C002090,Anaya Nair,55,Female,Hyderabad,Telangana,India,2025-03-08
C002091,Anaya Nair,51,Male,Delhi,Delhi,India,2026-08-01
C002092,Aarav Singh,40,Male,Lucknow,Uttar Pradesh,India,2023-03-25
C002093,Diya Singh,38,Female,Chennai,Tamil Nadu,India,2025-01-20
C002094,Sara Khan,19,Female,Bengaluru,Karnataka,India,2023-01-02
C002095,Vihaan Das,23,Male,Ahmedabad,Gujarat,India,2025-04-02
C002096,Aarav Singh,31,Female,Hyderabad,Telangana,India,2025-03-21
C002097,Rohan Kapoor,28,Male,Chennai,Tamil Nadu,India,2024-04-07
C002098,Rohan Singh,21,Non-binary,Lucknow,Uttar Pradesh,India,2024-08-02
C002099,Rohan Patel,60,Female,Lucknow,Uttar Pradesh,India,2024-10-24
C002100,Diya Singh,20,Female,Mumbai,Maharashtra,India,2022-04-01
C002101,Aarav Patel,60,Male,Hyderabad,Telangana,India,2023-10-25
C002102,Kabir Mehta,45,Female,Delhi,Delhi,India,2023-04-23
C002103,Vihaan Mehta,29,Female,Bengaluru,Karnataka,India,2026-01-04
C002104,Vihaan Patel,54,Male,Mumbai,Maharashtra,India,2022-07-11
C002105,Aarav Das,46,Female,Mumbai,Maharashtra,India,2023-03-28
C002106,Arjun Patel,20,Male,Ahmedabad,Gujarat,India,2023-09-05
C002107,Ishita Nair,43,Female,Kolkata,West Bengal,India,2023-01-12
C002108,Ishita Reddy,47,Female,Pune,Maharashtra,India,2024-10-25
C002109,Ishita Nair,64,Female,Chennai,Tamil Nadu,India,2022-04-09
C002110,Anaya Mehta,54,Female,Bengaluru,Karnataka,India,2024-08-28
C002111,Ishita Patel,24,Female,Jaipur,Rajasthan,India,2022-11-10
C002112,Meera Singh,32,Male,Bengaluru,Karnataka,India,2024-07-25
C002113,Vihaan Reddy,44,Male,Delhi,Delhi,India,2022-05-28
C002114,Kabir Iyer,67,Male,Mumbai,Maharashtra,India,2022-02-26
C002115,Aarav Khan,55,Male,Pune,Maharashtra,India,2022-05-20
C002116,Kabir Khan,20,Male,Mumbai,Maharashtra,India,2022-10-02
C002117,Diya Sharma,21,Female,Bengaluru,Karnataka,India,2023-05-31
C002118,Rohan Mehta,48,Female,Delhi,Delhi,India,2023-08-25
C002119,Ishita Das,40,Non-binary,Bengaluru,Karnataka,India,2022-03-11
C002120,Ishita Singh,38,Female,Pune,Maharashtra,India,2023-12-14
C002121,Arjun Sharma,58,Non-binary,Bengaluru,Karnataka,India,2024-12-02
C002122,Aarav Reddy,54,Female,Chennai,Tamil Nadu,India,2024-02-01
C002123,Meera Kapoor,64,Male,Delhi,Delhi,India,2022-04-20
C002124,Sara Singh,48,Male,Delhi,Delhi,India,2025-06-18
C002125,Sara Khan,54,Female,Chennai,Tamil Nadu,India,2026-02-09
C002126,Rohan Patel,67,Male,Ahmedabad,Gujarat,India,2026-06-03
C002127,Meera Singh,46,Female,Delhi,Delhi,India,2022-08-19
C002128,Kabir Patel,64,Male,Chennai,Tamil Nadu,India,2025-07-28
C002129,Vihaan Patel,32,Female,Kochi,Kerala,India,2022-08-15
C002130,Meera Iyer,18,Female,Chennai,Tamil Nadu,India,2025-04-14
C002131,Rohan Khan,58,Male,Ahmedabad,Gujarat,India,2023-07-10
C002132,Anaya Kapoor,52,Male,Indore,Madhya Pradesh,India,2022-09-26
C002133,Anaya Singh,28,Male,Bengaluru,Karnataka,India,2026-08-05
C002134,Meera Iyer,44,Male,Indore,Madhya Pradesh,India,2023-12-05
C002135,Kabir Kapoor,41,Female,Pune,Maharashtra,India,2026-03-12
C002136,Ishita Das,49,Non-binary,Hyderabad,Telangana,India,2024-07-27
C002137,Rohan Kapoor,47,Female,Bengaluru,Karnataka,India,2026-03-07
C002138,Kabir Nair,41,Male,Bengaluru,Karnataka,India,2023-12-04
C002139,Sara Patel,34,Female,Mumbai,Maharashtra,India,2023-07-15
C002140,Rohan Reddy,65,Female,Indore,Madhya Pradesh,India,2023-08-27
C002141,Vihaan Iyer,42,Female,Mumbai,Maharashtra,India,2025-10-08
C002142,Kabir Nair,64,Male,Mumbai,Maharashtra,India,2023-08-07
C002143,Ishita Sharma,24,Male,Ahmedabad,Gujarat,India,2023-12-22
C002144,Meera Nair,52,Female,Ahmedabad,Gujarat,India,2026-08-30
C002145,Vihaan Das,30,Male,Bengaluru,Karnataka,India,2023-01-08
C002146,Diya Kapoor,25,Male,Hyderabad,Telangana,India,2022-08-17
C002147,Anaya Iyer,50,Female,Ahmedabad,Gujarat,India,2023-09-18
C002148,Rohan Khan,56,Female,Lucknow,Uttar Pradesh,India,2025-01-09
C002149,Vihaan Das,48,Female,Mumbai,Maharashtra,India,2022-04-05
C002150,Kabir Nair,31,Male,Kolkata,West Bengal,India,2022-12-11
C002151,Meera Mehta,56,Female,Bengaluru,Karnataka,India,2024-08-21
C002152,Vihaan Nair,48,Female,Lucknow,Uttar Pradesh,India,2024-06-12
C002153,Vihaan Nair,33,Male,Bengaluru,Karnataka,India,2022-01-01
C002154,Meera Sharma,58,Male,Mumbai,Maharashtra,India,2022-09-05
C002155,Vihaan Das,57,Male,Kochi,Kerala,India,2024-06-01
C002156,Arjun Iyer,45,Male,Kochi,Kerala,India,2026-04-27
C002157,Aarav Sharma,40,Male,Mumbai,Maharashtra,India,2022-10-12
C002158,Vihaan Nair,34,Male,Pune,Maharashtra,India,2025-11-20
C002159,Sara Das,31,Female,Mumbai,Maharashtra,India,2025-04-15
C002160,Kabir Nair,38,Male,Bengaluru,Karnataka,India,2024-08-08
C002161,Arjun Kapoor,33,Female,Mumbai,Maharashtra,India,2025-05-16
C002162,Diya Nair,20,Male,Jaipur,Rajasthan,India,2025-03-16
C002163,Arjun Iyer,46,Female,Delhi,Delhi,India,2022-12-07
C002164,Sara Reddy,32,Female,Chennai,Tamil Nadu,India,2022-08-16
C002165,Arjun Sharma,54,Female,Hyderabad,Telangana,India,2022-01-04
C002166,Kabir Das,21,Female,Kochi,Kerala,India,2023-06-19
C002167,Meera Mehta,36,Male,Ahmedabad,Gujarat,India,2024-10-09
C002168,Kabir Mehta,31,Male,Kolkata,West Bengal,India,2024-08-14
C002169,Meera Singh,38,Female,Mumbai,Maharashtra,India,2022-07-11
C002170,Aarav Iyer,67,Female,Bengaluru,Karnataka,India,2026-02-27
C002171,Rohan Reddy,34,Female,Chennai,Tamil Nadu,India,2022-05-08
C002172,Diya Das,22,Male,Bengaluru,Karnataka,India,2022-06-18
C002173,Meera Khan,67,Male,Mumbai,Maharashtra,India,2023-01-30
C002174,Sara Singh,67,Female,Pune,Maharashtra,India,2023-07-10
C002175,Vihaan Khan,19,Female,Chennai,Tamil Nadu,India,2026-02-27
C002176,Arjun Singh,47,Female,Mumbai,Maharashtra,India,2022-05-07
C002177,Anaya Kapoor,45,Female,Bengaluru,Karnataka,India,2025-11-07
C002178,Ishita Iyer,53,Female,Bengaluru,Karnataka,India,2025-07-22
C002179,Kabir Sharma,39,Female,Mumbai,Maharashtra,India,2024-10-30
C002180,Ishita Khan,28,Male,Ahmedabad,Gujarat,India,2025-09-03
C002181,Kabir Reddy,55,Male,Chennai,Tamil Nadu,India,2026-07-03
C002182,Aarav Iyer,33,Male,Lucknow,Uttar Pradesh,India,2024-03-06
C002183,Rohan Reddy,49,Male,Kolkata,West Bengal,India,2022-03-28
C002184,Kabir Singh,34,Male,Ahmedabad,Gujarat,India,2025-08-19
C002185,Meera Patel,19,Male,Kolkata,West Bengal,India,2026-02-24
C002186,Vihaan Khan,44,Male,Delhi,Delhi,India,2025-10-14
C002187,Diya Reddy,51,Female,Chennai,Tamil Nadu,India,2023-12-26
C002188,Ishita Patel,44,Male,Kolkata,West Bengal,India,2023-09-29
C002189,Rohan Nair,45,Female,Chennai,Tamil Nadu,India,2023-08-12
C002190,Ishita Reddy,47,Female,Mumbai,Maharashtra,India,2022-08-17
C002191,Arjun Singh,53,Male,Kolkata,West Bengal,India,2022-02-16
C002192,Aarav Patel,62,Male,Indore,Madhya Pradesh,India,2022-11-27
C002193,Ishita Kapoor,40,Male,Bengaluru,Karnataka,India,2022-01-29
C002194,Kabir Kapoor,21,Male,Chennai,Tamil Nadu,India,2026-07-10
C002195,Kabir Singh,43,Female,Pune,Maharashtra,India,2022-03-28
C002196,Arjun Iyer,58,Non-binary,Delhi,Delhi,India,2024-05-20
C002197,Vihaan Nair,54,Male,Ahmedabad,Gujarat,India,2023-12-28
C002198,Kabir Iyer,58,Male,Delhi,Delhi,India,2025-05-25
C002199,Ishita Singh,56,Male,Bengaluru,Karnataka,India,2023-01-27
C002200,Ishita Mehta,64,Female,Mumbai,Maharashtra,India,2023-05-22
C002201,Arjun Singh,51,Male,Hyderabad,Telangana,India,2024-12-10
C002202,Kabir Kapoor,23,Female,Bengaluru,Karnataka,India,2026-05-09
C002203,Anaya Khan,25,Male,Chennai,Tamil Nadu,India,2023-09-14
C002204,Anaya Reddy,20,Female,Delhi,Delhi,India,2024-04-21
C002205,Meera Iyer,58,Male,Bengaluru,Karnataka,India,2024-10-31
C002206,Anaya Kapoor,20,Female,Mumbai,Maharashtra,India,2024-10-07
C002207,Aarav Kapoor,38,Male,Jaipur,Rajasthan,India,2023-07-24
C002208,Sara Iyer,28,Female,Bengaluru,Karnataka,India,2024-02-12
C002209,Anaya Nair,33,Male,Mumbai,Maharashtra,India,2023-03-11
C002210,Arjun Khan,52,Female,Hyderabad,Telangana,India,2025-06-07
C002211,Vihaan Reddy,42,Male,Kolkata,West Bengal,India,2022-05-11
C002212,Kabir Singh,32,Female,Bengaluru,Karnataka,India,2023-08-16
C002213,Diya Nair,48,Female,Ahmedabad,Gujarat,India,2024-12-13
C002214,Meera Kapoor,30,Female,Mumbai,Maharashtra,India,2026-04-05
C002215,Kabir Reddy,49,Male,Kochi,Kerala,India,2024-11-15
C002216,Ishita Mehta,63,Male,Mumbai,Maharashtra,India,2022-04-15
C002217,Meera Singh,31,Female,Bengaluru,Karnataka,India,2024-12-28
C002218,Rohan Mehta,26,Female,Kolkata,West Bengal,India,2024-04-27
C002219,Rohan Kapoor,24,Female,Hyderabad,Telangana,India,2022-03-25
C002220,Arjun Das,47,Female,Bengaluru,Karnataka,India,2025-12-26
C002221,Kabir Mehta,43,Male,Jaipur,Rajasthan,India,2025-05-17
C002222,Ishita Reddy,24,Female,Mumbai,Maharashtra,India,2022-03-03
C002223,Diya Patel,33,Male,Kolkata,West Bengal,India,2025-08-14
C002224,Aarav Singh,44,Female,Pune,Maharashtra,India,2024-05-27
C002225,Aarav Kapoor,32,Non-binary,Mumbai,Maharashtra,India,2023-05-31
C002226,Sara Nair,61,Female,Pune,Maharashtra,India,2024-09-14
C002227,Diya Reddy,22,Male,Chennai,Tamil Nadu,India,2022-08-02
C002228,Vihaan Kapoor,45,Female,Mumbai,Maharashtra,India,2025-12-06
C002229,Kabir Singh,48,Male,Hyderabad,Telangana,India,2023-06-27
C002230,Meera Das,54,Female,Chennai,Tamil Nadu,India,2026-07-31
C002231,Anaya Kapoor,32,Female,Hyderabad,Telangana,India,2024-10-20
C002232,Anaya Khan,34,Female,Delhi,Delhi,India,2024-03-22
C002233,Arjun Nair,47,Female,Pune,Maharashtra,India,2022-09-19
C002234,Aarav Singh,52,Male,Bengaluru,Karnataka,India,2022-02-05
C002235,Rohan Das,63,Male,Indore,Madhya Pradesh,India,2025-12-02
C002236,Arjun Das,45,Female,Delhi,Delhi,India,2025-03-17
C002237,Rohan Das,21,Female,Hyderabad,Telangana,India,2023-03-05
C002238,Meera Sharma,50,Male,Mumbai,Maharashtra,India,2024-03-02
C002239,Aarav Patel,49,Female,Mumbai,Maharashtra,India,2025-07-10
C002240,Ishita Nair,36,Female,Bengaluru,Karnataka,India,2024-11-01
C002241,Sara Sharma,59,Male,Hyderabad,Telangana,India,2023-05-25
C002242,Vihaan Das,34,Female,Delhi,Delhi,India,2024-03-08
C002243,Vihaan Sharma,57,Female,Lucknow,Uttar Pradesh,India,2025-09-03
C002244,Vihaan Mehta,49,Male,Lucknow,Uttar Pradesh,India,2022-02-09
C002245,Vihaan Das,40,Male,Mumbai,Maharashtra,India,2023-07-07
C002246,Vihaan Das,40,Male,Ahmedabad,Gujarat,India,2022-10-06
C002247,Kabir Iyer,47,Male,Mumbai,Maharashtra,India,2023-09-02
C002248,Sara Kapoor,48,Female,Delhi,Delhi,India,2025-07-12
C002249,Arjun Reddy,20,Female,Kolkata,West Bengal,India,2025-04-18
C002250,Arjun Kapoor,28,Female,Bengaluru,Karnataka,India,2026-08-24
C002251,Arjun Iyer,45,Male,Kolkata,West Bengal,India,2022-12-16
C002252,Meera Iyer,33,Male,Hyderabad,Telangana,India,2026-08-25
C002253,Vihaan Khan,20,Male,Jaipur,Rajasthan,India,2022-01-28
C002254,Sara Singh,31,Female,Mumbai,Maharashtra,India,2026-02-07
C002255,Arjun Sharma,28,Female,Lucknow,Uttar Pradesh,India,2024-06-21
C002256,Ishita Mehta,22,Female,Ahmedabad,Gujarat,India,2025-07-05
C002257,Meera Das,20,Male,Chennai,Tamil Nadu,India,2025-08-02
C002258,Meera Khan,54,Female,Kolkata,West Bengal,India,2026-08-07
C002259,Anaya Mehta,27,Male,Chennai,Tamil Nadu,India,2023-03-07
C002260,Anaya Mehta,22,Male,Mumbai,Maharashtra,India,2026-02-16
C002261,Aarav Patel,32,Female,Pune,Maharashtra,India,2022-05-06
C002262,Ishita Khan,27,Male,Bengaluru,Karnataka,India,2025-02-19
C002263,Diya Kapoor,44,Male,Pune,Maharashtra,India,2025-02-25
C002264,Diya Iyer,48,Female,Delhi,Delhi,India,2023-08-10
C002265,Anaya Patel,18,Male,Mumbai,Maharashtra,India,2024-08-28
C002266,Vihaan Patel,59,Male,Hyderabad,Telangana,India,2022-05-25
C002267,Ishita Singh,63,Male,Bengaluru,Karnataka,India,2025-05-22
C002268,Meera Mehta,28,Male,Kolkata,West Bengal,India,2024-03-02
C002269,Kabir Sharma,53,Male,Pune,Maharashtra,India,2025-03-20
C002270,Aarav Singh,53,Female,Mumbai,Maharashtra,India,2025-05-07
C002271,Ishita Singh,40,Female,Mumbai,Maharashtra,India,2024-09-06
C002272,Sara Kapoor,54,Male,Jaipur,Rajasthan,India,2022-04-10
C002273,Ishita Iyer,39,Female,Chennai,Tamil Nadu,India,2025-12-25
C002274,Aarav Singh,45,Female,Jaipur,Rajasthan,India,2022-08-03
C002275,Anaya Sharma,24,Female,Pune,Maharashtra,India,2024-05-14
C002276,Arjun Reddy,38,Male,Delhi,Delhi,India,2025-10-13
C002277,Meera Das,24,Female,Kolkata,West Bengal,India,2022-11-12
C002278,Kabir Patel,66,Male,Delhi,Delhi,India,2026-01-25
C002279,Arjun Kapoor,51,Female,Delhi,Delhi,India,2023-12-28
C002280,Aarav Reddy,48,Male,Bengaluru,Karnataka,India,2024-08-08
C002281,Kabir Patel,22,Female,Bengaluru,Karnataka,India,2025-10-19
C002282,Anaya Reddy,37,Male,Mumbai,Maharashtra,India,2024-12-08
C002283,Arjun Khan,61,Female,Kochi,Kerala,India,2024-12-19
C002284,Meera Singh,27,Female,Hyderabad,Telangana,India,2025-05-05
C002285,Rohan Khan,47,Male,Jaipur,Rajasthan,India,2025-04-24
C002286,Anaya Kapoor,38,Female,Hyderabad,Telangana,India,2022-09-06
C002287,Aarav Nair,46,Female,Mumbai,Maharashtra,India,2023-03-07
C002288,Ishita Das,61,Female,Indore,Madhya Pradesh,India,2026-06-21
C002289,Meera Reddy,28,Female,Kolkata,West Bengal,India,2026-07-11
C002290,Meera Kapoor,24,Female,Jaipur,Rajasthan,India,2025-11-25
C002291,Aarav Patel,30,Male,Chennai,Tamil Nadu,India,2023-05-18
C002292,Diya Khan,49,Female,Mumbai,Maharashtra,India,2024-01-01
C002293,Aarav Khan,62,Female,Kochi,Kerala,India,2025-12-28
C002294,Arjun Singh,49,Male,Mumbai,Maharashtra,India,2022-04-07
C002295,Anaya Khan,58,Non-binary,Mumbai,Maharashtra,India,2024-03-09
C002296,Anaya Iyer,66,Male,Delhi,Delhi,India,2026-05-23
C002297,Sara Singh,48,Male,Delhi,Delhi,India,2024-12-08
C002298,Meera Sharma,50,Female,Bengaluru,Karnataka,India,2026-04-18
C002299,Anaya Iyer,61,Female,Hyderabad,Telangana,India,2024-05-23
C002300,Vihaan Reddy,28,Female,Ahmedabad,Gujarat,India,2022-02-12
C002301,Rohan Singh,62,Female,Indore,Madhya Pradesh,India,2023-08-25
C002302,Rohan Patel,33,Male,Ahmedabad,Gujarat,India,2022-08-27
C002303,Kabir Singh,48,Male,Lucknow,Uttar Pradesh,India,2023-05-28
C002304,Kabir Mehta,38,Female,Kochi,Kerala,India,2023-02-25
C002305,Kabir Nair,45,Male,Chennai,Tamil Nadu,India,2025-03-24
C002306,Diya Singh,54,Male,Delhi,Delhi,India,2022-12-11
C002307,Anaya Nair,20,Male,Pune,Maharashtra,India,2025-10-30
C002308,Sara Sharma,60,Female,Mumbai,Maharashtra,India,2024-08-14
C002309,Sara Singh,25,Female,Chennai,Tamil Nadu,India,2024-03-26
C002310,Sara Patel,39,Female,Lucknow,Uttar Pradesh,India,2024-07-26
C002311,Sara Nair,37,Female,Chennai,Tamil Nadu,India,2022-09-10
C002312,Sara Patel,56,Male,Hyderabad,Telangana,India,2023-02-18
C002313,Vihaan Singh,51,Male,Jaipur,Rajasthan,India,2022-01-08
C002314,Diya Kapoor,46,Non-binary,Chennai,Tamil Nadu,India,2025-03-30
C002315,Arjun Patel,50,Female,Bengaluru,Karnataka,India,2023-07-14
C002316,Aarav Sharma,29,Male,Ahmedabad,Gujarat,India,2026-05-18
C002317,Ishita Nair,55,Male,Kolkata,West Bengal,India,2023-06-05
C002318,Sara Patel,60,Male,Lucknow,Uttar Pradesh,India,2025-03-01
C002319,Aarav Iyer,65,Female,Ahmedabad,Gujarat,India,2024-03-13
C002320,Kabir Iyer,42,Female,Delhi,Delhi,India,2026-03-08
C002321,Diya Sharma,57,Female,Kochi,Kerala,India,2025-01-12
C002322,Meera Das,25,Male,Bengaluru,Karnataka,India,2025-01-09
C002323,Aarav Das,38,Female,Mumbai,Maharashtra,India,2025-05-16
C002324,Ishita Singh,32,Female,Kolkata,West Bengal,India,2024-06-04
C002325,Meera Khan,27,Male,Bengaluru,Karnataka,India,2024-05-18
C002326,Kabir Das,41,Female,Bengaluru,Karnataka,India,2022-06-10
C002327,Ishita Mehta,27,Female,Ahmedabad,Gujarat,India,2022-03-29
C002328,Ishita Mehta,59,Female,Hyderabad,Telangana,India,2022-08-26
C002329,Kabir Das,53,Female,Delhi,Delhi,India,2025-03-16
C002330,Sara Khan,33,Male,Pune,Maharashtra,India,2024-02-08
C002331,Meera Mehta,42,Female,Chennai,Tamil Nadu,India,2024-10-03
C002332,Sara Kapoor,65,Male,Hyderabad,Telangana,India,2022-08-13
C002333,Anaya Patel,51,Female,Mumbai,Maharashtra,India,2025-05-04
C002334,Meera Sharma,41,Male,Delhi,Delhi,India,2023-04-15
C002335,Arjun Das,22,Male,Ahmedabad,Gujarat,India,2024-02-03
C002336,Arjun Sharma,28,Male,Lucknow,Uttar Pradesh,India,2024-02-04
C002337,Aarav Patel,31,Male,Chennai,Tamil Nadu,India,2024-11-04
C002338,Diya Khan,57,Female,Ahmedabad,Gujarat,India,2024-07-21
C002339,Vihaan Sharma,18,Female,Bengaluru,Karnataka,India,2025-10-09
C002340,Sara Reddy,52,Male,Pune,Maharashtra,India,2023-06-07
C002341,Vihaan Das,35,Female,Bengaluru,Karnataka,India,2022-10-07
C002342,Kabir Khan,62,Female,Delhi,Delhi,India,2025-07-02
C002343,Rohan Mehta,33,Male,Kolkata,West Bengal,India,2023-07-25
C002344,Diya Kapoor,52,Female,Bengaluru,Karnataka,India,2023-03-07
C002345,Aarav Kapoor,21,Male,Chennai,Tamil Nadu,India,2026-07-11
C002346,Kabir Patel,33,Female,Kolkata,West Bengal,India,2023-09-01
C002347,Arjun Nair,35,Male,Bengaluru,Karnataka,India,2024-12-24
C002348,Kabir Das,53,Female,Mumbai,Maharashtra,India,2026-02-19
C002349,Meera Singh,56,Male,Ahmedabad,Gujarat,India,2025-08-08
C002350,Anaya Kapoor,60,Male,Jaipur,Rajasthan,India,2026-05-18
C002351,Anaya Kapoor,29,Male,Delhi,Delhi,India,2024-12-13
C002352,Vihaan Das,49,Male,Bengaluru,Karnataka,India,2024-07-30
C002353,Diya Kapoor,50,Female,Hyderabad,Telangana,India,2026-08-09
C002354,Meera Nair,52,Male,Mumbai,Maharashtra,India,2022-04-27
C002355,Anaya Iyer,52,Male,Delhi,Delhi,India,2025-06-16
C002356,Aarav Sharma,27,Female,Jaipur,Rajasthan,India,2024-12-24
C002357,Diya Reddy,49,Male,Bengaluru,Karnataka,India,2022-09-21
C002358,Diya Reddy,44,Female,Kolkata,West Bengal,India,2022-09-05
C002359,Anaya Khan,66,Female,Pune,Maharashtra,India,2024-04-05
C002360,Ishita Nair,65,Male,Indore,Madhya Pradesh,India,2024-11-15
C002361,Arjun Kapoor,51,Female,Jaipur,Rajasthan,India,2025-12-19
C002362,Arjun Mehta,40,Male,Hyderabad,Telangana,India,2023-07-28
C002363,Meera Das,63,Female,Lucknow,Uttar Pradesh,India,2022-09-01
C002364,Vihaan Singh,31,Male,Lucknow,Uttar Pradesh,India,2023-09-19
C002365,Anaya Kapoor,18,Male,Chennai,Tamil Nadu,India,2024-04-13
C002366,Anaya Singh,64,Non-binary,Kolkata,West Bengal,India,2024-03-29
C002367,Sara Das,62,Female,Jaipur,Rajasthan,India,2024-06-25
C002368,Sara Iyer,46,Female,Ahmedabad,Gujarat,India,2023-10-26
C002369,Meera Patel,58,Female,Kolkata,West Bengal,India,2026-07-04
C002370,Rohan Iyer,46,Female,Bengaluru,Karnataka,India,2025-12-29
C002371,Diya Singh,30,Male,Chennai,Tamil Nadu,India,2026-08-30
C002372,Aarav Mehta,51,Female,Bengaluru,Karnataka,India,2023-12-18
C002373,Meera Singh,45,Male,Bengaluru,Karnataka,India,2025-03-18
C002374,Meera Reddy,64,Female,Bengaluru,Karnataka,India,2025-10-10
C002375,Vihaan Kapoor,43,Female,Pune,Maharashtra,India,2025-04-23
C002376,Sara Patel,40,Female,Mumbai,Maharashtra,India,2023-02-16
C002377,Anaya Patel,33,Male,Hyderabad,Telangana,India,2023-08-17
C002378,Diya Sharma,57,Female,Hyderabad,Telangana,India,2024-12-15
C002379,Vihaan Iyer,62,Male,Ahmedabad,Gujarat,India,2024-08-02
C002380,Aarav Nair,60,Female,Kolkata,West Bengal,India,2024-03-31
C002381,Vihaan Nair,53,Female,Delhi,Delhi,India,2024-10-15
C002382,Vihaan Reddy,66,Male,Hyderabad,Telangana,India,2022-06-07
C002383,Ishita Patel,38,Male,Pune,Maharashtra,India,2023-10-14
C002384,Anaya Sharma,55,Female,Pune,Maharashtra,India,2023-11-04
C002385,Ishita Iyer,35,Female,Bengaluru,Karnataka,India,2024-12-07
C002386,Diya Reddy,40,Male,Jaipur,Rajasthan,India,2024-01-10
C002387,Rohan Patel,31,Male,Hyderabad,Telangana,India,2026-06-14
C002388,Anaya Mehta,52,Female,Mumbai,Maharashtra,India,2023-11-01
C002389,Rohan Mehta,48,Male,Jaipur,Rajasthan,India,2022-02-16
C002390,Sara Singh,29,Male,Delhi,Delhi,India,2025-05-20
C002391,Aarav Singh,62,Female,Delhi,Delhi,India,2024-02-28
C002392,Aarav Mehta,43,Female,Ahmedabad,Gujarat,India,2022-07-12
C002393,Sara Khan,31,Male,Kolkata,West Bengal,India,2024-07-30
C002394,Arjun Mehta,55,Male,Mumbai,Maharashtra,India,2022-09-23
C002395,Vihaan Reddy,42,Male,Hyderabad,Telangana,India,2024-11-20
C002396,Vihaan Iyer,33,Female,Chennai,Tamil Nadu,India,2022-07-09
C002397,Aarav Singh,59,Female,Lucknow,Uttar Pradesh,India,2022-12-25
C002398,Aarav Mehta,24,Female,Hyderabad,Telangana,India,2026-06-14
C002399,Meera Khan,32,Female,Delhi,Delhi,India,2025-07-08
C002400,Aarav Singh,63,Male,Delhi,Delhi,India,2023-09-24
C002401,Rohan Mehta,29,Male,Delhi,Delhi,India,2025-12-28
C002402,Vihaan Kapoor,57,Female,Mumbai,Maharashtra,India,2024-03-31
C002403,Sara Sharma,39,Male,Delhi,Delhi,India,2023-04-23
C002404,Vihaan Sharma,30,Female,Delhi,Delhi,India,2023-04-29
C002405,Arjun Reddy,33,Female,Kolkata,West Bengal,India,2025-08-25
C002406,Meera Mehta,49,Male,Jaipur,Rajasthan,India,2023-02-06
C002407,Rohan Iyer,59,Female,Jaipur,Rajasthan,India,2025-06-03
C002408,Sara Iyer,64,Female,Delhi,Delhi,India,2025-11-06
C002409,Anaya Sharma,57,Female,Bengaluru,Karnataka,India,2023-10-25
C002410,Ishita Mehta,53,Male,Pune,Maharashtra,India,2023-03-30
C002411,Vihaan Mehta,65,Female,Indore,Madhya Pradesh,India,2023-10-14
C002412,Kabir Singh,38,Male,Chennai,Tamil Nadu,India,2023-03-04
C002413,Diya Kapoor,52,Female,Ahmedabad,Gujarat,India,2024-09-02
C002414,Ishita Sharma,48,Male,Lucknow,Uttar Pradesh,India,2024-01-14
C002415,Vihaan Khan,65,Male,Bengaluru,Karnataka,India,2023-07-27
C002416,Sara Sharma,31,Non-binary,Hyderabad,Telangana,India,2023-01-03
C002417,Anaya Mehta,22,Male,Bengaluru,Karnataka,India,2024-08-15
C002418,Kabir Kapoor,39,Male,Lucknow,Uttar Pradesh,India,2022-09-12
C002419,Sara Patel,56,Male,Chennai,Tamil Nadu,India,2023-10-12
C002420,Vihaan Das,50,Male,Mumbai,Maharashtra,India,2025-02-12
C002421,Vihaan Reddy,22,Female,Hyderabad,Telangana,India,2026-03-30
C002422,Ishita Patel,63,Female,Mumbai,Maharashtra,India,2022-04-30
C002423,Anaya Iyer,61,Female,Delhi,Delhi,India,2026-04-07
C002424,Diya Patel,62,Female,Jaipur,Rajasthan,India,2022-02-18
C002425,Sara Reddy,57,Male,Chennai,Tamil Nadu,India,2026-07-15
C002426,Sara Iyer,55,Male,Jaipur,Rajasthan,India,2023-01-05
C002427,Anaya Das,60,Male,Mumbai,Maharashtra,India,2026-02-25
C002428,Meera Reddy,52,Female,Lucknow,Uttar Pradesh,India,2024-04-23
C002429,Sara Iyer,29,Male,Bengaluru,Karnataka,India,2022-03-27
C002430,Rohan Patel,39,Female,Delhi,Delhi,India,2023-06-02
C002431,Anaya Patel,30,Male,Indore,Madhya Pradesh,India,2023-09-14
C002432,Aarav Mehta,35,Male,Mumbai,Maharashtra,India,2023-09-30
C002433,Aarav Iyer,55,Male,Mumbai,Maharashtra,India,2024-04-16
C002434,Ishita Nair,64,Female,Pune,Maharashtra,India,2024-09-19
C002435,Vihaan Das,35,Male,Ahmedabad,Gujarat,India,2022-01-04
C002436,Aarav Khan,18,Male,Chennai,Tamil Nadu,India,2022-06-21
C002437,Vihaan Das,31,Non-binary,Jaipur,Rajasthan,India,2025-07-01
C002438,Diya Sharma,31,Female,Kolkata,West Bengal,India,2026-08-17
C002439,Ishita Patel,42,Female,Kochi,Kerala,India,2022-01-21
C002440,Ishita Iyer,37,Female,Jaipur,Rajasthan,India,2023-01-20
C002441,Ishita Patel,27,Male,Bengaluru,Karnataka,India,2024-02-27
C002442,Ishita Nair,41,Male,Ahmedabad,Gujarat,India,2023-10-02
C002443,Arjun Das,25,Female,Ahmedabad,Gujarat,India,2023-07-11
C002444,Meera Kapoor,32,Female,Mumbai,Maharashtra,India,2025-07-24
C002445,Meera Singh,36,Male,Chennai,Tamil Nadu,India,2023-07-15
C002446,Aarav Patel,53,Male,Bengaluru,Karnataka,India,2022-03-30
C002447,Rohan Kapoor,38,Female,Mumbai,Maharashtra,India,2024-05-23
C002448,Rohan Nair,32,Male,Bengaluru,Karnataka,India,2026-03-07
C002449,Diya Singh,60,Male,Mumbai,Maharashtra,India,2025-08-14
C002450,Kabir Khan,61,Female,Bengaluru,Karnataka,India,2026-08-23
C002451,Meera Iyer,53,Female,Mumbai,Maharashtra,India,2023-10-13
C002452,Meera Reddy,67,Male,Ahmedabad,Gujarat,India,2022-02-15
C002453,Vihaan Das,36,Female,Pune,Maharashtra,India,2022-04-21
C002454,Diya Mehta,55,Male,Pune,Maharashtra,India,2023-05-16
C002455,Ishita Khan,62,Male,Jaipur,Rajasthan,India,2023-09-25
C002456,Meera Iyer,29,Female,Bengaluru,Karnataka,India,2026-02-11
C002457,Arjun Khan,58,Male,Delhi,Delhi,India,2024-05-21
C002458,Diya Das,60,Female,Mumbai,Maharashtra,India,2025-10-27
C002459,Rohan Kapoor,35,Female,Hyderabad,Telangana,India,2024-06-23
C002460,Arjun Mehta,34,Male,Kolkata,West Bengal,India,2024-04-09
C002461,Ishita Reddy,67,Female,Mumbai,Maharashtra,India,2023-06-14
C002462,Meera Khan,56,Male,Jaipur,Rajasthan,India,2025-03-08
C002463,Meera Reddy,28,Male,Pune,Maharashtra,India,2022-05-13
C002464,Meera Reddy,40,Female,Bengaluru,Karnataka,India,2023-05-24
C002465,Rohan Patel,50,Male,Mumbai,Maharashtra,India,2022-05-02
C002466,Arjun Kapoor,43,Female,Kolkata,West Bengal,India,2023-04-18
C002467,Diya Patel,42,Female,Jaipur,Rajasthan,India,2025-08-17
C002468,Vihaan Iyer,33,Male,Pune,Maharashtra,India,2025-12-09
C002469,Anaya Sharma,62,Male,Chennai,Tamil Nadu,India,2024-11-15
C002470,Meera Patel,67,Male,Chennai,Tamil Nadu,India,2023-09-22
C002471,Sara Mehta,18,Non-binary,Kochi,Kerala,India,2023-07-26
C002472,Vihaan Sharma,19,Female,Hyderabad,Telangana,India,2025-06-17
C002473,Sara Kapoor,46,Female,Bengaluru,Karnataka,India,2024-09-04
C002474,Ishita Nair,36,Male,Pune,Maharashtra,India,2024-05-09
C002475,Vihaan Sharma,53,Male,Pune,Maharashtra,India,2025-03-20
C002476,Sara Nair,52,Female,Pune,Maharashtra,India,2025-06-16
C002477,Sara Das,51,Male,Mumbai,Maharashtra,India,2024-06-10
C002478,Ishita Patel,67,Male,Hyderabad,Telangana,India,2022-02-08
C002479,Aarav Nair,26,Male,Jaipur,Rajasthan,India,2025-11-29
C002480,Sara Reddy,27,Male,Ahmedabad,Gujarat,India,2022-06-10
C002481,Ishita Nair,62,Female,Delhi,Delhi,India,2026-03-05
C002482,Vihaan Iyer,66,Female,Bengaluru,Karnataka,India,2023-06-09
C002483,Anaya Nair,29,Male,Jaipur,Rajasthan,India,2025-10-12
C002484,Arjun Iyer,48,Non-binary,Pune,Maharashtra,India,2026-08-12
C002485,Sara Nair,63,Male,Bengaluru,Karnataka,India,2023-11-06
C002486,Sara Singh,48,Female,Bengaluru,Karnataka,India,2024-12-05
C002487,Arjun Mehta,22,Female,Lucknow,Uttar Pradesh,India,2025-12-04
C002488,Rohan Iyer,54,Female,Chennai,Tamil Nadu,India,2022-06-18
C002489,Rohan Reddy,44,Female,Kolkata,West Bengal,India,2024-08-04
C002490,Vihaan Kapoor,28,Male,Lucknow,Uttar Pradesh,India,2025-03-19
C002491,Rohan Patel,66,Female,Delhi,Delhi,India,2022-08-25
C002492,Vihaan Khan,45,Male,Mumbai,Maharashtra,India,2025-02-02
C002493,Arjun Patel,42,Male,Jaipur,Rajasthan,India,2024-12-29
C002494,Arjun Mehta,31,Male,Hyderabad,Telangana,India,2025-03-17
C002495,Ishita Khan,31,Male,Chennai,Tamil Nadu,India,2026-07-19
C002496,Ishita Khan,22,Male,Delhi,Delhi,India,2022-07-13
C002497,Anaya Kapoor,21,Female,Ahmedabad,Gujarat,India,2025-04-09
C002498,Meera Sharma,49,Male,Jaipur,Rajasthan,India,2025-12-21
C002499,Rohan Singh,35,Female,Chennai,Tamil Nadu,India,2022-01-15
C002500,Rohan Mehta,66,Female,Bengaluru,Karnataka,India,2025-06-18
C002501,Meera Kapoor,44,Female,Pune,Maharashtra,India,2022-04-01
C002502,Anaya Nair,27,Male,Ahmedabad,Gujarat,India,2024-03-28
C002503,Rohan Khan,41,Female,Mumbai,Maharashtra,India,2025-07-09
C002504,Diya Kapoor,37,Female,Bengaluru,Karnataka,India,2022-03-31
C002505,Kabir Iyer,54,Male,Bengaluru,Karnataka,India,2024-09-21
C002506,Ishita Sharma,55,Female,Mumbai,Maharashtra,India,2024-01-21
C002507,Sara Singh,61,Female,Pune,Maharashtra,India,2023-06-22
C002508,Anaya Das,26,Male,Chennai,Tamil Nadu,India,2023-04-11
C002509,Kabir Kapoor,48,Male,Kolkata,West Bengal,India,2026-05-17
C002510,Sara Sharma,63,Male,Hyderabad,Telangana,India,2025-01-25
C002511,Kabir Kapoor,57,Male,Ahmedabad,Gujarat,India,2024-08-02
C002512,Kabir Patel,37,Male,Pune,Maharashtra,India,2025-03-10
C002513,Anaya Nair,53,Female,Mumbai,Maharashtra,India,2026-04-11
C002514,Diya Singh,19,Male,Pune,Maharashtra,India,2023-10-09
C002515,Meera Reddy,38,Male,Mumbai,Maharashtra,India,2023-08-12
C002516,Vihaan Patel,21,Male,Bengaluru,Karnataka,India,2022-01-06
C002517,Vihaan Iyer,25,Female,Delhi,Delhi,India,2022-10-10
C002518,Anaya Patel,52,Male,Indore,Madhya Pradesh,India,2022-05-04
C002519,Vihaan Kapoor,62,Male,Mumbai,Maharashtra,India,2026-03-06
C002520,Anaya Patel,21,Male,Mumbai,Maharashtra,India,2025-12-20
C002521,Aarav Mehta,45,Male,Jaipur,Rajasthan,India,2025-12-09
C002522,Aarav Sharma,24,Female,Pune,Maharashtra,India,2022-10-21
C002523,Aarav Reddy,38,Non-binary,Mumbai,Maharashtra,India,2022-05-28
C002524,Diya Das,41,Female,Mumbai,Maharashtra,India,2022-04-17
C002525,Kabir Nair,30,Male,Ahmedabad,Gujarat,India,2024-09-12
C002526,Kabir Patel,18,Male,Delhi,Delhi,India,2024-01-27
C002527,Rohan Khan,39,Male,Mumbai,Maharashtra,India,2023-01-06
C002528,Ishita Das,62,Male,Chennai,Tamil Nadu,India,2025-03-22
C002529,Rohan Das,34,Female,Chennai,Tamil Nadu,India,2024-10-03
C002530,Diya Reddy,60,Female,Bengaluru,Karnataka,India,2024-12-19
C002531,Anaya Sharma,34,Female,Mumbai,Maharashtra,India,2022-02-10
C002532,Aarav Nair,59,Male,Delhi,Delhi,India,2024-01-01
C002533,Ishita Sharma,56,Male,Chennai,Tamil Nadu,India,2026-01-04
C002534,Aarav Sharma,55,Male,Chennai,Tamil Nadu,India,2025-05-14
C002535,Rohan Singh,18,Male,Chennai,Tamil Nadu,India,2025-08-22
C002536,Rohan Reddy,62,Male,Pune,Maharashtra,India,2025-03-16
C002537,Arjun Khan,59,Female,Delhi,Delhi,India,2025-09-07
C002538,Ishita Iyer,53,Female,Chennai,Tamil Nadu,India,2024-08-11
C002539,Sara Singh,23,Female,Ahmedabad,Gujarat,India,2026-05-15
C002540,Sara Das,54,Non-binary,Ahmedabad,Gujarat,India,2025-03-04
C002541,Rohan Reddy,56,Male,Bengaluru,Karnataka,India,2026-05-07
C002542,Sara Khan,25,Female,Jaipur,Rajasthan,India,2022-09-06
C002543,Aarav Mehta,60,Female,Ahmedabad,Gujarat,India,2025-04-19
C002544,Kabir Kapoor,51,Female,Indore,Madhya Pradesh,India,2024-02-10
C002545,Anaya Kapoor,63,Female,Mumbai,Maharashtra,India,2025-03-12
C002546,Diya Nair,34,Female,Delhi,Delhi,India,2025-05-12
C002547,Sara Das,27,Female,Chennai,Tamil Nadu,India,2026-08-31
C002548,Meera Mehta,34,Female,Chennai,Tamil Nadu,India,2023-05-06
C002549,Anaya Mehta,49,Male,Bengaluru,Karnataka,India,2022-12-02
C002550,Anaya Das,65,Female,Mumbai,Maharashtra,India,2025-12-27
C002551,Arjun Khan,31,Male,Jaipur,Rajasthan,India,2026-08-06
C002552,Anaya Iyer,65,Male,Bengaluru,Karnataka,India,2026-02-08
C002553,Ishita Reddy,29,Female,Pune,Maharashtra,India,2026-06-06
C002554,Aarav Iyer,49,Female,Mumbai,Maharashtra,India,2023-05-07
C002555,Ishita Kapoor,24,Female,Hyderabad,Telangana,India,2022-08-26
C002556,Vihaan Kapoor,22,Female,Delhi,Delhi,India,2025-11-08
C002557,Ishita Singh,60,Male,Kolkata,West Bengal,India,2024-04-01
C002558,Anaya Kapoor,25,Female,Pune,Maharashtra,India,2024-05-19
C002559,Ishita Mehta,18,Male,Delhi,Delhi,India,2022-01-31
C002560,Aarav Singh,23,Female,Bengaluru,Karnataka,India,2024-11-05
C002561,Sara Das,53,Female,Delhi,Delhi,India,2026-04-07
C002562,Arjun Kapoor,40,Female,Bengaluru,Karnataka,India,2024-05-24
C002563,Diya Das,67,Male,Bengaluru,Karnataka,India,2024-07-08
C002564,Rohan Singh,30,Male,Chennai,Tamil Nadu,India,2022-06-06
C002565,Meera Kapoor,44,Female,Pune,Maharashtra,India,2022-10-11
C002566,Meera Kapoor,53,Female,Delhi,Delhi,India,2022-05-13
C002567,Sara Reddy,60,Female,Indore,Madhya Pradesh,India,2026-06-04
C002568,Meera Iyer,25,Female,Chennai,Tamil Nadu,India,2026-02-23
C002569,Vihaan Singh,27,Female,Mumbai,Maharashtra,India,2026-08-13
C002570,Anaya Iyer,56,Male,Bengaluru,Karnataka,India,2026-07-15
C002571,Ishita Patel,60,Female,Delhi,Delhi,India,2022-12-19
C002572,Vihaan Singh,64,Male,Ahmedabad,Gujarat,India,2025-02-10
C002573,Meera Mehta,19,Male,Mumbai,Maharashtra,India,2022-07-02
C002574,Rohan Kapoor,25,Female,Ahmedabad,Gujarat,India,2024-06-05
C002575,Anaya Kapoor,54,Male,Pune,Maharashtra,India,2025-11-04
C002576,Arjun Khan,34,Female,Delhi,Delhi,India,2023-11-06
C002577,Anaya Iyer,18,Female,Bengaluru,Karnataka,India,2023-01-01
C002578,Kabir Iyer,58,Female,Kolkata,West Bengal,India,2024-10-12
C002579,Aarav Iyer,58,Female,Bengaluru,Karnataka,India,2024-12-27
C002580,Rohan Reddy,33,Non-binary,Bengaluru,Karnataka,India,2024-12-01
C002581,Ishita Kapoor,30,Male,Ahmedabad,Gujarat,India,2025-08-04
C002582,Rohan Mehta,57,Male,Kolkata,West Bengal,India,2023-01-19
C002583,Arjun Khan,33,Female,Bengaluru,Karnataka,India,2024-03-04
C002584,Rohan Khan,51,Male,Kolkata,West Bengal,India,2024-02-11
C002585,Aarav Nair,63,Female,Kolkata,West Bengal,India,2023-08-21
C002586,Diya Sharma,51,Male,Chennai,Tamil Nadu,India,2022-05-06
C002587,Arjun Das,60,Male,Delhi,Delhi,India,2026-04-29
C002588,Arjun Nair,39,Male,Lucknow,Uttar Pradesh,India,2022-05-15
C002589,Rohan Patel,32,Male,Kolkata,West Bengal,India,2023-03-16
C002590,Arjun Iyer,40,Female,Mumbai,Maharashtra,India,2025-09-05
C002591,Arjun Khan,66,Female,Chennai,Tamil Nadu,India,2023-08-16
C002592,Vihaan Nair,44,Female,Chennai,Tamil Nadu,India,2025-07-21
C002593,Meera Reddy,34,Female,Ahmedabad,Gujarat,India,2026-07-19
C002594,Anaya Kapoor,30,Female,Pune,Maharashtra,India,2024-12-31
C002595,Rohan Singh,59,Male,Pune,Maharashtra,India,2025-08-26
C002596,Vihaan Patel,49,Female,Chennai,Tamil Nadu,India,2023-08-27
C002597,Diya Khan,66,Male,Bengaluru,Karnataka,India,2024-03-10
C002598,Aarav Iyer,22,Male,Hyderabad,Telangana,India,2022-05-30
C002599,Diya Reddy,20,Male,Indore,Madhya Pradesh,India,2024-10-07
C002600,Rohan Kapoor,46,Male,Bengaluru,Karnataka,India,2024-11-30
C002601,Arjun Singh,24,Non-binary,Mumbai,Maharashtra,India,2025-11-19
C002602,Anaya Kapoor,46,Male,Pune,Maharashtra,India,2024-06-04
C002603,Vihaan Patel,54,Female,Indore,Madhya Pradesh,India,2022-05-01
C002604,Arjun Khan,42,Female,Mumbai,Maharashtra,India,2023-05-10
C002605,Meera Singh,36,Female,Jaipur,Rajasthan,India,2023-01-14
C002606,Aarav Patel,57,Male,Delhi,Delhi,India,2026-01-14
C002607,Sara Singh,22,Male,Ahmedabad,Gujarat,India,2025-01-30
C002608,Rohan Das,58,Female,Bengaluru,Karnataka,India,2023-12-16
C002609,Ishita Das,28,Male,Hyderabad,Telangana,India,2024-01-17
C002610,Aarav Singh,29,Female,Mumbai,Maharashtra,India,2023-10-07
C002611,Sara Nair,32,Male,Hyderabad,Telangana,India,2026-03-18
C002612,Meera Mehta,47,Female,Chennai,Tamil Nadu,India,2025-12-18
C002613,Vihaan Sharma,51,Male,Delhi,Delhi,India,2026-01-29
C002614,Kabir Das,66,Male,Pune,Maharashtra,India,2026-01-29
C002615,Sara Mehta,67,Female,Chennai,Tamil Nadu,India,2023-09-02
C002616,Kabir Mehta,63,Female,Pune,Maharashtra,India,2024-08-06
C002617,Meera Mehta,26,Male,Chennai,Tamil Nadu,India,2023-07-03
C002618,Vihaan Reddy,24,Female,Bengaluru,Karnataka,India,2023-05-14
C002619,Meera Singh,52,Female,Bengaluru,Karnataka,India,2023-06-15
C002620,Ishita Mehta,19,Male,Mumbai,Maharashtra,India,2026-06-19
C002621,Rohan Mehta,67,Female,Bengaluru,Karnataka,India,2022-08-09
C002622,Sara Reddy,22,Male,Pune,Maharashtra,India,2025-03-07
C002623,Anaya Iyer,51,Non-binary,Mumbai,Maharashtra,India,2024-06-11
C002624,Rohan Nair,54,Female,Bengaluru,Karnataka,India,2026-06-15
C002625,Sara Das,59,Male,Mumbai,Maharashtra,India,2023-12-25
C002626,Sara Patel,43,Female,Delhi,Delhi,India,2024-01-26
C002627,Sara Singh,54,Male,Mumbai,Maharashtra,India,2026-05-12
C002628,Diya Patel,56,Male,Chennai,Tamil Nadu,India,2025-09-23
C002629,Vihaan Patel,51,Female,Mumbai,Maharashtra,India,2025-11-02
C002630,Kabir Khan,46,Male,Ahmedabad,Gujarat,India,2023-06-03
C002631,Ishita Mehta,22,Female,Bengaluru,Karnataka,India,2025-08-10
C002632,Kabir Sharma,31,Female,Bengaluru,Karnataka,India,2023-06-12
C002633,Kabir Khan,63,Female,Ahmedabad,Gujarat,India,2026-06-18
C002634,Ishita Sharma,54,Female,Mumbai,Maharashtra,India,2024-05-30
C002635,Vihaan Patel,28,Male,Delhi,Delhi,India,2022-09-02
C002636,Meera Iyer,36,Male,Pune,Maharashtra,India,2025-09-25
C002637,Vihaan Reddy,61,Male,Bengaluru,Karnataka,India,2024-02-06
C002638,Anaya Das,60,Female,Ahmedabad,Gujarat,India,2026-03-22
C002639,Meera Das,45,Male,Ahmedabad,Gujarat,India,2023-01-20
C002640,Kabir Kapoor,63,Female,Pune,Maharashtra,India,2023-04-08
C002641,Rohan Das,49,Female,Hyderabad,Telangana,India,2024-02-25
C002642,Arjun Sharma,48,Female,Kolkata,West Bengal,India,2023-04-13
C002643,Arjun Kapoor,27,Female,Hyderabad,Telangana,India,2023-02-25
C002644,Diya Mehta,65,Male,Chennai,Tamil Nadu,India,2026-01-30
C002645,Sara Das,37,Male,Pune,Maharashtra,India,2025-02-12
C002646,Kabir Das,44,Female,Hyderabad,Telangana,India,2024-06-20
C002647,Meera Sharma,66,Female,Pune,Maharashtra,India,2026-03-05
C002648,Diya Reddy,33,Female,Bengaluru,Karnataka,India,2023-10-12
C002649,Anaya Das,46,Female,Delhi,Delhi,India,2023-01-03
C002650,Ishita Singh,64,Female,Delhi,Delhi,India,2023-02-07
C002651,Vihaan Reddy,29,Male,Hyderabad,Telangana,India,2022-05-23
C002652,Kabir Sharma,37,Male,Kochi,Kerala,India,2026-02-17
C002653,Rohan Nair,18,Male,Lucknow,Uttar Pradesh,India,2022-11-15
C002654,Kabir Khan,24,Male,Delhi,Delhi,India,2022-07-01
C002655,Anaya Kapoor,57,Female,Pune,Maharashtra,India,2023-02-27
C002656,Aarav Mehta,51,Male,Chennai,Tamil Nadu,India,2025-12-15
C002657,Sara Khan,35,Male,Kolkata,West Bengal,India,2024-06-22
C002658,Anaya Kapoor,46,Male,Chennai,Tamil Nadu,India,2024-03-08
C002659,Arjun Singh,53,Male,Bengaluru,Karnataka,India,2023-11-19
C002660,Anaya Patel,54,Female,Hyderabad,Telangana,India,2026-04-04
C002661,Vihaan Khan,30,Male,Indore,Madhya Pradesh,India,2025-11-18
C002662,Vihaan Khan,42,Male,Mumbai,Maharashtra,India,2025-09-17
C002663,Anaya Sharma,32,Female,Ahmedabad,Gujarat,India,2022-11-23
C002664,Ishita Iyer,45,Female,Delhi,Delhi,India,2022-02-10
C002665,Rohan Patel,27,Male,Hyderabad,Telangana,India,2024-07-23
C002666,Vihaan Nair,33,Female,Lucknow,Uttar Pradesh,India,2023-08-06
C002667,Ishita Khan,67,Male,Jaipur,Rajasthan,India,2025-03-29
C002668,Anaya Kapoor,35,Male,Mumbai,Maharashtra,India,2022-08-03
C002669,Rohan Mehta,55,Male,Lucknow,Uttar Pradesh,India,2024-07-11
C002670,Diya Iyer,38,Male,Bengaluru,Karnataka,India,2024-04-12
C002671,Diya Kapoor,23,Female,Mumbai,Maharashtra,India,2024-02-13
C002672,Arjun Das,54,Male,Pune,Maharashtra,India,2023-07-06
C002673,Aarav Reddy,62,Female,Bengaluru,Karnataka,India,2023-07-25
C002674,Meera Iyer,24,Male,Mumbai,Maharashtra,India,2022-08-08
C002675,Rohan Kapoor,40,Female,Pune,Maharashtra,India,2024-01-14
C002676,Rohan Mehta,40,Male,Jaipur,Rajasthan,India,2024-12-30
C002677,Kabir Singh,30,Non-binary,Mumbai,Maharashtra,India,2024-05-28
C002678,Ishita Patel,32,Male,Ahmedabad,Gujarat,India,2024-10-18
C002679,Anaya Das,35,Male,Bengaluru,Karnataka,India,2022-12-03
C002680,Aarav Iyer,57,Female,Mumbai,Maharashtra,India,2024-12-13
C002681,Ishita Das,57,Male,Ahmedabad,Gujarat,India,2022-11-05
C002682,Rohan Khan,23,Female,Pune,Maharashtra,India,2026-02-18
C002683,Aarav Patel,65,Male,Mumbai,Maharashtra,India,2025-10-29
C002684,Anaya Khan,56,Male,Kochi,Kerala,India,2025-09-27
C002685,Vihaan Kapoor,65,Female,Bengaluru,Karnataka,India,2023-08-20
C002686,Ishita Singh,56,Female,Kolkata,West Bengal,India,2025-03-14
C002687,Kabir Reddy,22,Male,Chennai,Tamil Nadu,India,2026-05-18
C002688,Ishita Patel,52,Male,Kolkata,West Bengal,India,2026-02-03
C002689,Vihaan Kapoor,55,Female,Delhi,Delhi,India,2022-09-04
C002690,Kabir Das,32,Female,Pune,Maharashtra,India,2023-12-20
C002691,Vihaan Reddy,36,Male,Bengaluru,Karnataka,India,2024-07-10
C002692,Rohan Nair,45,Male,Hyderabad,Telangana,India,2023-01-15
C002693,Kabir Patel,43,Female,Kolkata,West Bengal,India,2022-01-18
C002694,Rohan Das,32,Female,Chennai,Tamil Nadu,India,2025-06-17
C002695,Anaya Nair,36,Female,Bengaluru,Karnataka,India,2022-11-02
C002696,Arjun Patel,32,Female,Kochi,Kerala,India,2026-06-30
C002697,Anaya Mehta,26,Female,Delhi,Delhi,India,2026-06-08
C002698,Meera Kapoor,50,Male,Mumbai,Maharashtra,India,2026-04-28
C002699,Diya Mehta,23,Male,Indore,Madhya Pradesh,India,2025-10-14
C002700,Meera Kapoor,26,Female,Chennai,Tamil Nadu,India,2022-08-13
C002701,Arjun Nair,45,Male,Chennai,Tamil Nadu,India,2024-11-01
C002702,Rohan Nair,60,Female,Mumbai,Maharashtra,India,2025-04-28
C002703,Ishita Kapoor,39,Female,Ahmedabad,Gujarat,India,2024-05-05
C002704,Vihaan Das,51,Male,Hyderabad,Telangana,India,2024-01-08
C002705,Ishita Nair,60,Male,Hyderabad,Telangana,India,2022-10-05
C002706,Sara Singh,38,Female,Hyderabad,Telangana,India,2023-07-09
C002707,Aarav Das,61,Male,Delhi,Delhi,India,2022-08-01
C002708,Aarav Sharma,33,Male,Delhi,Delhi,India,2025-09-23
C002709,Kabir Khan,63,Female,Hyderabad,Telangana,India,2022-09-30
C002710,Arjun Khan,27,Female,Delhi,Delhi,India,2024-01-09
C002711,Diya Das,27,Male,Ahmedabad,Gujarat,India,2025-12-27
C002712,Ishita Sharma,50,Male,Kolkata,West Bengal,India,2025-01-02
C002713,Meera Kapoor,59,Male,Mumbai,Maharashtra,India,2023-06-03
C002714,Arjun Khan,61,Female,Pune,Maharashtra,India,2022-08-03
C002715,Ishita Reddy,35,Male,Kochi,Kerala,India,2026-05-23
C002716,Anaya Sharma,63,Female,Mumbai,Maharashtra,India,2023-03-02
C002717,Aarav Patel,31,Female,Ahmedabad,Gujarat,India,2023-06-29
C002718,Sara Khan,30,Female,Hyderabad,Telangana,India,2025-08-04
C002719,Diya Singh,26,Male,Lucknow,Uttar Pradesh,India,2026-01-02
C002720,Meera Sharma,34,Female,Bengaluru,Karnataka,India,2025-07-27
C002721,Diya Nair,25,Female,Mumbai,Maharashtra,India,2026-01-29
C002722,Meera Mehta,18,Male,Bengaluru,Karnataka,India,2024-09-29
C002723,Aarav Mehta,54,Female,Kolkata,West Bengal,India,2026-08-28
C002724,Vihaan Mehta,59,Female,Pune,Maharashtra,India,2025-06-21
C002725,Arjun Sharma,27,Female,Delhi,Delhi,India,2026-06-04
C002726,Rohan Mehta,34,Male,Delhi,Delhi,India,2026-05-06
C002727,Arjun Kapoor,41,Female,Jaipur,Rajasthan,India,2023-01-31
C002728,Rohan Singh,65,Male,Delhi,Delhi,India,2026-07-15
C002729,Sara Reddy,60,Male,Mumbai,Maharashtra,India,2024-06-11
C002730,Sara Singh,32,Female,Jaipur,Rajasthan,India,2026-03-17
C002731,Diya Iyer,60,Female,Indore,Madhya Pradesh,India,2025-09-25
C002732,Vihaan Patel,55,Female,Kolkata,West Bengal,India,2024-10-31
C002733,Aarav Singh,63,Female,Mumbai,Maharashtra,India,2024-11-07
C002734,Arjun Patel,65,Male,Hyderabad,Telangana,India,2022-08-09
C002735,Aarav Das,50,Female,Jaipur,Rajasthan,India,2025-01-14
C002736,Vihaan Das,63,Male,Kolkata,West Bengal,India,2026-04-13
C002737,Vihaan Sharma,18,Female,Jaipur,Rajasthan,India,2023-05-06
C002738,Rohan Patel,57,Male,Delhi,Delhi,India,2025-12-02
C002739,Diya Nair,18,Non-binary,Indore,Madhya Pradesh,India,2026-06-14
C002740,Diya Das,33,Female,Mumbai,Maharashtra,India,2022-05-06
C002741,Sara Kapoor,19,Female,Bengaluru,Karnataka,India,2022-01-14
C002742,Vihaan Nair,27,Male,Lucknow,Uttar Pradesh,India,2025-11-28
C002743,Sara Mehta,45,Female,Ahmedabad,Gujarat,India,2025-07-21
C002744,Kabir Iyer,37,Male,Bengaluru,Karnataka,India,2023-06-19
C002745,Kabir Patel,28,Male,Hyderabad,Telangana,India,2023-10-22
C002746,Meera Khan,29,Male,Hyderabad,Telangana,India,2026-01-21
C002747,Ishita Das,20,Male,Hyderabad,Telangana,India,2023-01-08
C002748,Rohan Kapoor,67,Female,Mumbai,Maharashtra,India,2023-11-17
C002749,Aarav Reddy,20,Male,Hyderabad,Telangana,India,2025-08-29
C002750,Vihaan Iyer,53,Male,Chennai,Tamil Nadu,India,2025-08-08
C002751,Ishita Sharma,47,Female,Kolkata,West Bengal,India,2026-07-12
C002752,Vihaan Nair,61,Male,Pune,Maharashtra,India,2022-05-03
C002753,Rohan Sharma,43,Female,Bengaluru,Karnataka,India,2023-09-25
C002754,Aarav Khan,20,Male,Bengaluru,Karnataka,India,2023-07-16
C002755,Kabir Khan,38,Non-binary,Chennai,Tamil Nadu,India,2025-08-13
C002756,Sara Reddy,50,Male,Delhi,Delhi,India,2023-03-06
C002757,Sara Sharma,44,Male,Jaipur,Rajasthan,India,2024-09-12
C002758,Ishita Khan,31,Male,Hyderabad,Telangana,India,2023-12-18
C002759,Kabir Kapoor,22,Male,Hyderabad,Telangana,India,2026-03-21
C002760,Ishita Das,29,Female,Mumbai,Maharashtra,India,2026-05-18
C002761,Ishita Khan,51,Female,Ahmedabad,Gujarat,India,2024-07-30
C002762,Vihaan Das,31,Male,Bengaluru,Karnataka,India,2025-10-31
C002763,Vihaan Sharma,50,Male,Mumbai,Maharashtra,India,2023-07-17
C002764,Sara Kapoor,25,Male,Pune,Maharashtra,India,2025-05-06
C002765,Ishita Nair,42,Female,Chennai,Tamil Nadu,India,2023-10-24
C002766,Anaya Khan,59,Male,Hyderabad,Telangana,India,2023-08-03
C002767,Ishita Patel,27,Female,Lucknow,Uttar Pradesh,India,2022-07-12
C002768,Meera Mehta,34,Male,Pune,Maharashtra,India,2024-12-26
C002769,Rohan Iyer,52,Female,Jaipur,Rajasthan,India,2022-10-28
C002770,Meera Kapoor,34,Female,Delhi,Delhi,India,2023-04-18
C002771,Sara Mehta,52,Male,Ahmedabad,Gujarat,India,2022-03-16
C002772,Rohan Iyer,18,Male,Mumbai,Maharashtra,India,2023-06-30
C002773,Vihaan Nair,50,Male,Chennai,Tamil Nadu,India,2023-04-27
C002774,Aarav Iyer,53,Female,Hyderabad,Telangana,India,2024-01-11
C002775,Arjun Reddy,22,Female,Delhi,Delhi,India,2026-03-17
C002776,Diya Nair,61,Female,Jaipur,Rajasthan,India,2026-04-17
C002777,Diya Iyer,65,Female,Bengaluru,Karnataka,India,2026-02-10
C002778,Diya Iyer,33,Male,Kochi,Kerala,India,2024-11-11
C002779,Rohan Singh,65,Male,Delhi,Delhi,India,2024-02-09
C002780,Ishita Mehta,64,Male,Mumbai,Maharashtra,India,2022-10-26
C002781,Diya Iyer,34,Male,Kolkata,West Bengal,India,2023-01-02
C002782,Sara Nair,59,Male,Delhi,Delhi,India,2026-06-12
C002783,Kabir Patel,35,Male,Bengaluru,Karnataka,India,2025-04-17
C002784,Rohan Khan,65,Female,Pune,Maharashtra,India,2026-03-24
C002785,Rohan Iyer,19,Female,Ahmedabad,Gujarat,India,2022-05-17
C002786,Aarav Nair,37,Female,Bengaluru,Karnataka,India,2022-04-26
C002787,Rohan Patel,47,Female,Bengaluru,Karnataka,India,2026-06-01
C002788,Ishita Khan,21,Female,Ahmedabad,Gujarat,India,2023-05-29
C002789,Arjun Reddy,41,Male,Indore,Madhya Pradesh,India,2022-01-08
C002790,Aarav Sharma,46,Male,Mumbai,Maharashtra,India,2025-09-01
C002791,Meera Singh,45,Female,Pune,Maharashtra,India,2025-12-16
C002792,Aarav Mehta,67,Female,Jaipur,Rajasthan,India,2024-07-22
C002793,Diya Nair,53,Male,Hyderabad,Telangana,India,2023-01-17
C002794,Rohan Das,39,Male,Chennai,Tamil Nadu,India,2022-01-02
C002795,Vihaan Das,40,Male,Hyderabad,Telangana,India,2026-07-05
C002796,Aarav Singh,58,Male,Delhi,Delhi,India,2025-10-19
C002797,Diya Iyer,37,Male,Kolkata,West Bengal,India,2023-08-15
C002798,Sara Mehta,63,Male,Chennai,Tamil Nadu,India,2025-06-23
C002799,Rohan Kapoor,58,Female,Chennai,Tamil Nadu,India,2022-03-30
C002800,Vihaan Mehta,44,Female,Bengaluru,Karnataka,India,2022-07-07
C002801,Kabir Nair,52,Male,Delhi,Delhi,India,2024-02-07
C002802,Arjun Reddy,66,Male,Chennai,Tamil Nadu,India,2022-04-29
C002803,Vihaan Singh,46,Male,Chennai,Tamil Nadu,India,2023-10-31
C002804,Vihaan Singh,54,Male,Jaipur,Rajasthan,India,2024-02-14
C002805,Arjun Iyer,29,Non-binary,Pune,Maharashtra,India,2023-04-13
C002806,Kabir Iyer,67,Female,Kolkata,West Bengal,India,2023-05-29
C002807,Kabir Nair,33,Female,Delhi,Delhi,India,2023-10-04
C002808,Anaya Patel,19,Female,Bengaluru,Karnataka,India,2022-06-13
C002809,Anaya Das,49,Male,Delhi,Delhi,India,2024-02-20
C002810,Kabir Sharma,65,Male,Lucknow,Uttar Pradesh,India,2025-02-21
C002811,Sara Reddy,52,Male,Delhi,Delhi,India,2025-06-17
C002812,Rohan Singh,41,Female,Delhi,Delhi,India,2025-02-20
C002813,Diya Khan,50,Female,Delhi,Delhi,India,2025-07-10
C002814,Anaya Iyer,41,Male,Delhi,Delhi,India,2023-07-22
C002815,Anaya Reddy,38,Male,Chennai,Tamil Nadu,India,2023-07-30
C002816,Kabir Iyer,64,Male,Lucknow,Uttar Pradesh,India,2026-04-01
C002817,Anaya Reddy,40,Female,Kolkata,West Bengal,India,2023-01-01
C002818,Aarav Patel,57,Male,Jaipur,Rajasthan,India,2023-12-30
C002819,Aarav Sharma,55,Male,Mumbai,Maharashtra,India,2026-06-18
C002820,Ishita Mehta,60,Female,Bengaluru,Karnataka,India,2023-01-08
C002821,Ishita Kapoor,31,Male,Pune,Maharashtra,India,2024-08-25
C002822,Aarav Iyer,22,Female,Ahmedabad,Gujarat,India,2024-06-15
C002823,Rohan Khan,61,Male,Delhi,Delhi,India,2025-03-10
C002824,Kabir Patel,64,Male,Pune,Maharashtra,India,2026-05-05
C002825,Kabir Khan,61,Female,Bengaluru,Karnataka,India,2023-06-04
C002826,Anaya Kapoor,45,Female,Ahmedabad,Gujarat,India,2026-05-21
C002827,Sara Nair,41,Female,Mumbai,Maharashtra,India,2022-05-18
C002828,Vihaan Iyer,42,Female,Delhi,Delhi,India,2023-04-03
C002829,Arjun Sharma,28,Male,Delhi,Delhi,India,2025-03-09
C002830,Anaya Sharma,23,Female,Pune,Maharashtra,India,2022-06-28
C002831,Aarav Patel,62,Male,Delhi,Delhi,India,2023-04-11
C002832,Ishita Kapoor,38,Male,Delhi,Delhi,India,2026-03-09
C002833,Vihaan Sharma,65,Female,Kochi,Kerala,India,2022-11-25
C002834,Vihaan Iyer,54,Male,Ahmedabad,Gujarat,India,2025-08-20
C002835,Arjun Patel,29,Female,Hyderabad,Telangana,India,2024-11-11
C002836,Vihaan Khan,58,Female,Lucknow,Uttar Pradesh,India,2023-10-06
C002837,Anaya Nair,44,Male,Hyderabad,Telangana,India,2023-05-19
C002838,Meera Iyer,53,Female,Bengaluru,Karnataka,India,2026-04-08
C002839,Ishita Khan,64,Female,Jaipur,Rajasthan,India,2023-11-14
C002840,Arjun Reddy,42,Female,Lucknow,Uttar Pradesh,India,2026-02-26
C002841,Diya Singh,48,Female,Hyderabad,Telangana,India,2023-10-03
C002842,Aarav Khan,61,Male,Pune,Maharashtra,India,2024-12-09
C002843,Diya Patel,36,Male,Hyderabad,Telangana,India,2022-11-10
C002844,Diya Reddy,38,Male,Mumbai,Maharashtra,India,2024-04-12
C002845,Diya Singh,19,Male,Indore,Madhya Pradesh,India,2022-02-05
C002846,Rohan Patel,20,Male,Bengaluru,Karnataka,India,2023-12-14
C002847,Aarav Singh,61,Male,Chennai,Tamil Nadu,India,2022-11-03
C002848,Rohan Patel,46,Non-binary,Delhi,Delhi,India,2023-03-23
C002849,Anaya Patel,53,Female,Bengaluru,Karnataka,India,2025-06-30
C002850,Arjun Nair,42,Male,Kochi,Kerala,India,2024-07-15
C002851,Arjun Singh,42,Male,Jaipur,Rajasthan,India,2026-03-03
C002852,Vihaan Iyer,24,Female,Chennai,Tamil Nadu,India,2023-04-25
C002853,Ishita Sharma,26,Female,Kochi,Kerala,India,2025-06-11
C002854,Rohan Khan,58,Female,Bengaluru,Karnataka,India,2025-07-04
C002855,Arjun Singh,44,Male,Chennai,Tamil Nadu,India,2026-04-01
C002856,Diya Sharma,46,Male,Hyderabad,Telangana,India,2024-03-27
C002857,Anaya Kapoor,26,Male,Hyderabad,Telangana,India,2023-11-30
C002858,Arjun Reddy,58,Male,Delhi,Delhi,India,2022-05-01
C002859,Rohan Nair,35,Male,Mumbai,Maharashtra,India,2023-04-07
C002860,Arjun Khan,25,Female,Pune,Maharashtra,India,2022-04-22
C002861,Vihaan Mehta,48,Male,Bengaluru,Karnataka,India,2022-08-29
C002862,Anaya Patel,64,Female,Mumbai,Maharashtra,India,2022-06-20
C002863,Aarav Reddy,43,Female,Ahmedabad,Gujarat,India,2024-07-07
C002864,Diya Kapoor,49,Female,Jaipur,Rajasthan,India,2025-09-01
C002865,Sara Khan,32,Female,Bengaluru,Karnataka,India,2024-04-08
C002866,Sara Khan,58,Female,Ahmedabad,Gujarat,India,2022-10-18
C002867,Vihaan Sharma,36,Female,Ahmedabad,Gujarat,India,2023-09-02
C002868,Kabir Singh,51,Male,Hyderabad,Telangana,India,2024-02-23
C002869,Arjun Khan,23,Female,Lucknow,Uttar Pradesh,India,2024-08-25
C002870,Arjun Patel,65,Female,Jaipur,Rajasthan,India,2023-12-17
C002871,Vihaan Khan,60,Female,Mumbai,Maharashtra,India,2026-07-26
C002872,Ishita Mehta,43,Male,Hyderabad,Telangana,India,2023-11-13
C002873,Ishita Khan,33,Female,Lucknow,Uttar Pradesh,India,2022-08-26
C002874,Diya Sharma,54,Female,Kolkata,West Bengal,India,2024-07-22
C002875,Aarav Mehta,27,Female,Pune,Maharashtra,India,2023-10-06
C002876,Rohan Das,22,Male,Chennai,Tamil Nadu,India,2026-08-12
C002877,Meera Nair,45,Male,Bengaluru,Karnataka,India,2026-03-11
C002878,Vihaan Singh,39,Male,Delhi,Delhi,India,2022-07-25
C002879,Rohan Iyer,65,Male,Kolkata,West Bengal,India,2024-12-29
C002880,Ishita Das,39,Male,Pune,Maharashtra,India,2025-12-11
C002881,Rohan Singh,59,Female,Kolkata,West Bengal,India,2024-07-22
C002882,Aarav Patel,35,Male,Bengaluru,Karnataka,India,2025-07-07
C002883,Anaya Nair,62,Male,Bengaluru,Karnataka,India,2024-11-12
C002884,Arjun Mehta,52,Non-binary,Pune,Maharashtra,India,2025-11-13
C002885,Meera Mehta,35,Female,Bengaluru,Karnataka,India,2024-12-01
C002886,Vihaan Sharma,24,Female,Indore,Madhya Pradesh,India,2026-03-06
C002887,Anaya Sharma,37,Female,Chennai,Tamil Nadu,India,2024-05-19
C002888,Meera Das,35,Male,Jaipur,Rajasthan,India,2024-12-15
C002889,Anaya Iyer,37,Male,Jaipur,Rajasthan,India,2023-09-25
C002890,Anaya Khan,36,Female,Kolkata,West Bengal,India,2024-12-07
C002891,Meera Mehta,60,Female,Mumbai,Maharashtra,India,2026-03-25
C002892,Arjun Nair,44,Male,Kolkata,West Bengal,India,2025-05-01
C002893,Vihaan Khan,41,Female,Bengaluru,Karnataka,India,2023-05-29
C002894,Meera Khan,36,Male,Ahmedabad,Gujarat,India,2023-02-24
C002895,Ishita Das,25,Male,Hyderabad,Telangana,India,2025-09-10
C002896,Sara Reddy,25,Female,Mumbai,Maharashtra,India,2022-02-07
C002897,Vihaan Iyer,42,Female,Bengaluru,Karnataka,India,2022-06-24
C002898,Aarav Iyer,53,Female,Mumbai,Maharashtra,India,2023-05-19
C002899,Diya Singh,38,Female,Kolkata,West Bengal,India,2025-09-01
C002900,Meera Khan,66,Male,Bengaluru,Karnataka,India,2025-07-26
C002901,Meera Khan,57,Male,Lucknow,Uttar Pradesh,India,2022-01-08
C002902,Sara Sharma,24,Female,Mumbai,Maharashtra,India,2022-12-18
C002903,Ishita Mehta,26,Female,Delhi,Delhi,India,2022-10-06
C002904,Sara Iyer,26,Female,Pune,Maharashtra,India,2023-04-07
C002905,Ishita Patel,33,Male,Mumbai,Maharashtra,India,2025-07-06
C002906,Meera Singh,62,Male,Pune,Maharashtra,India,2025-12-05
C002907,Kabir Patel,42,Male,Mumbai,Maharashtra,India,2022-11-24
C002908,Rohan Khan,51,Male,Pune,Maharashtra,India,2024-06-22
C002909,Ishita Patel,40,Female,Hyderabad,Telangana,India,2024-05-04
C002910,Sara Nair,30,Male,Bengaluru,Karnataka,India,2026-03-05
C002911,Rohan Sharma,50,Female,Mumbai,Maharashtra,India,2025-07-02
C002912,Rohan Nair,39,Female,Pune,Maharashtra,India,2024-06-09
C002913,Anaya Iyer,64,Male,Mumbai,Maharashtra,India,2024-05-14
C002914,Ishita Mehta,24,Female,Chennai,Tamil Nadu,India,2025-09-04
C002915,Vihaan Reddy,65,Female,Delhi,Delhi,India,2024-12-16
C002916,Ishita Iyer,50,Female,Ahmedabad,Gujarat,India,2022-01-01
C002917,Sara Singh,34,Female,Delhi,Delhi,India,2025-12-11
C002918,Sara Reddy,65,Female,Chennai,Tamil Nadu,India,2024-02-15
C002919,Kabir Nair,31,Male,Chennai,Tamil Nadu,India,2024-01-14
C002920,Anaya Mehta,34,Male,Ahmedabad,Gujarat,India,2025-01-07
C002921,Sara Reddy,20,Female,Hyderabad,Telangana,India,2026-03-29
C002922,Ishita Kapoor,56,Male,Delhi,Delhi,India,2025-04-07
C002923,Vihaan Das,64,Male,Mumbai,Maharashtra,India,2024-12-22
C002924,Ishita Kapoor,65,Non-binary,Mumbai,Maharashtra,India,2022-06-17
C002925,Anaya Mehta,45,Female,Bengaluru,Karnataka,India,2023-04-04
C002926,Sara Nair,50,Male,Jaipur,Rajasthan,India,2026-07-27
C002927,Diya Mehta,42,Male,Pune,Maharashtra,India,2024-04-07
C002928,Vihaan Patel,55,Male,Ahmedabad,Gujarat,India,2026-04-13
C002929,Anaya Patel,59,Female,Delhi,Delhi,India,2022-06-18
C002930,Rohan Reddy,28,Male,Indore,Madhya Pradesh,India,2025-05-10
C002931,Kabir Patel,64,Female,Ahmedabad,Gujarat,India,2023-10-14
C002932,Sara Khan,40,Female,Mumbai,Maharashtra,India,2024-06-04
C002933,Vihaan Sharma,35,Female,Chennai,Tamil Nadu,India,2023-04-18
C002934,Anaya Patel,31,Male,Lucknow,Uttar Pradesh,India,2024-11-18
C002935,Kabir Das,26,Male,Delhi,Delhi,India,2022-08-30
C002936,Sara Singh,55,Female,Bengaluru,Karnataka,India,2022-08-31
C002937,Sara Mehta,59,Female,Ahmedabad,Gujarat,India,2026-04-13
C002938,Vihaan Khan,29,Male,Hyderabad,Telangana,India,2025-06-04
C002939,Arjun Kapoor,37,Male,Ahmedabad,Gujarat,India,2025-04-25
C002940,Aarav Sharma,58,Female,Mumbai,Maharashtra,India,2025-01-23
C002941,Sara Kapoor,26,Male,Lucknow,Uttar Pradesh,India,2026-08-15
C002942,Diya Reddy,19,Male,Mumbai,Maharashtra,India,2025-06-24
C002943,Meera Reddy,20,Female,Delhi,Delhi,India,2025-10-30
C002944,Sara Reddy,49,Male,Chennai,Tamil Nadu,India,2025-12-02
C002945,Rohan Reddy,49,Female,Delhi,Delhi,India,2024-01-13
C002946,Kabir Reddy,56,Male,Lucknow,Uttar Pradesh,India,2025-09-20
C002947,Sara Kapoor,64,Male,Delhi,Delhi,India,2024-03-02
C002948,Vihaan Reddy,54,Male,Delhi,Delhi,India,2022-09-09
C002949,Aarav Reddy,18,Female,Ahmedabad,Gujarat,India,2023-10-18
C002950,Aarav Iyer,50,Female,Chennai,Tamil Nadu,India,2022-06-15
C002951,Arjun Khan,65,Male,Delhi,Delhi,India,2023-06-22
C002952,Arjun Patel,36,Male,Mumbai,Maharashtra,India,2025-03-16
C002953,Ishita Khan,30,Male,Bengaluru,Karnataka,India,2024-03-07
C002954,Aarav Das,36,Female,Delhi,Delhi,India,2022-09-07
C002955,Kabir Sharma,49,Male,Jaipur,Rajasthan,India,2024-06-24
C002956,Arjun Das,44,Male,Lucknow,Uttar Pradesh,India,2024-03-14
C002957,Sara Khan,47,Male,Hyderabad,Telangana,India,2022-06-01
C002958,Arjun Khan,50,Male,Kochi,Kerala,India,2022-05-09
C002959,Meera Iyer,67,Female,Delhi,Delhi,India,2023-07-15
C002960,Aarav Nair,56,Female,Hyderabad,Telangana,India,2026-04-04
C002961,Ishita Das,19,Male,Delhi,Delhi,India,2026-05-09
C002962,Rohan Singh,50,Female,Mumbai,Maharashtra,India,2023-04-20
C002963,Sara Das,41,Female,Mumbai,Maharashtra,India,2023-08-09
C002964,Sara Singh,30,Female,Mumbai,Maharashtra,India,2025-02-17
C002965,Meera Kapoor,40,Female,Mumbai,Maharashtra,India,2025-10-17
C002966,Vihaan Kapoor,46,Male,Indore,Madhya Pradesh,India,2023-10-14
C002967,Kabir Kapoor,18,Female,Mumbai,Maharashtra,India,2024-12-21
C002968,Arjun Reddy,32,Female,Jaipur,Rajasthan,India,2025-04-15
C002969,Meera Khan,48,Female,Jaipur,Rajasthan,India,2026-07-19
C002970,Ishita Reddy,24,Male,Bengaluru,Karnataka,India,2025-09-24
C002971,Arjun Kapoor,23,Male,Bengaluru,Karnataka,India,2022-10-03
C002972,Rohan Khan,22,Female,Chennai,Tamil Nadu,India,2026-04-22
C002973,Sara Singh,30,Male,Pune,Maharashtra,India,2025-07-19
C002974,Anaya Mehta,46,Male,Delhi,Delhi,India,2023-01-23
C002975,Kabir Khan,50,Male,Mumbai,Maharashtra,India,2024-03-15
C002976,Meera Khan,65,Female,Pune,Maharashtra,India,2026-04-07
C002977,Kabir Nair,35,Female,Hyderabad,Telangana,India,2022-01-14
C002978,Diya Singh,29,Female,Delhi,Delhi,India,2024-05-16
C002979,Ishita Khan,63,Male,Ahmedabad,Gujarat,India,2024-04-18
C002980,Ishita Nair,65,Female,Ahmedabad,Gujarat,India,2026-04-14
C002981,Kabir Das,62,Female,Bengaluru,Karnataka,India,2026-02-12
C002982,Meera Khan,39,Male,Kolkata,West Bengal,India,2022-07-19
C002983,Ishita Nair,58,Female,Ahmedabad,Gujarat,India,2022-12-09
C002984,Sara Das,38,Female,Ahmedabad,Gujarat,India,2024-06-28
C002985,Vihaan Iyer,43,Male,Kochi,Kerala,India,2022-02-04
C002986,Sara Sharma,40,Female,Pune,Maharashtra,India,2025-03-28
C002987,Vihaan Reddy,37,Male,Hyderabad,Telangana,India,2022-01-03
C002988,Ishita Iyer,45,Male,Bengaluru,Karnataka,India,2023-09-03
C002989,Meera Kapoor,25,Male,Mumbai,Maharashtra,India,2023-10-23
C002990,Diya Sharma,32,Female,Kolkata,West Bengal,India,2024-05-28
C002991,Aarav Khan,64,Female,Mumbai,Maharashtra,India,2024-05-10
C002992,Arjun Khan,48,Female,Pune,Maharashtra,India,2026-06-03
C002993,Kabir Patel,35,Female,Kolkata,West Bengal,India,2026-06-13
C002994,Kabir Kapoor,43,Male,Lucknow,Uttar Pradesh,India,2024-11-08
C002995,Meera Nair,50,Male,Kolkata,West Bengal,India,2023-07-24
C002996,Diya Nair,64,Female,Jaipur,Rajasthan,India,2022-07-16
C002997,Kabir Mehta,43,Male,Bengaluru,Karnataka,India,2022-10-17
C002998,Sara Das,63,Male,Bengaluru,Karnataka,India,2022-06-02
C002999,Diya Reddy,64,Female,Delhi,Delhi,India,2022-09-23
C003000,Meera Mehta,37,Female,Mumbai,Maharashtra,India,2026-08-11
C003001,Sara Kapoor,46,Female,Pune,Maharashtra,India,2023-04-08
C003002,Sara Khan,65,Male,Pune,Maharashtra,India,2026-01-31
C003003,Arjun Das,54,Male,Jaipur,Rajasthan,India,2025-04-25
C003004,Ishita Reddy,51,Male,Mumbai,Maharashtra,India,2022-09-12
C003005,Aarav Sharma,32,Female,Bengaluru,Karnataka,India,2023-01-24
C003006,Diya Patel,56,Female,Indore,Madhya Pradesh,India,2026-03-04
C003007,Vihaan Patel,59,Female,Lucknow,Uttar Pradesh,India,2025-04-27
C003008,Rohan Iyer,42,Male,Mumbai,Maharashtra,India,2022-08-14
C003009,Diya Singh,42,Male,Kolkata,West Bengal,India,2024-11-30
C003010,Anaya Khan,53,Male,Jaipur,Rajasthan,India,2024-08-02
C003011,Vihaan Khan,32,Male,Pune,Maharashtra,India,2024-05-11
C003012,Ishita Iyer,33,Male,Delhi,Delhi,India,2024-07-31
C003013,Arjun Nair,66,Male,Chennai,Tamil Nadu,India,2022-09-23
C003014,Aarav Reddy,40,Female,Kolkata,West Bengal,India,2025-11-04
C003015,Ishita Khan,18,Female,Jaipur,Rajasthan,India,2026-08-29
C003016,Anaya Singh,40,Female,Bengaluru,Karnataka,India,2024-05-27
C003017,Sara Mehta,60,Female,Mumbai,Maharashtra,India,2026-07-18
C003018,Aarav Das,48,Female,Indore,Madhya Pradesh,India,2023-08-09
C003019,Arjun Das,37,Male,Delhi,Delhi,India,2023-07-13
C003020,Anaya Das,28,Female,Kolkata,West Bengal,India,2022-10-13
C003021,Arjun Mehta,59,Female,Lucknow,Uttar Pradesh,India,2024-03-29
C003022,Anaya Das,38,Male,Hyderabad,Telangana,India,2024-04-06
C003023,Diya Mehta,43,Female,Bengaluru,Karnataka,India,2023-11-22
C003024,Ishita Kapoor,51,Female,Pune,Maharashtra,India,2026-03-31
C003025,Kabir Das,26,Female,Mumbai,Maharashtra,India,2025-09-02
C003026,Rohan Nair,61,Female,Mumbai,Maharashtra,India,2024-05-21
C003027,Arjun Singh,30,Male,Kolkata,West Bengal,India,2023-05-17
C003028,Ishita Sharma,18,Male,Pune,Maharashtra,India,2023-07-01
C003029,Meera Patel,29,Male,Bengaluru,Karnataka,India,2025-02-08
C003030,Ishita Kapoor,57,Male,Bengaluru,Karnataka,India,2024-03-12
C003031,Diya Das,65,Male,Lucknow,Uttar Pradesh,India,2026-07-05
C003032,Kabir Patel,29,Female,Hyderabad,Telangana,India,2022-08-23
C003033,Anaya Nair,54,Female,Hyderabad,Telangana,India,2022-01-18
C003034,Diya Singh,37,Male,Ahmedabad,Gujarat,India,2023-10-17
C003035,Arjun Mehta,27,Male,Delhi,Delhi,India,2022-09-08
C003036,Vihaan Sharma,35,Male,Chennai,Tamil Nadu,India,2025-07-11
C003037,Ishita Patel,24,Male,Mumbai,Maharashtra,India,2026-07-16
C003038,Vihaan Kapoor,47,Male,Mumbai,Maharashtra,India,2024-01-20
C003039,Meera Nair,57,Male,Kochi,Kerala,India,2022-02-18
C003040,Vihaan Sharma,37,Male,Delhi,Delhi,India,2025-12-19
C003041,Anaya Iyer,57,Female,Bengaluru,Karnataka,India,2025-03-10
C003042,Meera Iyer,26,Male,Mumbai,Maharashtra,India,2024-02-24
C003043,Diya Singh,45,Female,Delhi,Delhi,India,2023-12-12
C003044,Meera Reddy,22,Female,Lucknow,Uttar Pradesh,India,2023-12-18
C003045,Ishita Nair,38,Male,Lucknow,Uttar Pradesh,India,2025-12-11
C003046,Meera Das,65,Non-binary,Chennai,Tamil Nadu,India,2026-05-26
C003047,Aarav Kapoor,51,Female,Pune,Maharashtra,India,2024-11-20
C003048,Vihaan Patel,21,Male,Kochi,Kerala,India,2024-10-22
C003049,Diya Kapoor,30,Male,Ahmedabad,Gujarat,India,2022-11-03
C003050,Aarav Kapoor,27,Male,Mumbai,Maharashtra,India,2025-06-11
C003051,Meera Khan,67,Male,Chennai,Tamil Nadu,India,2026-04-08
C003052,Rohan Mehta,40,Male,Bengaluru,Karnataka,India,2026-01-07
C003053,Arjun Iyer,22,Female,Mumbai,Maharashtra,India,2026-07-17
C003054,Aarav Mehta,28,Male,Pune,Maharashtra,India,2023-01-21
C003055,Ishita Iyer,37,Female,Hyderabad,Telangana,India,2026-04-12
C003056,Aarav Singh,44,Male,Hyderabad,Telangana,India,2022-08-14
C003057,Ishita Sharma,18,Male,Kochi,Kerala,India,2026-04-01
C003058,Rohan Mehta,55,Male,Bengaluru,Karnataka,India,2023-06-11
C003059,Kabir Reddy,38,Male,Delhi,Delhi,India,2024-04-19
C003060,Aarav Reddy,32,Female,Jaipur,Rajasthan,India,2025-05-13
C003061,Arjun Khan,18,Female,Bengaluru,Karnataka,India,2022-05-14
C003062,Ishita Das,22,Male,Hyderabad,Telangana,India,2023-09-16
C003063,Anaya Sharma,49,Male,Pune,Maharashtra,India,2025-02-16
C003064,Meera Das,44,Female,Ahmedabad,Gujarat,India,2026-08-28
C003065,Anaya Sharma,43,Female,Ahmedabad,Gujarat,India,2022-09-25
C003066,Anaya Kapoor,58,Male,Hyderabad,Telangana,India,2024-01-05
C003067,Kabir Kapoor,64,Male,Delhi,Delhi,India,2024-03-20
C003068,Meera Reddy,37,Female,Hyderabad,Telangana,India,2025-10-03
C003069,Kabir Kapoor,66,Male,Ahmedabad,Gujarat,India,2025-07-06
C003070,Meera Sharma,29,Non-binary,Chennai,Tamil Nadu,India,2024-12-22
C003071,Ishita Nair,61,Male,Jaipur,Rajasthan,India,2024-08-08
C003072,Rohan Mehta,35,Male,Bengaluru,Karnataka,India,2025-11-28
C003073,Anaya Iyer,29,Female,Chennai,Tamil Nadu,India,2024-01-28
C003074,Sara Mehta,55,Male,Hyderabad,Telangana,India,2023-01-22
C003075,Anaya Khan,21,Male,Chennai,Tamil Nadu,India,2026-06-28
C003076,Kabir Singh,19,Female,Bengaluru,Karnataka,India,2023-11-26
C003077,Aarav Singh,50,Male,Hyderabad,Telangana,India,2023-10-06
C003078,Diya Patel,34,Male,Bengaluru,Karnataka,India,2022-02-09
C003079,Vihaan Singh,62,Female,Hyderabad,Telangana,India,2022-03-06
C003080,Aarav Das,35,Female,Delhi,Delhi,India,2022-03-01
C003081,Rohan Singh,40,Female,Lucknow,Uttar Pradesh,India,2023-03-10
C003082,Rohan Sharma,36,Female,Delhi,Delhi,India,2024-07-29
C003083,Vihaan Mehta,19,Male,Jaipur,Rajasthan,India,2023-01-09
C003084,Vihaan Nair,18,Female,Ahmedabad,Gujarat,India,2024-12-08
C003085,Diya Patel,37,Female,Kolkata,West Bengal,India,2023-07-24
C003086,Rohan Mehta,37,Female,Hyderabad,Telangana,India,2025-09-22
C003087,Anaya Kapoor,42,Male,Ahmedabad,Gujarat,India,2025-06-08
C003088,Kabir Mehta,58,Male,Kolkata,West Bengal,India,2022-04-10
C003089,Vihaan Nair,51,Female,Hyderabad,Telangana,India,2022-04-16
C003090,Anaya Das,66,Male,Mumbai,Maharashtra,India,2025-10-08
C003091,Arjun Iyer,40,Male,Bengaluru,Karnataka,India,2026-07-12
C003092,Anaya Nair,39,Female,Delhi,Delhi,India,2023-10-09
C003093,Kabir Patel,34,Male,Indore,Madhya Pradesh,India,2024-01-10
C003094,Meera Khan,66,Female,Delhi,Delhi,India,2026-07-07
C003095,Kabir Singh,32,Female,Chennai,Tamil Nadu,India,2022-03-29
C003096,Rohan Patel,45,Female,Delhi,Delhi,India,2022-09-12
C003097,Meera Kapoor,55,Female,Kochi,Kerala,India,2023-10-01
C003098,Rohan Kapoor,51,Male,Indore,Madhya Pradesh,India,2026-01-02
C003099,Vihaan Khan,25,Male,Hyderabad,Telangana,India,2024-06-03
C003100,Meera Reddy,33,Male,Indore,Madhya Pradesh,India,2022-09-07
C003101,Arjun Reddy,46,Male,Delhi,Delhi,India,2026-03-23
C003102,Meera Nair,42,Female,Mumbai,Maharashtra,India,2025-11-13
C003103,Meera Khan,28,Female,Lucknow,Uttar Pradesh,India,2023-02-24
C003104,Diya Kapoor,62,Male,Delhi,Delhi,India,2025-06-25
C003105,Rohan Patel,49,Male,Hyderabad,Telangana,India,2022-08-22
C003106,Vihaan Nair,26,Female,Lucknow,Uttar Pradesh,India,2023-07-16
C003107,Meera Khan,25,Male,Pune,Maharashtra,India,2023-04-25
C003108,Vihaan Das,48,Male,Hyderabad,Telangana,India,2022-12-08
C003109,Rohan Patel,28,Male,Hyderabad,Telangana,India,2024-04-08
C003110,Ishita Mehta,27,Male,Hyderabad,Telangana,India,2025-06-03
C003111,Vihaan Patel,34,Male,Chennai,Tamil Nadu,India,2022-09-15
C003112,Rohan Singh,64,Male,Bengaluru,Karnataka,India,2026-04-29
C003113,Sara Mehta,20,Female,Bengaluru,Karnataka,India,2024-06-23
C003114,Sara Das,37,Female,Chennai,Tamil Nadu,India,2023-11-11
C003115,Kabir Kapoor,65,Male,Kochi,Kerala,India,2025-12-02
C003116,Anaya Das,59,Female,Lucknow,Uttar Pradesh,India,2024-01-24
C003117,Kabir Khan,19,Male,Delhi,Delhi,India,2022-04-16
C003118,Rohan Nair,57,Male,Delhi,Delhi,India,2023-12-01
C003119,Vihaan Reddy,27,Female,Bengaluru,Karnataka,India,2022-05-11
C003120,Arjun Iyer,20,Male,Ahmedabad,Gujarat,India,2025-07-13
C003121,Meera Iyer,43,Male,Kolkata,West Bengal,India,2022-07-28
C003122,Aarav Iyer,27,Male,Mumbai,Maharashtra,India,2022-07-27
C003123,Vihaan Khan,20,Female,Kochi,Kerala,India,2026-07-09
C003124,Ishita Iyer,67,Female,Bengaluru,Karnataka,India,2022-02-15
C003125,Anaya Nair,28,Female,Delhi,Delhi,India,2025-12-15
C003126,Anaya Sharma,28,Female,Hyderabad,Telangana,India,2024-01-22
C003127,Aarav Das,27,Female,Delhi,Delhi,India,2023-02-03
C003128,Kabir Das,42,Female,Kolkata,West Bengal,India,2024-12-17
C003129,Ishita Kapoor,19,Male,Kolkata,West Bengal,India,2025-01-12
C003130,Anaya Sharma,51,Female,Jaipur,Rajasthan,India,2022-11-01
C003131,Sara Kapoor,39,Male,Ahmedabad,Gujarat,India,2022-02-11
C003132,Sara Mehta,66,Female,Indore,Madhya Pradesh,India,2026-05-05
C003133,Meera Das,67,Non-binary,Pune,Maharashtra,India,2025-03-13
C003134,Diya Singh,18,Male,Hyderabad,Telangana,India,2024-05-30
C003135,Rohan Patel,65,Female,Bengaluru,Karnataka,India,2025-09-24
C003136,Sara Sharma,59,Male,Ahmedabad,Gujarat,India,2022-03-12
C003137,Arjun Reddy,37,Female,Chennai,Tamil Nadu,India,2024-09-07
C003138,Ishita Sharma,66,Female,Bengaluru,Karnataka,India,2023-09-29
C003139,Rohan Das,62,Female,Kolkata,West Bengal,India,2025-06-24
C003140,Rohan Reddy,43,Female,Bengaluru,Karnataka,India,2023-07-10
C003141,Meera Das,45,Male,Lucknow,Uttar Pradesh,India,2022-09-14
C003142,Diya Nair,47,Female,Bengaluru,Karnataka,India,2026-01-18
C003143,Sara Das,50,Male,Delhi,Delhi,India,2026-03-25
C003144,Kabir Singh,43,Male,Bengaluru,Karnataka,India,2022-02-16
C003145,Diya Das,19,Female,Bengaluru,Karnataka,India,2024-06-23
C003146,Rohan Patel,41,Male,Bengaluru,Karnataka,India,2022-10-24
C003147,Diya Reddy,32,Male,Kolkata,West Bengal,India,2026-01-12
C003148,Anaya Patel,53,Female,Bengaluru,Karnataka,India,2026-02-10
C003149,Vihaan Sharma,19,Female,Bengaluru,Karnataka,India,2025-06-18
C003150,Aarav Sharma,22,Male,Mumbai,Maharashtra,India,2023-12-27
C003151,Anaya Iyer,25,Male,Kolkata,West Bengal,India,2024-05-02
C003152,Kabir Singh,30,Non-binary,Kochi,Kerala,India,2023-07-07
C003153,Ishita Mehta,18,Female,Chennai,Tamil Nadu,India,2026-04-02
C003154,Meera Iyer,47,Male,Jaipur,Rajasthan,India,2024-11-13
C003155,Rohan Kapoor,29,Female,Delhi,Delhi,India,2023-10-05
C003156,Anaya Singh,64,Female,Lucknow,Uttar Pradesh,India,2022-07-07
C003157,Rohan Patel,58,Male,Mumbai,Maharashtra,India,2022-12-04
C003158,Meera Mehta,62,Male,Indore,Madhya Pradesh,India,2024-12-15
C003159,Sara Singh,23,Female,Jaipur,Rajasthan,India,2022-03-03
C003160,Rohan Nair,39,Male,Indore,Madhya Pradesh,India,2026-06-21
C003161,Meera Iyer,54,Male,Delhi,Delhi,India,2025-07-16
C003162,Arjun Reddy,29,Male,Mumbai,Maharashtra,India,2026-04-18
C003163,Anaya Reddy,45,Female,Kolkata,West Bengal,India,2022-01-20
C003164,Diya Das,31,Female,Mumbai,Maharashtra,India,2025-06-13
C003165,Anaya Patel,58,Female,Kolkata,West Bengal,India,2025-05-08
C003166,Anaya Khan,31,Female,Delhi,Delhi,India,2022-12-23
C003167,Diya Sharma,33,Female,Mumbai,Maharashtra,India,2025-08-04
C003168,Arjun Reddy,32,Female,Delhi,Delhi,India,2025-04-22
C003169,Anaya Khan,35,Female,Mumbai,Maharashtra,India,2026-01-24
C003170,Ishita Singh,60,Male,Bengaluru,Karnataka,India,2025-11-23
C003171,Vihaan Kapoor,49,Male,Delhi,Delhi,India,2023-07-12
C003172,Ishita Khan,65,Female,Delhi,Delhi,India,2025-04-24
C003173,Arjun Kapoor,39,Female,Mumbai,Maharashtra,India,2022-02-25
C003174,Aarav Singh,50,Male,Kolkata,West Bengal,India,2023-02-27
C003175,Meera Nair,53,Male,Ahmedabad,Gujarat,India,2026-08-31
C003176,Rohan Khan,60,Female,Hyderabad,Telangana,India,2026-01-24
C003177,Sara Nair,57,Male,Hyderabad,Telangana,India,2025-08-11
C003178,Kabir Sharma,28,Female,Kolkata,West Bengal,India,2025-01-09
C003179,Kabir Das,42,Female,Kochi,Kerala,India,2024-03-18
C003180,Arjun Nair,22,Female,Ahmedabad,Gujarat,India,2022-03-16
C003181,Ishita Khan,34,Female,Hyderabad,Telangana,India,2024-05-01
C003182,Kabir Nair,62,Male,Kochi,Kerala,India,2024-05-15
C003183,Ishita Kapoor,57,Female,Chennai,Tamil Nadu,India,2025-04-28
C003184,Sara Nair,58,Male,Delhi,Delhi,India,2022-10-07
C003185,Arjun Sharma,64,Male,Chennai,Tamil Nadu,India,2025-03-20
C003186,Aarav Mehta,64,Female,Chennai,Tamil Nadu,India,2024-08-21
C003187,Ishita Kapoor,27,Female,Kochi,Kerala,India,2023-04-02
C003188,Meera Das,54,Female,Bengaluru,Karnataka,India,2023-11-11
C003189,Ishita Nair,43,Female,Bengaluru,Karnataka,India,2025-09-16
C003190,Aarav Patel,27,Female,Mumbai,Maharashtra,India,2025-07-26
C003191,Kabir Reddy,35,Male,Hyderabad,Telangana,India,2025-04-04
C003192,Kabir Patel,19,Female,Delhi,Delhi,India,2024-05-22
C003193,Sara Das,62,Male,Ahmedabad,Gujarat,India,2022-02-10
C003194,Diya Mehta,45,Non-binary,Lucknow,Uttar Pradesh,India,2024-10-10
C003195,Rohan Das,51,Male,Jaipur,Rajasthan,India,2023-03-30
C003196,Anaya Khan,19,Female,Mumbai,Maharashtra,India,2023-11-22
C003197,Ishita Khan,44,Female,Chennai,Tamil Nadu,India,2022-02-23
C003198,Rohan Das,41,Female,Chennai,Tamil Nadu,India,2022-07-22
C003199,Sara Sharma,67,Female,Delhi,Delhi,India,2024-03-25
C003200,Kabir Khan,50,Male,Bengaluru,Karnataka,India,2022-10-21
C003201,Kabir Mehta,57,Female,Hyderabad,Telangana,India,2025-03-16
C003202,Anaya Sharma,27,Male,Delhi,Delhi,India,2022-11-01
C003203,Anaya Nair,49,Female,Bengaluru,Karnataka,India,2022-09-27
C003204,Diya Singh,50,Male,Ahmedabad,Gujarat,India,2024-04-11
C003205,Anaya Kapoor,33,Male,Pune,Maharashtra,India,2024-05-28
C003206,Sara Sharma,34,Male,Indore,Madhya Pradesh,India,2026-03-11
C003207,Ishita Reddy,18,Male,Chennai,Tamil Nadu,India,2024-12-21
C003208,Aarav Das,65,Non-binary,Indore,Madhya Pradesh,India,2026-06-24
C003209,Kabir Reddy,57,Male,Hyderabad,Telangana,India,2022-10-24
C003210,Rohan Reddy,66,Female,Kolkata,West Bengal,India,2022-08-10
C003211,Rohan Mehta,55,Male,Ahmedabad,Gujarat,India,2026-03-16
C003212,Kabir Reddy,61,Male,Delhi,Delhi,India,2024-10-16
C003213,Anaya Khan,47,Male,Lucknow,Uttar Pradesh,India,2025-06-29
C003214,Sara Das,57,Female,Mumbai,Maharashtra,India,2024-12-15
C003215,Diya Das,45,Female,Kolkata,West Bengal,India,2025-08-12
C003216,Meera Das,60,Female,Bengaluru,Karnataka,India,2024-07-01
C003217,Anaya Kapoor,64,Female,Kochi,Kerala,India,2024-08-25
C003218,Kabir Khan,23,Female,Bengaluru,Karnataka,India,2023-02-26
C003219,Meera Singh,42,Male,Kolkata,West Bengal,India,2022-03-22
C003220,Ishita Khan,55,Female,Delhi,Delhi,India,2025-06-11
C003221,Arjun Iyer,50,Male,Delhi,Delhi,India,2026-07-11
C003222,Arjun Nair,59,Female,Chennai,Tamil Nadu,India,2026-06-23
C003223,Kabir Iyer,57,Male,Pune,Maharashtra,India,2023-01-12
C003224,Meera Reddy,61,Female,Delhi,Delhi,India,2023-11-27
C003225,Vihaan Singh,24,Female,Hyderabad,Telangana,India,2023-11-25
C003226,Arjun Khan,19,Male,Kolkata,West Bengal,India,2023-10-04
C003227,Meera Iyer,24,Female,Chennai,Tamil Nadu,India,2025-05-16
C003228,Rohan Iyer,53,Male,Pune,Maharashtra,India,2025-02-07
C003229,Diya Khan,38,Male,Lucknow,Uttar Pradesh,India,2025-06-16
C003230,Anaya Reddy,25,Male,Bengaluru,Karnataka,India,2022-06-11
C003231,Vihaan Khan,67,Female,Mumbai,Maharashtra,India,2026-08-24
C003232,Diya Kapoor,49,Female,Kolkata,West Bengal,India,2022-12-17
C003233,Kabir Mehta,35,Non-binary,Kolkata,West Bengal,India,2025-09-15
C003234,Rohan Mehta,46,Male,Mumbai,Maharashtra,India,2026-06-06
C003235,Aarav Das,65,Male,Ahmedabad,Gujarat,India,2025-11-26
C003236,Vihaan Mehta,35,Male,Bengaluru,Karnataka,India,2026-02-02
C003237,Anaya Patel,33,Female,Delhi,Delhi,India,2022-03-15
C003238,Diya Patel,20,Female,Chennai,Tamil Nadu,India,2024-11-13
C003239,Ishita Singh,24,Male,Bengaluru,Karnataka,India,2023-09-04
C003240,Arjun Mehta,45,Male,Chennai,Tamil Nadu,India,2022-02-21
C003241,Anaya Das,49,Female,Kochi,Kerala,India,2022-10-17
C003242,Meera Sharma,38,Male,Pune,Maharashtra,India,2023-07-13
C003243,Anaya Patel,60,Male,Delhi,Delhi,India,2023-02-08
C003244,Diya Das,62,Male,Kolkata,West Bengal,India,2022-09-01
C003245,Meera Singh,18,Male,Kolkata,West Bengal,India,2023-08-03
C003246,Arjun Nair,31,Non-binary,Mumbai,Maharashtra,India,2024-12-13
C003247,Anaya Iyer,21,Female,Delhi,Delhi,India,2024-01-16
C003248,Arjun Khan,65,Female,Hyderabad,Telangana,India,2026-04-14
C003249,Ishita Mehta,50,Male,Lucknow,Uttar Pradesh,India,2023-09-17
C003250,Ishita Sharma,42,Male,Ahmedabad,Gujarat,India,2025-09-23
C003251,Arjun Kapoor,62,Female,Indore,Madhya Pradesh,India,2023-10-14
C003252,Anaya Patel,51,Female,Bengaluru,Karnataka,India,2024-11-02
C003253,Ishita Das,21,Male,Ahmedabad,Gujarat,India,2022-06-24
C003254,Arjun Patel,30,Male,Lucknow,Uttar Pradesh,India,2024-12-13
C003255,Arjun Khan,64,Non-binary,Bengaluru,Karnataka,India,2022-07-24
C003256,Anaya Mehta,31,Male,Lucknow,Uttar Pradesh,India,2026-01-02
C003257,Ishita Iyer,22,Female,Delhi,Delhi,India,2023-01-15
C003258,Meera Kapoor,32,Male,Bengaluru,Karnataka,India,2023-09-11
C003259,Diya Reddy,38,Male,Delhi,Delhi,India,2025-10-27
C003260,Rohan Patel,23,Male,Mumbai,Maharashtra,India,2023-05-23
C003261,Meera Kapoor,47,Male,Hyderabad,Telangana,India,2024-10-15
C003262,Vihaan Nair,61,Male,Ahmedabad,Gujarat,India,2025-01-21
C003263,Meera Singh,31,Male,Ahmedabad,Gujarat,India,2023-08-17
C003264,Arjun Sharma,48,Male,Jaipur,Rajasthan,India,2024-05-07
C003265,Arjun Patel,44,Female,Mumbai,Maharashtra,India,2025-06-26
C003266,Diya Das,45,Male,Ahmedabad,Gujarat,India,2026-01-08
C003267,Ishita Sharma,32,Non-binary,Kolkata,West Bengal,India,2022-06-18
C003268,Vihaan Khan,54,Female,Jaipur,Rajasthan,India,2024-02-24
C003269,Rohan Iyer,24,Female,Mumbai,Maharashtra,India,2024-03-31
C003270,Kabir Kapoor,47,Male,Bengaluru,Karnataka,India,2025-08-21
C003271,Sara Patel,18,Male,Pune,Maharashtra,India,2025-01-23
C003272,Aarav Iyer,36,Male,Mumbai,Maharashtra,India,2023-09-16
C003273,Diya Singh,65,Female,Chennai,Tamil Nadu,India,2023-04-09
C003274,Aarav Khan,59,Male,Chennai,Tamil Nadu,India,2023-04-05
C003275,Aarav Khan,22,Female,Ahmedabad,Gujarat,India,2025-04-20
C003276,Sara Kapoor,46,Female,Indore,Madhya Pradesh,India,2022-08-16
C003277,Sara Nair,29,Male,Delhi,Delhi,India,2025-08-14
C003278,Meera Patel,56,Male,Mumbai,Maharashtra,India,2022-09-12
C003279,Vihaan Nair,29,Male,Bengaluru,Karnataka,India,2026-01-07
C003280,Anaya Sharma,53,Female,Indore,Madhya Pradesh,India,2024-05-02
C003281,Arjun Sharma,41,Male,Kochi,Kerala,India,2022-12-14
C003282,Sara Singh,36,Male,Delhi,Delhi,India,2023-12-13
C003283,Diya Mehta,25,Male,Delhi,Delhi,India,2023-02-01
C003284,Ishita Kapoor,21,Male,Bengaluru,Karnataka,India,2022-11-29
C003285,Arjun Singh,50,Female,Ahmedabad,Gujarat,India,2022-10-27
C003286,Ishita Patel,25,Male,Ahmedabad,Gujarat,India,2025-06-15
C003287,Anaya Mehta,32,Male,Delhi,Delhi,India,2026-02-23
C003288,Diya Singh,38,Female,Bengaluru,Karnataka,India,2026-06-12
C003289,Vihaan Reddy,40,Male,Delhi,Delhi,India,2022-01-22
C003290,Sara Das,59,Male,Indore,Madhya Pradesh,India,2023-08-13
C003291,Aarav Das,49,Male,Mumbai,Maharashtra,India,2025-09-12
C003292,Kabir Singh,64,Male,Delhi,Delhi,India,2026-05-09
C003293,Arjun Mehta,54,Male,Kochi,Kerala,India,2025-10-22
C003294,Vihaan Iyer,41,Female,Chennai,Tamil Nadu,India,2024-02-26
C003295,Arjun Iyer,19,Male,Mumbai,Maharashtra,India,2025-04-12
C003296,Vihaan Kapoor,53,Female,Mumbai,Maharashtra,India,2026-05-06
C003297,Vihaan Patel,51,Female,Lucknow,Uttar Pradesh,India,2024-07-30
C003298,Anaya Reddy,38,Male,Chennai,Tamil Nadu,India,2025-02-08
C003299,Sara Iyer,54,Non-binary,Kochi,Kerala,India,2025-06-08
C003300,Ishita Singh,25,Female,Jaipur,Rajasthan,India,2022-03-22
C003301,Diya Patel,21,Male,Mumbai,Maharashtra,India,2022-09-15
C003302,Ishita Kapoor,40,Male,Delhi,Delhi,India,2022-07-29
C003303,Vihaan Kapoor,20,Male,Hyderabad,Telangana,India,2022-07-18
C003304,Kabir Iyer,32,Female,Delhi,Delhi,India,2025-03-07
C003305,Sara Khan,25,Female,Delhi,Delhi,India,2025-03-25
C003306,Rohan Patel,32,Male,Kochi,Kerala,India,2022-12-23
C003307,Ishita Das,22,Male,Chennai,Tamil Nadu,India,2024-08-08
C003308,Aarav Patel,18,Female,Lucknow,Uttar Pradesh,India,2026-04-08
C003309,Meera Khan,38,Female,Delhi,Delhi,India,2023-10-16
C003310,Diya Reddy,62,Female,Jaipur,Rajasthan,India,2024-12-28
C003311,Sara Nair,61,Male,Delhi,Delhi,India,2024-04-15
C003312,Arjun Das,27,Male,Chennai,Tamil Nadu,India,2024-07-28
C003313,Anaya Nair,23,Female,Chennai,Tamil Nadu,India,2025-07-12
C003314,Rohan Singh,39,Female,Pune,Maharashtra,India,2026-07-19
C003315,Meera Iyer,48,Female,Hyderabad,Telangana,India,2026-03-12
C003316,Ishita Reddy,55,Female,Kochi,Kerala,India,2024-08-31
C003317,Arjun Singh,30,Male,Kolkata,West Bengal,India,2025-03-22
C003318,Aarav Patel,51,Female,Pune,Maharashtra,India,2025-10-07
C003319,Ishita Das,33,Male,Pune,Maharashtra,India,2024-07-09
C003320,Anaya Singh,21,Female,Mumbai,Maharashtra,India,2022-12-14
C003321,Anaya Patel,37,Male,Jaipur,Rajasthan,India,2024-12-09
C003322,Sara Das,26,Male,Mumbai,Maharashtra,India,2023-11-14
C003323,Ishita Reddy,54,Male,Mumbai,Maharashtra,India,2025-03-11
C003324,Meera Reddy,55,Female,Delhi,Delhi,India,2024-04-06
C003325,Rohan Sharma,39,Male,Mumbai,Maharashtra,India,2024-11-11
C003326,Aarav Mehta,53,Female,Delhi,Delhi,India,2024-03-09
C003327,Meera Iyer,55,Male,Mumbai,Maharashtra,India,2022-02-25
C003328,Anaya Sharma,24,Female,Delhi,Delhi,India,2023-06-19
C003329,Kabir Patel,19,Male,Kolkata,West Bengal,India,2025-08-23
C003330,Sara Kapoor,50,Male,Ahmedabad,Gujarat,India,2022-08-22
C003331,Kabir Mehta,34,Female,Chennai,Tamil Nadu,India,2025-12-03
C003332,Diya Iyer,33,Female,Pune,Maharashtra,India,2025-08-26
C003333,Arjun Singh,21,Male,Kochi,Kerala,India,2024-07-24
C003334,Arjun Nair,41,Female,Hyderabad,Telangana,India,2023-06-22
C003335,Rohan Mehta,28,Male,Mumbai,Maharashtra,India,2022-03-27
C003336,Anaya Kapoor,67,Female,Chennai,Tamil Nadu,India,2024-04-13
C003337,Meera Patel,54,Male,Indore,Madhya Pradesh,India,2022-12-06
C003338,Aarav Mehta,60,Female,Lucknow,Uttar Pradesh,India,2023-03-18
C003339,Meera Das,24,Female,Delhi,Delhi,India,2025-08-30
C003340,Ishita Reddy,41,Male,Mumbai,Maharashtra,India,2022-12-27
C003341,Aarav Nair,30,Male,Lucknow,Uttar Pradesh,India,2024-04-04
C003342,Diya Sharma,41,Male,Bengaluru,Karnataka,India,2026-01-30
C003343,Meera Kapoor,39,Male,Jaipur,Rajasthan,India,2025-01-24
C003344,Sara Sharma,22,Female,Kolkata,West Bengal,India,2025-06-05
C003345,Anaya Nair,67,Male,Chennai,Tamil Nadu,India,2022-02-12
C003346,Sara Khan,33,Female,Lucknow,Uttar Pradesh,India,2024-09-23
C003347,Aarav Iyer,25,Male,Lucknow,Uttar Pradesh,India,2025-12-26
C003348,Arjun Khan,27,Female,Indore,Madhya Pradesh,India,2024-10-26
C003349,Aarav Sharma,61,Male,Delhi,Delhi,India,2024-01-24
C003350,Anaya Nair,22,Male,Ahmedabad,Gujarat,India,2026-06-11
C003351,Ishita Patel,32,Male,Mumbai,Maharashtra,India,2024-05-18
C003352,Rohan Reddy,61,Male,Lucknow,Uttar Pradesh,India,2026-05-29
C003353,Sara Kapoor,33,Male,Chennai,Tamil Nadu,India,2025-03-09
C003354,Arjun Reddy,57,Female,Chennai,Tamil Nadu,India,2024-05-04
C003355,Vihaan Mehta,41,Female,Mumbai,Maharashtra,India,2022-02-09
C003356,Aarav Iyer,32,Female,Delhi,Delhi,India,2024-11-20
C003357,Arjun Patel,38,Female,Pune,Maharashtra,India,2026-02-20
C003358,Sara Reddy,40,Male,Lucknow,Uttar Pradesh,India,2026-02-26
C003359,Meera Reddy,59,Female,Chennai,Tamil Nadu,India,2023-05-09
C003360,Ishita Sharma,65,Male,Mumbai,Maharashtra,India,2025-02-15
C003361,Arjun Khan,51,Male,Bengaluru,Karnataka,India,2024-10-30
C003362,Aarav Khan,20,Female,Mumbai,Maharashtra,India,2022-07-14
C003363,Sara Nair,51,Female,Kolkata,West Bengal,India,2025-10-09
C003364,Vihaan Iyer,65,Male,Chennai,Tamil Nadu,India,2022-04-13
C003365,Aarav Mehta,21,Female,Mumbai,Maharashtra,India,2023-10-12
C003366,Aarav Iyer,46,Female,Bengaluru,Karnataka,India,2024-01-19
C003367,Sara Singh,47,Female,Mumbai,Maharashtra,India,2026-02-28
C003368,Anaya Khan,18,Non-binary,Chennai,Tamil Nadu,India,2022-04-03
C003369,Diya Kapoor,44,Male,Delhi,Delhi,India,2023-06-12
C003370,Kabir Sharma,43,Female,Pune,Maharashtra,India,2022-12-01
C003371,Ishita Singh,59,Female,Mumbai,Maharashtra,India,2023-08-03
C003372,Meera Das,66,Female,Ahmedabad,Gujarat,India,2023-06-28
C003373,Sara Reddy,19,Female,Indore,Madhya Pradesh,India,2025-04-11
C003374,Kabir Kapoor,20,Female,Pune,Maharashtra,India,2026-07-27
C003375,Sara Nair,21,Female,Jaipur,Rajasthan,India,2022-08-16
C003376,Anaya Reddy,18,Female,Bengaluru,Karnataka,India,2022-04-16
C003377,Kabir Sharma,32,Male,Chennai,Tamil Nadu,India,2023-01-16
C003378,Kabir Iyer,36,Female,Ahmedabad,Gujarat,India,2026-02-14
C003379,Ishita Sharma,66,Female,Mumbai,Maharashtra,India,2025-02-03
C003380,Anaya Kapoor,33,Male,Mumbai,Maharashtra,India,2023-06-10
C003381,Anaya Das,32,Female,Delhi,Delhi,India,2026-03-13
C003382,Ishita Iyer,21,Female,Ahmedabad,Gujarat,India,2023-11-08
C003383,Kabir Reddy,39,Male,Pune,Maharashtra,India,2026-05-31
C003384,Sara Patel,42,Female,Ahmedabad,Gujarat,India,2022-07-22
C003385,Aarav Mehta,56,Female,Chennai,Tamil Nadu,India,2022-06-20
C003386,Kabir Das,64,Male,Hyderabad,Telangana,India,2025-09-17
C003387,Aarav Das,46,Male,Mumbai,Maharashtra,India,2025-10-11
C003388,Diya Sharma,35,Male,Chennai,Tamil Nadu,India,2024-10-23
C003389,Sara Sharma,57,Female,Hyderabad,Telangana,India,2026-07-06
C003390,Meera Mehta,40,Male,Kolkata,West Bengal,India,2025-10-11
C003391,Kabir Mehta,43,Female,Delhi,Delhi,India,2022-01-03
C003392,Arjun Iyer,62,Female,Chennai,Tamil Nadu,India,2023-08-08
C003393,Anaya Iyer,62,Female,Mumbai,Maharashtra,India,2025-06-26
C003394,Anaya Mehta,19,Female,Bengaluru,Karnataka,India,2025-04-28
C003395,Rohan Das,61,Male,Delhi,Delhi,India,2025-08-05
C003396,Arjun Iyer,34,Male,Kochi,Kerala,India,2026-06-26
C003397,Meera Khan,19,Male,Ahmedabad,Gujarat,India,2026-03-22
C003398,Rohan Das,63,Male,Indore,Madhya Pradesh,India,2023-01-26
C003399,Ishita Das,47,Female,Bengaluru,Karnataka,India,2025-12-25
C003400,Arjun Kapoor,65,Male,Delhi,Delhi,India,2024-10-04
C003401,Sara Patel,56,Female,Hyderabad,Telangana,India,2026-06-27
C003402,Anaya Singh,28,Male,Chennai,Tamil Nadu,India,2023-02-01
C003403,Aarav Patel,37,Female,Delhi,Delhi,India,2024-10-25
C003404,Vihaan Kapoor,23,Female,Hyderabad,Telangana,India,2024-11-24
C003405,Kabir Mehta,30,Male,Mumbai,Maharashtra,India,2022-05-28
C003406,Meera Kapoor,56,Female,Lucknow,Uttar Pradesh,India,2024-07-08
C003407,Sara Reddy,43,Female,Mumbai,Maharashtra,India,2025-12-11
C003408,Anaya Reddy,29,Female,Kochi,Kerala,India,2022-05-22
C003409,Arjun Das,56,Female,Hyderabad,Telangana,India,2024-05-27
C003410,Aarav Sharma,56,Female,Chennai,Tamil Nadu,India,2024-12-16
C003411,Sara Sharma,67,Female,Hyderabad,Telangana,India,2026-07-07
C003412,Aarav Singh,22,Female,Mumbai,Maharashtra,India,2026-07-06
C003413,Meera Reddy,54,Male,Chennai,Tamil Nadu,India,2023-09-23
C003414,Vihaan Reddy,28,Female,Hyderabad,Telangana,India,2022-11-16
C003415,Diya Khan,60,Female,Pune,Maharashtra,India,2024-05-14
C003416,Meera Kapoor,64,Male,Kolkata,West Bengal,India,2025-11-27
C003417,Ishita Reddy,41,Male,Indore,Madhya Pradesh,India,2024-06-19
C003418,Rohan Mehta,26,Male,Bengaluru,Karnataka,India,2024-04-30
C003419,Meera Das,52,Male,Ahmedabad,Gujarat,India,2022-09-03
C003420,Arjun Mehta,55,Male,Pune,Maharashtra,India,2023-07-26
C003421,Ishita Mehta,19,Female,Delhi,Delhi,India,2026-04-14
C003422,Ishita Reddy,22,Non-binary,Lucknow,Uttar Pradesh,India,2022-12-15
C003423,Arjun Khan,27,Female,Delhi,Delhi,India,2022-06-10
C003424,Rohan Das,61,Female,Hyderabad,Telangana,India,2026-01-15
C003425,Diya Iyer,37,Male,Mumbai,Maharashtra,India,2025-06-02
C003426,Meera Mehta,52,Female,Lucknow,Uttar Pradesh,India,2024-03-29
C003427,Ishita Kapoor,59,Male,Hyderabad,Telangana,India,2026-07-19
C003428,Diya Singh,28,Female,Pune,Maharashtra,India,2024-10-29
C003429,Diya Mehta,62,Female,Chennai,Tamil Nadu,India,2024-03-17
C003430,Diya Sharma,59,Male,Kochi,Kerala,India,2026-05-04
C003431,Anaya Iyer,61,Male,Pune,Maharashtra,India,2022-09-13
C003432,Diya Kapoor,22,Male,Pune,Maharashtra,India,2024-10-08
C003433,Diya Reddy,60,Male,Mumbai,Maharashtra,India,2024-01-07
C003434,Anaya Patel,26,Male,Delhi,Delhi,India,2023-02-12
C003435,Arjun Sharma,51,Female,Kolkata,West Bengal,India,2022-07-24
C003436,Aarav Singh,51,Female,Kolkata,West Bengal,India,2026-05-10
C003437,Vihaan Patel,55,Male,Pune,Maharashtra,India,2022-01-24
C003438,Arjun Kapoor,40,Non-binary,Kochi,Kerala,India,2025-07-31
C003439,Vihaan Nair,62,Female,Bengaluru,Karnataka,India,2024-05-25
C003440,Meera Das,21,Male,Kochi,Kerala,India,2022-01-20
C003441,Diya Das,43,Female,Kochi,Kerala,India,2023-04-19
C003442,Anaya Singh,49,Female,Delhi,Delhi,India,2022-10-23
C003443,Ishita Singh,27,Male,Hyderabad,Telangana,India,2023-12-13
C003444,Anaya Nair,32,Female,Mumbai,Maharashtra,India,2022-06-27
C003445,Anaya Khan,66,Female,Kochi,Kerala,India,2025-06-22
C003446,Vihaan Kapoor,33,Female,Jaipur,Rajasthan,India,2026-03-29
C003447,Diya Khan,56,Male,Pune,Maharashtra,India,2025-06-25
C003448,Diya Singh,30,Female,Jaipur,Rajasthan,India,2024-11-03
C003449,Anaya Patel,31,Male,Delhi,Delhi,India,2025-06-23
C003450,Anaya Mehta,41,Male,Kolkata,West Bengal,India,2025-03-03
C003451,Ishita Khan,22,Female,Chennai,Tamil Nadu,India,2022-12-26
C003452,Vihaan Nair,35,Male,Pune,Maharashtra,India,2026-05-13
C003453,Aarav Mehta,21,Male,Hyderabad,Telangana,India,2025-10-29
C003454,Arjun Iyer,49,Female,Ahmedabad,Gujarat,India,2023-06-05
C003455,Kabir Khan,39,Male,Kochi,Kerala,India,2024-05-29
C003456,Kabir Mehta,40,Male,Ahmedabad,Gujarat,India,2023-07-20
C003457,Anaya Reddy,46,Male,Lucknow,Uttar Pradesh,India,2022-04-29
C003458,Diya Das,32,Female,Pune,Maharashtra,India,2022-12-15
C003459,Diya Kapoor,37,Female,Bengaluru,Karnataka,India,2025-02-09
C003460,Ishita Sharma,62,Male,Kolkata,West Bengal,India,2026-06-07
C003461,Diya Singh,45,Female,Ahmedabad,Gujarat,India,2025-03-10
C003462,Meera Khan,26,Male,Bengaluru,Karnataka,India,2024-05-28
C003463,Kabir Sharma,33,Female,Bengaluru,Karnataka,India,2022-04-09
C003464,Rohan Iyer,30,Female,Mumbai,Maharashtra,India,2025-01-26
C003465,Diya Nair,36,Female,Chennai,Tamil Nadu,India,2022-03-03
C003466,Ishita Nair,62,Male,Pune,Maharashtra,India,2024-06-06
C003467,Aarav Khan,65,Male,Hyderabad,Telangana,India,2023-11-26
C003468,Aarav Patel,60,Female,Kolkata,West Bengal,India,2024-02-24
C003469,Anaya Das,48,Female,Bengaluru,Karnataka,India,2025-05-02
C003470,Rohan Mehta,21,Female,Bengaluru,Karnataka,India,2022-01-20
C003471,Meera Iyer,32,Male,Pune,Maharashtra,India,2025-03-23
C003472,Diya Sharma,35,Male,Ahmedabad,Gujarat,India,2023-10-01
C003473,Arjun Sharma,55,Male,Kolkata,West Bengal,India,2025-11-06
C003474,Ishita Mehta,34,Female,Bengaluru,Karnataka,India,2026-04-26
C003475,Aarav Iyer,43,Male,Bengaluru,Karnataka,India,2026-03-17
C003476,Arjun Nair,60,Male,Chennai,Tamil Nadu,India,2025-06-29
C003477,Anaya Mehta,43,Female,Pune,Maharashtra,India,2026-01-25
C003478,Sara Mehta,21,Male,Mumbai,Maharashtra,India,2023-08-10
C003479,Vihaan Mehta,41,Female,Mumbai,Maharashtra,India,2025-05-14
C003480,Ishita Sharma,21,Male,Ahmedabad,Gujarat,India,2023-02-01
C003481,Anaya Sharma,48,Female,Ahmedabad,Gujarat,India,2023-10-03
C003482,Sara Iyer,44,Male,Bengaluru,Karnataka,India,2025-09-06
C003483,Arjun Sharma,35,Male,Mumbai,Maharashtra,India,2026-07-14
C003484,Meera Sharma,44,Female,Ahmedabad,Gujarat,India,2023-04-03
C003485,Ishita Singh,28,Male,Chennai,Tamil Nadu,India,2025-09-28
C003486,Arjun Patel,35,Female,Chennai,Tamil Nadu,India,2026-05-19
C003487,Rohan Khan,65,Male,Kolkata,West Bengal,India,2023-11-12
C003488,Kabir Singh,27,Male,Chennai,Tamil Nadu,India,2025-04-13
C003489,Kabir Nair,51,Female,Mumbai,Maharashtra,India,2025-07-02
C003490,Sara Nair,24,Male,Delhi,Delhi,India,2025-03-17
C003491,Vihaan Kapoor,51,Non-binary,Bengaluru,Karnataka,India,2024-11-02
C003492,Anaya Kapoor,19,Male,Lucknow,Uttar Pradesh,India,2022-09-25
C003493,Kabir Patel,55,Male,Pune,Maharashtra,India,2022-03-30
C003494,Diya Kapoor,44,Male,Chennai,Tamil Nadu,India,2026-04-02
C003495,Vihaan Nair,41,Male,Mumbai,Maharashtra,India,2024-01-17
C003496,Anaya Khan,43,Male,Delhi,Delhi,India,2023-02-18
C003497,Aarav Singh,49,Female,Bengaluru,Karnataka,India,2023-08-26
C003498,Diya Das,26,Male,Bengaluru,Karnataka,India,2024-11-10
C003499,Ishita Mehta,33,Female,Indore,Madhya Pradesh,India,2023-01-01
C003500,Diya Iyer,54,Male,Mumbai,Maharashtra,India,2026-08-17
C003501,Rohan Kapoor,35,Male,Chennai,Tamil Nadu,India,2024-01-05
C003502,Anaya Patel,24,Female,Lucknow,Uttar Pradesh,India,2025-08-19
C003503,Sara Reddy,34,Female,Kolkata,West Bengal,India,2023-08-05
C003504,Rohan Mehta,53,Female,Delhi,Delhi,India,2025-11-06
C003505,Kabir Kapoor,67,Female,Kolkata,West Bengal,India,2022-01-20
C003506,Arjun Sharma,33,Male,Kolkata,West Bengal,India,2022-08-24
C003507,Ishita Kapoor,57,Male,Delhi,Delhi,India,2022-07-30
C003508,Sara Iyer,59,Male,Delhi,Delhi,India,2025-11-18
C003509,Vihaan Iyer,62,Female,Chennai,Tamil Nadu,India,2025-06-19
C003510,Meera Kapoor,48,Non-binary,Kolkata,West Bengal,India,2022-08-09
C003511,Anaya Nair,18,Non-binary,Delhi,Delhi,India,2023-10-20
C003512,Arjun Singh,57,Male,Jaipur,Rajasthan,India,2022-04-20
C003513,Anaya Singh,58,Male,Hyderabad,Telangana,India,2026-06-04
C003514,Kabir Sharma,45,Female,Bengaluru,Karnataka,India,2022-10-29
C003515,Arjun Mehta,50,Male,Chennai,Tamil Nadu,India,2024-05-22
C003516,Rohan Sharma,40,Female,Bengaluru,Karnataka,India,2026-05-17
C003517,Arjun Kapoor,24,Male,Delhi,Delhi,India,2025-01-21
C003518,Meera Nair,48,Female,Jaipur,Rajasthan,India,2023-01-05
C003519,Vihaan Mehta,34,Male,Pune,Maharashtra,India,2022-07-13
C003520,Aarav Sharma,30,Male,Chennai,Tamil Nadu,India,2026-08-06
C003521,Sara Mehta,26,Female,Kochi,Kerala,India,2022-07-02
C003522,Rohan Sharma,18,Female,Mumbai,Maharashtra,India,2024-06-16
C003523,Diya Patel,40,Female,Delhi,Delhi,India,2025-01-19
C003524,Sara Sharma,61,Female,Kochi,Kerala,India,2024-02-14
C003525,Anaya Patel,42,Female,Mumbai,Maharashtra,India,2026-03-25
C003526,Meera Patel,65,Female,Bengaluru,Karnataka,India,2026-03-02
C003527,Rohan Singh,30,Male,Kochi,Kerala,India,2026-01-17
C003528,Sara Patel,36,Non-binary,Mumbai,Maharashtra,India,2024-05-30
C003529,Vihaan Khan,22,Female,Mumbai,Maharashtra,India,2022-08-27
C003530,Sara Reddy,50,Female,Delhi,Delhi,India,2023-11-24
C003531,Aarav Nair,65,Male,Mumbai,Maharashtra,India,2022-08-05
C003532,Meera Iyer,34,Female,Mumbai,Maharashtra,India,2022-07-15
C003533,Vihaan Nair,58,Female,Bengaluru,Karnataka,India,2026-07-23
C003534,Vihaan Das,60,Female,Bengaluru,Karnataka,India,2022-12-17
C003535,Anaya Das,24,Female,Indore,Madhya Pradesh,India,2024-10-29
C003536,Rohan Nair,64,Male,Lucknow,Uttar Pradesh,India,2022-03-08
C003537,Diya Mehta,55,Male,Mumbai,Maharashtra,India,2025-04-01
C003538,Kabir Kapoor,44,Female,Bengaluru,Karnataka,India,2024-12-06
C003539,Rohan Patel,61,Male,Pune,Maharashtra,India,2022-07-26
C003540,Vihaan Das,59,Female,Delhi,Delhi,India,2023-08-23
C003541,Aarav Kapoor,44,Male,Delhi,Delhi,India,2025-03-06
C003542,Ishita Mehta,55,Male,Hyderabad,Telangana,India,2022-08-01
C003543,Diya Mehta,63,Female,Mumbai,Maharashtra,India,2023-05-29
C003544,Sara Nair,34,Female,Kochi,Kerala,India,2024-01-19
C003545,Vihaan Khan,45,Male,Hyderabad,Telangana,India,2022-03-04
C003546,Arjun Das,64,Female,Pune,Maharashtra,India,2024-09-15
C003547,Rohan Patel,28,Male,Bengaluru,Karnataka,India,2025-03-19
C003548,Aarav Patel,30,Female,Ahmedabad,Gujarat,India,2022-04-10
C003549,Kabir Mehta,39,Male,Bengaluru,Karnataka,India,2024-10-30
C003550,Sara Das,67,Non-binary,Bengaluru,Karnataka,India,2023-01-29
C003551,Vihaan Sharma,22,Female,Jaipur,Rajasthan,India,2022-11-10
C003552,Vihaan Kapoor,24,Female,Mumbai,Maharashtra,India,2025-05-25
C003553,Rohan Sharma,49,Male,Kochi,Kerala,India,2022-09-16
C003554,Meera Kapoor,29,Female,Kochi,Kerala,India,2025-10-14
C003555,Aarav Iyer,66,Female,Delhi,Delhi,India,2024-08-28
C003556,Diya Reddy,31,Female,Delhi,Delhi,India,2023-01-02
C003557,Ishita Reddy,67,Male,Chennai,Tamil Nadu,India,2022-04-27
C003558,Anaya Mehta,20,Non-binary,Lucknow,Uttar Pradesh,India,2022-10-27
C003559,Rohan Singh,23,Male,Pune,Maharashtra,India,2022-10-09
C003560,Arjun Kapoor,38,Female,Bengaluru,Karnataka,India,2024-04-09
C003561,Vihaan Das,25,Male,Indore,Madhya Pradesh,India,2023-07-21
C003562,Rohan Das,66,Female,Kochi,Kerala,India,2023-06-07
C003563,Arjun Sharma,54,Female,Chennai,Tamil Nadu,India,2026-01-10
C003564,Vihaan Singh,27,Female,Bengaluru,Karnataka,India,2024-10-05
C003565,Diya Das,22,Male,Delhi,Delhi,India,2025-03-11
C003566,Arjun Singh,18,Male,Kochi,Kerala,India,2022-11-06
C003567,Aarav Singh,66,Male,Bengaluru,Karnataka,India,2022-09-15
C003568,Rohan Iyer,24,Male,Jaipur,Rajasthan,India,2025-05-28
C003569,Vihaan Patel,46,Male,Ahmedabad,Gujarat,India,2024-06-17
C003570,Diya Iyer,64,Male,Bengaluru,Karnataka,India,2024-03-01
C003571,Sara Mehta,60,Male,Mumbai,Maharashtra,India,2025-06-28
C003572,Kabir Iyer,31,Female,Bengaluru,Karnataka,India,2022-04-28
C003573,Rohan Kapoor,45,Male,Ahmedabad,Gujarat,India,2023-07-15
C003574,Vihaan Nair,56,Male,Indore,Madhya Pradesh,India,2026-05-09
C003575,Vihaan Singh,59,Female,Bengaluru,Karnataka,India,2024-09-14
C003576,Vihaan Nair,31,Female,Jaipur,Rajasthan,India,2022-03-31
C003577,Vihaan Iyer,18,Female,Delhi,Delhi,India,2024-04-11
C003578,Sara Mehta,34,Female,Lucknow,Uttar Pradesh,India,2024-08-07
C003579,Rohan Nair,57,Non-binary,Delhi,Delhi,India,2024-08-24
C003580,Meera Khan,45,Female,Bengaluru,Karnataka,India,2026-02-17
C003581,Aarav Mehta,28,Male,Kolkata,West Bengal,India,2022-05-18
C003582,Vihaan Singh,42,Male,Jaipur,Rajasthan,India,2024-05-06
C003583,Meera Kapoor,43,Male,Pune,Maharashtra,India,2024-11-20
C003584,Anaya Reddy,32,Female,Hyderabad,Telangana,India,2022-06-25
C003585,Aarav Khan,36,Female,Hyderabad,Telangana,India,2022-04-11
C003586,Anaya Khan,54,Male,Jaipur,Rajasthan,India,2024-06-18
C003587,Aarav Iyer,29,Male,Hyderabad,Telangana,India,2023-02-03
C003588,Sara Nair,57,Female,Delhi,Delhi,India,2026-01-21
C003589,Sara Khan,28,Male,Mumbai,Maharashtra,India,2025-05-05
C003590,Vihaan Nair,38,Female,Bengaluru,Karnataka,India,2023-10-11
C003591,Vihaan Khan,45,Non-binary,Mumbai,Maharashtra,India,2024-08-31
C003592,Anaya Reddy,32,Male,Jaipur,Rajasthan,India,2025-08-23
C003593,Vihaan Singh,43,Female,Bengaluru,Karnataka,India,2025-06-26
C003594,Rohan Patel,32,Female,Hyderabad,Telangana,India,2024-04-12
C003595,Sara Iyer,55,Male,Delhi,Delhi,India,2022-02-02
C003596,Diya Iyer,32,Male,Ahmedabad,Gujarat,India,2022-03-28
C003597,Arjun Nair,32,Female,Kolkata,West Bengal,India,2023-06-05
C003598,Sara Mehta,29,Female,Pune,Maharashtra,India,2024-03-07
C003599,Aarav Mehta,30,Female,Lucknow,Uttar Pradesh,India,2022-11-08
C003600,Ishita Reddy,33,Male,Delhi,Delhi,India,2022-03-26
C003601,Kabir Reddy,64,Male,Mumbai,Maharashtra,India,2025-08-30
C003602,Sara Sharma,43,Female,Mumbai,Maharashtra,India,2024-09-05
C003603,Anaya Kapoor,52,Female,Chennai,Tamil Nadu,India,2025-09-07
C003604,Rohan Khan,18,Female,Pune,Maharashtra,India,2025-12-30
C003605,Meera Sharma,62,Female,Chennai,Tamil Nadu,India,2026-04-15
C003606,Anaya Singh,28,Male,Kolkata,West Bengal,India,2025-12-15
C003607,Ishita Sharma,25,Male,Mumbai,Maharashtra,India,2023-05-15
C003608,Diya Iyer,49,Male,Ahmedabad,Gujarat,India,2024-06-05
C003609,Kabir Khan,63,Female,Ahmedabad,Gujarat,India,2025-10-07
C003610,Vihaan Patel,18,Male,Bengaluru,Karnataka,India,2023-02-11
C003611,Rohan Mehta,58,Female,Kolkata,West Bengal,India,2022-02-28
C003612,Kabir Iyer,42,Male,Bengaluru,Karnataka,India,2026-07-06
C003613,Anaya Mehta,19,Female,Hyderabad,Telangana,India,2026-01-26
C003614,Meera Kapoor,57,Male,Pune,Maharashtra,India,2022-02-05
C003615,Anaya Kapoor,48,Male,Bengaluru,Karnataka,India,2022-04-14
C003616,Sara Reddy,34,Male,Pune,Maharashtra,India,2024-08-20
C003617,Arjun Reddy,51,Male,Ahmedabad,Gujarat,India,2025-02-02
C003618,Arjun Reddy,52,Male,Mumbai,Maharashtra,India,2025-05-16
C003619,Anaya Mehta,30,Male,Hyderabad,Telangana,India,2022-12-08
C003620,Arjun Khan,37,Male,Ahmedabad,Gujarat,India,2026-02-05
C003621,Diya Patel,62,Male,Lucknow,Uttar Pradesh,India,2022-10-12
C003622,Sara Mehta,52,Male,Chennai,Tamil Nadu,India,2023-01-30
C003623,Rohan Singh,41,Female,Bengaluru,Karnataka,India,2022-09-28
C003624,Ishita Patel,57,Female,Bengaluru,Karnataka,India,2024-10-04
C003625,Aarav Sharma,40,Male,Lucknow,Uttar Pradesh,India,2022-01-17
C003626,Diya Khan,20,Male,Ahmedabad,Gujarat,India,2026-04-13
C003627,Sara Sharma,61,Male,Bengaluru,Karnataka,India,2022-04-26
C003628,Diya Sharma,33,Female,Lucknow,Uttar Pradesh,India,2026-01-15
C003629,Kabir Reddy,30,Male,Delhi,Delhi,India,2025-12-06
C003630,Anaya Das,62,Female,Mumbai,Maharashtra,India,2022-06-07
C003631,Anaya Kapoor,42,Female,Indore,Madhya Pradesh,India,2024-07-23
C003632,Aarav Patel,21,Female,Jaipur,Rajasthan,India,2026-05-18
C003633,Vihaan Mehta,63,Non-binary,Hyderabad,Telangana,India,2022-11-15
C003634,Rohan Khan,43,Male,Mumbai,Maharashtra,India,2024-05-25
C003635,Aarav Iyer,67,Female,Chennai,Tamil Nadu,India,2026-02-05
C003636,Rohan Kapoor,59,Male,Chennai,Tamil Nadu,India,2022-04-30
C003637,Rohan Reddy,51,Male,Mumbai,Maharashtra,India,2022-06-30
C003638,Ishita Singh,22,Female,Pune,Maharashtra,India,2024-02-28
C003639,Aarav Mehta,44,Male,Delhi,Delhi,India,2024-10-27
C003640,Kabir Nair,56,Female,Lucknow,Uttar Pradesh,India,2024-02-03
C003641,Anaya Khan,46,Male,Mumbai,Maharashtra,India,2025-04-02
C003642,Sara Iyer,42,Male,Mumbai,Maharashtra,India,2022-12-13
C003643,Rohan Khan,58,Female,Delhi,Delhi,India,2023-04-10
C003644,Anaya Iyer,65,Female,Bengaluru,Karnataka,India,2025-12-14
C003645,Sara Reddy,22,Female,Delhi,Delhi,India,2022-09-08
C003646,Arjun Nair,27,Female,Delhi,Delhi,India,2025-02-15
C003647,Arjun Patel,28,Male,Chennai,Tamil Nadu,India,2025-08-27
C003648,Kabir Reddy,25,Female,Delhi,Delhi,India,2022-12-10
C003649,Diya Sharma,60,Female,Hyderabad,Telangana,India,2025-04-22
C003650,Sara Patel,31,Female,Bengaluru,Karnataka,India,2023-01-19
C003651,Meera Sharma,41,Non-binary,Delhi,Delhi,India,2023-05-13
C003652,Kabir Khan,20,Male,Pune,Maharashtra,India,2022-01-31
C003653,Ishita Mehta,53,Female,Mumbai,Maharashtra,India,2024-10-08
C003654,Ishita Mehta,42,Female,Delhi,Delhi,India,2025-11-27
C003655,Kabir Singh,30,Female,Jaipur,Rajasthan,India,2025-06-13
C003656,Diya Patel,18,Female,Indore,Madhya Pradesh,India,2024-06-01
C003657,Rohan Singh,62,Male,Mumbai,Maharashtra,India,2022-10-24
C003658,Sara Sharma,26,Female,Lucknow,Uttar Pradesh,India,2026-07-03
C003659,Arjun Khan,54,Male,Delhi,Delhi,India,2022-02-11
C003660,Anaya Nair,55,Male,Pune,Maharashtra,India,2025-06-22
C003661,Rohan Singh,18,Female,Mumbai,Maharashtra,India,2026-06-09
C003662,Kabir Das,21,Female,Pune,Maharashtra,India,2025-08-13
C003663,Meera Iyer,41,Male,Mumbai,Maharashtra,India,2024-08-08
C003664,Vihaan Singh,34,Male,Delhi,Delhi,India,2026-02-07
C003665,Ishita Reddy,31,Female,Indore,Madhya Pradesh,India,2026-01-16
C003666,Rohan Iyer,52,Female,Lucknow,Uttar Pradesh,India,2023-06-03
C003667,Diya Das,19,Female,Ahmedabad,Gujarat,India,2023-02-10
C003668,Kabir Nair,48,Male,Kolkata,West Bengal,India,2024-09-07
C003669,Ishita Das,38,Female,Bengaluru,Karnataka,India,2025-03-02
C003670,Meera Iyer,33,Male,Delhi,Delhi,India,2023-07-03
C003671,Sara Das,38,Non-binary,Bengaluru,Karnataka,India,2022-04-08
C003672,Vihaan Patel,43,Female,Hyderabad,Telangana,India,2024-06-12
C003673,Aarav Singh,60,Female,Bengaluru,Karnataka,India,2022-09-19
C003674,Diya Sharma,53,Male,Hyderabad,Telangana,India,2024-09-17
C003675,Kabir Das,57,Male,Delhi,Delhi,India,2023-03-23
C003676,Diya Singh,58,Male,Mumbai,Maharashtra,India,2026-08-03
C003677,Vihaan Khan,18,Female,Hyderabad,Telangana,India,2024-05-26
C003678,Kabir Das,21,Male,Chennai,Tamil Nadu,India,2026-08-15
C003679,Rohan Nair,48,Female,Indore,Madhya Pradesh,India,2023-04-21
C003680,Diya Sharma,22,Female,Jaipur,Rajasthan,India,2025-08-26
C003681,Diya Patel,29,Female,Chennai,Tamil Nadu,India,2024-05-21
C003682,Kabir Mehta,31,Female,Hyderabad,Telangana,India,2026-08-13
C003683,Rohan Patel,32,Female,Pune,Maharashtra,India,2022-08-06
C003684,Vihaan Reddy,35,Female,Hyderabad,Telangana,India,2023-04-30
C003685,Ishita Khan,25,Female,Mumbai,Maharashtra,India,2023-04-16
C003686,Vihaan Singh,59,Female,Delhi,Delhi,India,2024-02-28
C003687,Aarav Das,29,Female,Mumbai,Maharashtra,India,2022-09-30
C003688,Kabir Singh,50,Female,Indore,Madhya Pradesh,India,2026-03-31
C003689,Ishita Khan,62,Female,Kolkata,West Bengal,India,2023-11-17
C003690,Meera Nair,56,Male,Delhi,Delhi,India,2022-11-07
C003691,Anaya Reddy,34,Male,Ahmedabad,Gujarat,India,2026-03-10
C003692,Rohan Singh,23,Male,Bengaluru,Karnataka,India,2025-03-30
C003693,Diya Sharma,45,Male,Delhi,Delhi,India,2026-08-06
C003694,Vihaan Reddy,51,Female,Chennai,Tamil Nadu,India,2022-11-12
C003695,Sara Nair,43,Male,Pune,Maharashtra,India,2024-05-06
C003696,Kabir Mehta,36,Female,Mumbai,Maharashtra,India,2022-10-05
C003697,Anaya Reddy,62,Male,Bengaluru,Karnataka,India,2026-06-07
C003698,Aarav Mehta,40,Male,Jaipur,Rajasthan,India,2026-07-15
C003699,Diya Khan,60,Female,Pune,Maharashtra,India,2024-03-23
C003700,Ishita Reddy,27,Female,Bengaluru,Karnataka,India,2022-09-04
C003701,Rohan Singh,36,Female,Mumbai,Maharashtra,India,2024-02-12
C003702,Aarav Das,31,Female,Indore,Madhya Pradesh,India,2023-08-16
C003703,Anaya Patel,67,Male,Mumbai,Maharashtra,India,2024-01-13
C003704,Diya Khan,46,Female,Kolkata,West Bengal,India,2024-03-11
C003705,Anaya Patel,50,Female,Delhi,Delhi,India,2022-04-01
C003706,Arjun Kapoor,26,Male,Mumbai,Maharashtra,India,2026-08-06
C003707,Diya Khan,23,Female,Lucknow,Uttar Pradesh,India,2024-07-22
C003708,Meera Patel,29,Female,Mumbai,Maharashtra,India,2024-01-04
C003709,Vihaan Iyer,56,Male,Mumbai,Maharashtra,India,2025-03-14
C003710,Sara Das,29,Female,Delhi,Delhi,India,2026-01-13
C003711,Meera Das,50,Female,Mumbai,Maharashtra,India,2025-09-24
C003712,Diya Mehta,51,Male,Chennai,Tamil Nadu,India,2022-09-22
C003713,Meera Iyer,35,Non-binary,Lucknow,Uttar Pradesh,India,2024-05-13
C003714,Sara Singh,18,Male,Pune,Maharashtra,India,2023-08-14
C003715,Kabir Patel,60,Female,Kolkata,West Bengal,India,2023-06-09
C003716,Anaya Nair,52,Male,Bengaluru,Karnataka,India,2024-12-17
C003717,Meera Khan,25,Female,Mumbai,Maharashtra,India,2024-12-27
C003718,Diya Kapoor,20,Male,Bengaluru,Karnataka,India,2023-09-04
C003719,Arjun Patel,28,Male,Hyderabad,Telangana,India,2025-02-12
C003720,Diya Iyer,33,Female,Delhi,Delhi,India,2024-09-20
C003721,Sara Reddy,22,Female,Mumbai,Maharashtra,India,2023-10-17
C003722,Sara Singh,65,Non-binary,Hyderabad,Telangana,India,2022-03-29
C003723,Vihaan Sharma,53,Female,Ahmedabad,Gujarat,India,2025-04-18
C003724,Vihaan Kapoor,47,Male,Delhi,Delhi,India,2024-10-07
C003725,Meera Khan,51,Male,Mumbai,Maharashtra,India,2024-07-05
C003726,Arjun Khan,21,Female,Hyderabad,Telangana,India,2024-04-21
C003727,Diya Iyer,67,Male,Kochi,Kerala,India,2025-08-21
C003728,Kabir Mehta,42,Female,Indore,Madhya Pradesh,India,2025-02-04
C003729,Aarav Sharma,52,Male,Ahmedabad,Gujarat,India,2025-11-26
C003730,Vihaan Patel,44,Female,Mumbai,Maharashtra,India,2022-10-28
C003731,Meera Nair,25,Female,Bengaluru,Karnataka,India,2022-10-01
C003732,Ishita Reddy,39,Male,Bengaluru,Karnataka,India,2025-09-21
C003733,Ishita Patel,21,Female,Mumbai,Maharashtra,India,2024-08-11
C003734,Anaya Reddy,32,Male,Mumbai,Maharashtra,India,2023-05-13
C003735,Anaya Khan,30,Female,Chennai,Tamil Nadu,India,2022-02-13
C003736,Kabir Iyer,38,Female,Mumbai,Maharashtra,India,2025-02-19
C003737,Aarav Kapoor,23,Male,Jaipur,Rajasthan,India,2025-12-06
C003738,Sara Mehta,36,Male,Bengaluru,Karnataka,India,2024-09-14
C003739,Vihaan Patel,56,Male,Mumbai,Maharashtra,India,2026-06-06
C003740,Diya Patel,29,Male,Delhi,Delhi,India,2026-07-04
C003741,Arjun Patel,43,Male,Chennai,Tamil Nadu,India,2023-04-28
C003742,Diya Singh,25,Male,Pune,Maharashtra,India,2026-05-28
C003743,Anaya Reddy,28,Male,Pune,Maharashtra,India,2023-08-01
C003744,Rohan Nair,26,Male,Delhi,Delhi,India,2023-08-09
C003745,Vihaan Reddy,40,Male,Pune,Maharashtra,India,2023-02-16
C003746,Sara Sharma,43,Male,Mumbai,Maharashtra,India,2022-03-31
C003747,Sara Das,50,Male,Indore,Madhya Pradesh,India,2024-12-11
C003748,Ishita Mehta,45,Male,Chennai,Tamil Nadu,India,2023-10-15
C003749,Diya Sharma,63,Female,Ahmedabad,Gujarat,India,2022-01-24
C003750,Aarav Khan,60,Male,Chennai,Tamil Nadu,India,2024-09-13
C003751,Arjun Sharma,25,Female,Pune,Maharashtra,India,2025-12-20
C003752,Aarav Mehta,39,Male,Chennai,Tamil Nadu,India,2022-11-24
C003753,Aarav Reddy,21,Female,Bengaluru,Karnataka,India,2024-11-10
C003754,Meera Nair,22,Female,Pune,Maharashtra,India,2024-08-25
C003755,Vihaan Kapoor,59,Male,Bengaluru,Karnataka,India,2026-03-22
C003756,Diya Sharma,23,Male,Delhi,Delhi,India,2022-07-19
C003757,Vihaan Nair,40,Non-binary,Indore,Madhya Pradesh,India,2022-11-22
C003758,Sara Iyer,42,Male,Jaipur,Rajasthan,India,2023-06-07
C003759,Vihaan Singh,62,Male,Pune,Maharashtra,India,2024-07-18
C003760,Rohan Mehta,18,Female,Mumbai,Maharashtra,India,2025-02-04
C003761,Ishita Reddy,36,Female,Hyderabad,Telangana,India,2023-10-28
C003762,Aarav Reddy,26,Female,Mumbai,Maharashtra,India,2023-01-05
C003763,Anaya Iyer,29,Male,Lucknow,Uttar Pradesh,India,2023-03-26
C003764,Anaya Nair,23,Male,Indore,Madhya Pradesh,India,2024-02-13
C003765,Arjun Iyer,20,Female,Bengaluru,Karnataka,India,2024-01-30
C003766,Anaya Nair,34,Female,Mumbai,Maharashtra,India,2022-09-21
C003767,Anaya Singh,43,Female,Chennai,Tamil Nadu,India,2023-03-01
C003768,Aarav Das,50,Male,Jaipur,Rajasthan,India,2023-03-19
C003769,Meera Singh,56,Female,Hyderabad,Telangana,India,2026-02-18
C003770,Aarav Singh,24,Male,Ahmedabad,Gujarat,India,2022-07-14
C003771,Anaya Khan,36,Female,Kolkata,West Bengal,India,2023-08-02
C003772,Kabir Sharma,46,Male,Mumbai,Maharashtra,India,2025-05-01
C003773,Ishita Mehta,64,Male,Hyderabad,Telangana,India,2022-11-16
C003774,Arjun Khan,21,Female,Delhi,Delhi,India,2025-01-30
C003775,Arjun Das,55,Male,Kochi,Kerala,India,2026-03-05
C003776,Arjun Singh,59,Female,Kolkata,West Bengal,India,2023-12-06
C003777,Arjun Iyer,45,Male,Mumbai,Maharashtra,India,2025-03-30
C003778,Vihaan Sharma,38,Female,Delhi,Delhi,India,2024-03-29
C003779,Kabir Singh,65,Female,Bengaluru,Karnataka,India,2024-02-29
C003780,Anaya Nair,21,Male,Indore,Madhya Pradesh,India,2026-03-22
C003781,Arjun Khan,19,Female,Kolkata,West Bengal,India,2023-08-30
C003782,Ishita Sharma,24,Female,Ahmedabad,Gujarat,India,2024-03-30
C003783,Ishita Khan,26,Male,Pune,Maharashtra,India,2022-02-09
C003784,Vihaan Reddy,55,Male,Hyderabad,Telangana,India,2026-02-28
C003785,Diya Kapoor,53,Male,Kolkata,West Bengal,India,2025-11-23
C003786,Kabir Das,36,Female,Delhi,Delhi,India,2026-05-19
C003787,Sara Nair,53,Female,Kochi,Kerala,India,2023-03-20
C003788,Rohan Reddy,27,Male,Pune,Maharashtra,India,2024-02-20
C003789,Vihaan Khan,57,Male,Jaipur,Rajasthan,India,2023-08-24
C003790,Kabir Iyer,55,Male,Ahmedabad,Gujarat,India,2024-12-30
C003791,Meera Das,27,Female,Kochi,Kerala,India,2024-10-01
C003792,Arjun Reddy,31,Male,Ahmedabad,Gujarat,India,2026-07-30
C003793,Sara Nair,45,Female,Chennai,Tamil Nadu,India,2024-04-12
C003794,Sara Nair,51,Female,Chennai,Tamil Nadu,India,2024-05-20
C003795,Ishita Khan,38,Male,Pune,Maharashtra,India,2025-06-16
C003796,Sara Patel,53,Male,Mumbai,Maharashtra,India,2024-09-27
C003797,Vihaan Nair,40,Female,Bengaluru,Karnataka,India,2023-08-13
C003798,Aarav Sharma,40,Male,Bengaluru,Karnataka,India,2024-11-21
C003799,Anaya Mehta,62,Male,Delhi,Delhi,India,2023-12-23
C003800,Sara Sharma,53,Female,Bengaluru,Karnataka,India,2023-06-23
C003801,Anaya Nair,27,Male,Delhi,Delhi,India,2022-07-24
C003802,Kabir Khan,44,Male,Pune,Maharashtra,India,2024-06-29
C003803,Ishita Khan,62,Male,Chennai,Tamil Nadu,India,2023-06-14
C003804,Kabir Singh,60,Non-binary,Delhi,Delhi,India,2023-03-04
C003805,Rohan Kapoor,54,Female,Bengaluru,Karnataka,India,2025-02-18
C003806,Sara Sharma,62,Male,Ahmedabad,Gujarat,India,2022-05-28
C003807,Aarav Iyer,40,Female,Mumbai,Maharashtra,India,2022-05-05
C003808,Ishita Singh,24,Male,Jaipur,Rajasthan,India,2025-08-22
C003809,Kabir Iyer,43,Non-binary,Kochi,Kerala,India,2024-02-27
C003810,Anaya Sharma,55,Male,Hyderabad,Telangana,India,2025-04-06
C003811,Arjun Patel,24,Female,Hyderabad,Telangana,India,2022-03-17
C003812,Anaya Reddy,53,Female,Delhi,Delhi,India,2022-05-21
C003813,Kabir Kapoor,53,Male,Mumbai,Maharashtra,India,2025-02-20
C003814,Arjun Sharma,40,Male,Chennai,Tamil Nadu,India,2022-10-12
C003815,Vihaan Nair,59,Female,Mumbai,Maharashtra,India,2023-04-20
C003816,Sara Khan,25,Female,Indore,Madhya Pradesh,India,2022-01-27
C003817,Anaya Das,27,Female,Mumbai,Maharashtra,India,2024-07-16
C003818,Rohan Singh,57,Female,Kolkata,West Bengal,India,2025-12-12
C003819,Arjun Mehta,67,Female,Mumbai,Maharashtra,India,2025-03-22
C003820,Anaya Iyer,32,Male,Lucknow,Uttar Pradesh,India,2026-04-09
C003821,Ishita Reddy,31,Male,Mumbai,Maharashtra,India,2025-03-05
C003822,Diya Reddy,49,Female,Bengaluru,Karnataka,India,2024-04-12
C003823,Diya Patel,42,Male,Mumbai,Maharashtra,India,2024-09-05
C003824,Anaya Khan,67,Male,Bengaluru,Karnataka,India,2025-07-31
C003825,Arjun Singh,27,Female,Ahmedabad,Gujarat,India,2024-06-12
C003826,Anaya Sharma,40,Female,Delhi,Delhi,India,2022-06-25
C003827,Arjun Nair,46,Female,Delhi,Delhi,India,2025-03-24
C003828,Ishita Reddy,28,Female,Bengaluru,Karnataka,India,2025-03-12
C003829,Ishita Das,42,Female,Ahmedabad,Gujarat,India,2022-08-02
C003830,Diya Nair,62,Male,Chennai,Tamil Nadu,India,2024-09-07
C003831,Vihaan Kapoor,20,Non-binary,Kolkata,West Bengal,India,2026-05-22
C003832,Anaya Reddy,43,Male,Kolkata,West Bengal,India,2023-06-07
C003833,Sara Nair,65,Male,Ahmedabad,Gujarat,India,2026-01-01
C003834,Meera Kapoor,47,Female,Hyderabad,Telangana,India,2026-03-17
C003835,Ishita Reddy,36,Male,Hyderabad,Telangana,India,2022-12-16
C003836,Meera Sharma,59,Female,Chennai,Tamil Nadu,India,2026-04-07
C003837,Diya Nair,30,Male,Hyderabad,Telangana,India,2026-02-25
C003838,Aarav Das,53,Female,Delhi,Delhi,India,2023-04-21
C003839,Arjun Reddy,27,Male,Delhi,Delhi,India,2023-12-23
C003840,Arjun Nair,67,Male,Mumbai,Maharashtra,India,2025-07-31
C003841,Anaya Iyer,27,Male,Lucknow,Uttar Pradesh,India,2024-06-18
C003842,Rohan Iyer,25,Female,Bengaluru,Karnataka,India,2022-09-09
C003843,Ishita Kapoor,60,Male,Mumbai,Maharashtra,India,2026-04-19
C003844,Rohan Mehta,26,Male,Lucknow,Uttar Pradesh,India,2025-05-08
C003845,Rohan Khan,52,Female,Chennai,Tamil Nadu,India,2024-06-19
C003846,Anaya Patel,61,Female,Indore,Madhya Pradesh,India,2023-05-04
C003847,Ishita Khan,62,Male,Mumbai,Maharashtra,India,2023-06-19
C003848,Rohan Singh,54,Female,Bengaluru,Karnataka,India,2023-09-11
C003849,Diya Reddy,60,Male,Pune,Maharashtra,India,2024-12-19
C003850,Ishita Mehta,49,Male,Delhi,Delhi,India,2025-03-13
C003851,Aarav Das,65,Female,Pune,Maharashtra,India,2025-07-17
C003852,Aarav Singh,59,Female,Pune,Maharashtra,India,2023-01-13
C003853,Kabir Iyer,45,Male,Chennai,Tamil Nadu,India,2024-06-14
C003854,Ishita Sharma,25,Female,Mumbai,Maharashtra,India,2025-04-25
C003855,Diya Kapoor,30,Male,Delhi,Delhi,India,2026-03-27
C003856,Anaya Patel,58,Female,Bengaluru,Karnataka,India,2022-05-05
C003857,Diya Kapoor,32,Male,Indore,Madhya Pradesh,India,2026-03-01
C003858,Meera Das,55,Female,Hyderabad,Telangana,India,2023-07-06
C003859,Diya Das,32,Male,Delhi,Delhi,India,2023-02-07
C003860,Diya Mehta,28,Female,Delhi,Delhi,India,2024-01-11
C003861,Aarav Kapoor,26,Male,Ahmedabad,Gujarat,India,2025-02-05
C003862,Rohan Singh,28,Female,Kolkata,West Bengal,India,2023-12-17
C003863,Vihaan Das,39,Female,Hyderabad,Telangana,India,2022-05-16
C003864,Ishita Singh,24,Male,Chennai,Tamil Nadu,India,2022-04-11
C003865,Diya Nair,32,Female,Bengaluru,Karnataka,India,2022-12-21
C003866,Arjun Iyer,37,Female,Indore,Madhya Pradesh,India,2025-03-16
C003867,Vihaan Kapoor,27,Male,Indore,Madhya Pradesh,India,2024-12-17
C003868,Vihaan Iyer,32,Male,Jaipur,Rajasthan,India,2023-08-04
C003869,Aarav Iyer,46,Male,Chennai,Tamil Nadu,India,2023-08-07
C003870,Diya Iyer,55,Male,Mumbai,Maharashtra,India,2023-09-30
C003871,Vihaan Patel,48,Male,Hyderabad,Telangana,India,2025-11-24
C003872,Diya Patel,44,Male,Chennai,Tamil Nadu,India,2022-10-16
C003873,Anaya Sharma,52,Female,Bengaluru,Karnataka,India,2022-03-22
C003874,Arjun Das,46,Male,Chennai,Tamil Nadu,India,2024-05-25
C003875,Kabir Nair,52,Female,Mumbai,Maharashtra,India,2023-06-04
C003876,Rohan Mehta,52,Female,Delhi,Delhi,India,2022-06-13
C003877,Rohan Iyer,21,Female,Mumbai,Maharashtra,India,2023-08-13
C003878,Ishita Reddy,40,Female,Hyderabad,Telangana,India,2022-05-08
C003879,Rohan Reddy,42,Male,Pune,Maharashtra,India,2024-10-01
C003880,Anaya Patel,37,Male,Mumbai,Maharashtra,India,2026-07-15
C003881,Diya Nair,62,Male,Ahmedabad,Gujarat,India,2024-06-22
C003882,Meera Khan,56,Female,Ahmedabad,Gujarat,India,2023-08-31
C003883,Meera Iyer,21,Male,Ahmedabad,Gujarat,India,2022-06-08
C003884,Arjun Sharma,28,Female,Hyderabad,Telangana,India,2023-01-30
C003885,Kabir Iyer,45,Male,Delhi,Delhi,India,2024-04-01
C003886,Anaya Iyer,39,Male,Mumbai,Maharashtra,India,2025-08-24
C003887,Meera Singh,42,Female,Pune,Maharashtra,India,2023-08-06
C003888,Aarav Khan,34,Female,Kochi,Kerala,India,2026-05-18
C003889,Arjun Khan,24,Male,Bengaluru,Karnataka,India,2025-12-13
C003890,Anaya Singh,34,Female,Chennai,Tamil Nadu,India,2023-08-26
C003891,Ishita Patel,18,Female,Hyderabad,Telangana,India,2026-08-20
C003892,Vihaan Nair,21,Female,Ahmedabad,Gujarat,India,2024-11-04
C003893,Diya Nair,35,Female,Chennai,Tamil Nadu,India,2025-12-02
C003894,Kabir Patel,29,Male,Chennai,Tamil Nadu,India,2026-08-15
C003895,Vihaan Das,55,Female,Bengaluru,Karnataka,India,2022-12-23
C003896,Diya Kapoor,32,Male,Mumbai,Maharashtra,India,2022-08-10
C003897,Diya Khan,20,Male,Hyderabad,Telangana,India,2026-08-01
C003898,Anaya Nair,21,Male,Chennai,Tamil Nadu,India,2024-04-09
C003899,Kabir Patel,66,Female,Jaipur,Rajasthan,India,2024-02-26
C003900,Vihaan Iyer,19,Male,Chennai,Tamil Nadu,India,2022-02-12
C003901,Aarav Singh,58,Male,Hyderabad,Telangana,India,2022-04-07
C003902,Anaya Das,62,Female,Hyderabad,Telangana,India,2026-01-24
C003903,Sara Mehta,62,Female,Bengaluru,Karnataka,India,2024-04-16
C003904,Rohan Kapoor,67,Female,Kolkata,West Bengal,India,2025-05-30
C003905,Anaya Singh,39,Male,Chennai,Tamil Nadu,India,2024-02-12
C003906,Vihaan Sharma,67,Male,Hyderabad,Telangana,India,2023-11-21
C003907,Kabir Kapoor,64,Female,Bengaluru,Karnataka,India,2023-01-02
C003908,Ishita Das,50,Female,Kolkata,West Bengal,India,2022-03-17
C003909,Sara Reddy,40,Male,Hyderabad,Telangana,India,2025-01-15
C003910,Kabir Singh,27,Non-binary,Pune,Maharashtra,India,2025-07-05
C003911,Rohan Mehta,53,Male,Delhi,Delhi,India,2023-04-15
C003912,Meera Sharma,52,Male,Mumbai,Maharashtra,India,2023-02-16
C003913,Arjun Mehta,60,Male,Mumbai,Maharashtra,India,2026-02-18
C003914,Vihaan Khan,34,Male,Jaipur,Rajasthan,India,2025-03-18
C003915,Rohan Iyer,36,Male,Kolkata,West Bengal,India,2024-05-06
C003916,Ishita Patel,35,Male,Pune,Maharashtra,India,2022-08-29
C003917,Aarav Iyer,28,Female,Mumbai,Maharashtra,India,2023-05-25
C003918,Vihaan Patel,39,Male,Mumbai,Maharashtra,India,2022-06-15
C003919,Sara Patel,44,Female,Pune,Maharashtra,India,2023-08-25
C003920,Ishita Sharma,41,Male,Ahmedabad,Gujarat,India,2023-03-31
C003921,Aarav Das,51,Female,Mumbai,Maharashtra,India,2025-05-08
C003922,Kabir Mehta,18,Male,Pune,Maharashtra,India,2023-08-29
C003923,Kabir Reddy,34,Female,Kolkata,West Bengal,India,2024-10-19
C003924,Vihaan Khan,49,Male,Ahmedabad,Gujarat,India,2024-10-13
C003925,Vihaan Kapoor,27,Female,Jaipur,Rajasthan,India,2023-02-04
C003926,Ishita Das,65,Male,Kochi,Kerala,India,2023-09-27
C003927,Arjun Das,65,Male,Chennai,Tamil Nadu,India,2023-11-04
C003928,Vihaan Khan,47,Male,Kolkata,West Bengal,India,2026-08-17
C003929,Kabir Patel,46,Male,Lucknow,Uttar Pradesh,India,2023-08-07
C003930,Diya Das,48,Male,Lucknow,Uttar Pradesh,India,2025-09-12
C003931,Diya Reddy,23,Male,Mumbai,Maharashtra,India,2022-02-08
C003932,Arjun Kapoor,54,Female,Kolkata,West Bengal,India,2024-09-01
C003933,Anaya Patel,33,Female,Chennai,Tamil Nadu,India,2026-05-07
C003934,Anaya Kapoor,57,Male,Jaipur,Rajasthan,India,2023-03-02
C003935,Vihaan Kapoor,57,Female,Pune,Maharashtra,India,2022-07-15
C003936,Rohan Sharma,47,Male,Kolkata,West Bengal,India,2025-07-18
C003937,Sara Mehta,35,Female,Jaipur,Rajasthan,India,2026-06-09
C003938,Diya Das,58,Female,Mumbai,Maharashtra,India,2022-10-23
C003939,Aarav Khan,39,Male,Pune,Maharashtra,India,2023-07-13
C003940,Diya Patel,50,Male,Bengaluru,Karnataka,India,2026-01-10
C003941,Kabir Mehta,36,Female,Jaipur,Rajasthan,India,2024-12-11
C003942,Aarav Khan,27,Male,Lucknow,Uttar Pradesh,India,2022-11-10
C003943,Anaya Kapoor,48,Female,Delhi,Delhi,India,2025-10-30
C003944,Diya Mehta,48,Male,Kochi,Kerala,India,2025-11-22
C003945,Aarav Patel,42,Male,Jaipur,Rajasthan,India,2024-03-19
C003946,Meera Nair,35,Female,Delhi,Delhi,India,2022-02-11
C003947,Rohan Kapoor,35,Male,Lucknow,Uttar Pradesh,India,2023-06-17
C003948,Arjun Das,36,Male,Mumbai,Maharashtra,India,2024-04-07
C003949,Anaya Khan,38,Female,Delhi,Delhi,India,2023-11-12
C003950,Meera Nair,26,Female,Hyderabad,Telangana,India,2024-04-08
C003951,Arjun Iyer,44,Male,Mumbai,Maharashtra,India,2024-05-28
C003952,Anaya Nair,67,Male,Bengaluru,Karnataka,India,2026-01-16
C003953,Sara Khan,35,Female,Ahmedabad,Gujarat,India,2025-01-14
C003954,Sara Reddy,48,Female,Mumbai,Maharashtra,India,2025-08-29
C003955,Aarav Khan,23,Male,Kolkata,West Bengal,India,2025-04-17
C003956,Vihaan Sharma,29,Female,Jaipur,Rajasthan,India,2022-01-22
C003957,Rohan Iyer,25,Female,Lucknow,Uttar Pradesh,India,2023-08-15
C003958,Arjun Sharma,19,Female,Ahmedabad,Gujarat,India,2022-12-30
C003959,Aarav Kapoor,39,Female,Chennai,Tamil Nadu,India,2024-09-09
C003960,Arjun Singh,59,Female,Ahmedabad,Gujarat,India,2024-09-27
C003961,Arjun Sharma,49,Male,Mumbai,Maharashtra,India,2022-01-28
C003962,Sara Das,35,Female,Hyderabad,Telangana,India,2022-06-16
C003963,Diya Das,25,Male,Kochi,Kerala,India,2022-12-08
C003964,Anaya Patel,40,Male,Kochi,Kerala,India,2024-10-03
C003965,Anaya Das,51,Male,Hyderabad,Telangana,India,2022-04-06
C003966,Aarav Sharma,36,Male,Hyderabad,Telangana,India,2024-04-10
C003967,Ishita Nair,57,Female,Hyderabad,Telangana,India,2024-07-08
C003968,Diya Sharma,19,Female,Bengaluru,Karnataka,India,2026-04-18
C003969,Aarav Sharma,29,Female,Delhi,Delhi,India,2023-05-29
C003970,Anaya Singh,35,Male,Pune,Maharashtra,India,2026-07-18
C003971,Kabir Singh,45,Female,Bengaluru,Karnataka,India,2022-12-28
C003972,Rohan Mehta,49,Male,Pune,Maharashtra,India,2023-03-03
C003973,Kabir Khan,38,Male,Pune,Maharashtra,India,2025-08-23
C003974,Anaya Iyer,64,Male,Mumbai,Maharashtra,India,2023-10-29
C003975,Aarav Kapoor,44,Male,Bengaluru,Karnataka,India,2022-01-09
C003976,Rohan Reddy,34,Female,Hyderabad,Telangana,India,2023-07-31
C003977,Vihaan Nair,39,Female,Bengaluru,Karnataka,India,2023-05-06
C003978,Aarav Kapoor,63,Female,Mumbai,Maharashtra,India,2022-03-04
C003979,Anaya Khan,27,Male,Ahmedabad,Gujarat,India,2023-01-11
C003980,Rohan Sharma,46,Male,Chennai,Tamil Nadu,India,2023-12-21
C003981,Kabir Reddy,30,Male,Chennai,Tamil Nadu,India,2025-11-18
C003982,Vihaan Sharma,39,Female,Pune,Maharashtra,India,2024-05-27
C003983,Aarav Singh,56,Male,Kolkata,West Bengal,India,2024-07-17
C003984,Kabir Iyer,36,Male,Chennai,Tamil Nadu,India,2024-12-01
C003985,Meera Patel,29,Female,Bengaluru,Karnataka,India,2023-07-17
C003986,Meera Sharma,18,Male,Chennai,Tamil Nadu,India,2022-04-29
C003987,Rohan Kapoor,48,Male,Pune,Maharashtra,India,2023-08-04
C003988,Anaya Das,32,Female,Hyderabad,Telangana,India,2025-02-04
C003989,Kabir Sharma,22,Male,Bengaluru,Karnataka,India,2023-02-11
C003990,Rohan Patel,25,Male,Bengaluru,Karnataka,India,2022-06-16
C003991,Ishita Khan,53,Non-binary,Bengaluru,Karnataka,India,2022-04-13
C003992,Diya Iyer,66,Male,Bengaluru,Karnataka,India,2023-07-07
C003993,Meera Kapoor,33,Female,Pune,Maharashtra,India,2024-02-19
C003994,Kabir Khan,58,Male,Bengaluru,Karnataka,India,2022-10-15
C003995,Kabir Sharma,38,Male,Kolkata,West Bengal,India,2025-05-24
C003996,Meera Khan,27,Male,Hyderabad,Telangana,India,2024-07-22
C003997,Sara Das,52,Male,Hyderabad,Telangana,India,2026-06-15
C003998,Rohan Singh,58,Male,Bengaluru,Karnataka,India,2022-05-28
C003999,Aarav Singh,50,Male,Jaipur,Rajasthan,India,2024-08-11
C004000,Meera Singh,63,Female,Pune,Maharashtra,India,2025-05-08
C004001,Meera Khan,64,Female,Kolkata,West Bengal,India,2025-08-11
C004002,Diya Nair,52,Male,Bengaluru,Karnataka,India,2023-04-08
C004003,Rohan Khan,51,Male,Mumbai,Maharashtra,India,2022-12-19
C004004,Ishita Nair,22,Female,Bengaluru,Karnataka,India,2024-07-23
C004005,Arjun Reddy,40,Female,Chennai,Tamil Nadu,India,2022-04-27
C004006,Meera Khan,61,Female,Indore,Madhya Pradesh,India,2023-09-11
C004007,Diya Mehta,28,Female,Jaipur,Rajasthan,India,2026-03-03
C004008,Ishita Reddy,32,Male,Ahmedabad,Gujarat,India,2024-01-11
C004009,Diya Iyer,65,Female,Kochi,Kerala,India,2022-06-30
C004010,Arjun Singh,21,Female,Hyderabad,Telangana,India,2022-08-22
C004011,Arjun Patel,61,Female,Mumbai,Maharashtra,India,2022-05-04
C004012,Vihaan Das,33,Female,Pune,Maharashtra,India,2025-05-16
C004013,Anaya Khan,39,Female,Ahmedabad,Gujarat,India,2022-07-31
C004014,Rohan Singh,66,Male,Delhi,Delhi,India,2022-06-09
C004015,Aarav Reddy,59,Female,Ahmedabad,Gujarat,India,2024-06-11
C004016,Kabir Kapoor,34,Male,Delhi,Delhi,India,2025-02-26
C004017,Sara Das,43,Male,Pune,Maharashtra,India,2024-04-08
C004018,Kabir Das,44,Female,Delhi,Delhi,India,2026-03-19
C004019,Anaya Iyer,65,Male,Pune,Maharashtra,India,2022-10-31
C004020,Rohan Patel,49,Male,Mumbai,Maharashtra,India,2026-04-04
C004021,Vihaan Kapoor,67,Male,Bengaluru,Karnataka,India,2025-02-24
C004022,Ishita Iyer,55,Male,Indore,Madhya Pradesh,India,2026-08-04
C004023,Anaya Nair,32,Female,Lucknow,Uttar Pradesh,India,2023-07-24
C004024,Ishita Reddy,60,Male,Kolkata,West Bengal,India,2025-06-02
C004025,Ishita Singh,18,Male,Kolkata,West Bengal,India,2023-07-06
C004026,Rohan Singh,60,Male,Chennai,Tamil Nadu,India,2026-02-16
C004027,Vihaan Iyer,24,Male,Kolkata,West Bengal,India,2022-07-09
C004028,Rohan Kapoor,47,Non-binary,Delhi,Delhi,India,2023-01-07
C004029,Kabir Mehta,50,Male,Jaipur,Rajasthan,India,2025-01-03
C004030,Ishita Mehta,20,Female,Ahmedabad,Gujarat,India,2024-05-18
C004031,Arjun Kapoor,67,Female,Ahmedabad,Gujarat,India,2026-05-11
C004032,Meera Das,64,Male,Bengaluru,Karnataka,India,2026-06-21
C004033,Ishita Mehta,35,Female,Bengaluru,Karnataka,India,2022-09-26
C004034,Diya Iyer,55,Male,Jaipur,Rajasthan,India,2025-02-09
C004035,Vihaan Reddy,40,Male,Lucknow,Uttar Pradesh,India,2025-07-30
C004036,Kabir Khan,47,Female,Jaipur,Rajasthan,India,2023-05-17
C004037,Ishita Kapoor,19,Male,Hyderabad,Telangana,India,2022-03-13
C004038,Ishita Kapoor,35,Male,Mumbai,Maharashtra,India,2022-11-11
C004039,Kabir Singh,56,Female,Hyderabad,Telangana,India,2026-06-11
C004040,Aarav Mehta,36,Female,Pune,Maharashtra,India,2026-05-27
C004041,Rohan Das,48,Female,Jaipur,Rajasthan,India,2025-07-31
C004042,Meera Mehta,43,Female,Kochi,Kerala,India,2024-12-25
C004043,Kabir Das,35,Female,Hyderabad,Telangana,India,2025-08-26
C004044,Sara Nair,24,Male,Chennai,Tamil Nadu,India,2024-07-03
C004045,Diya Patel,49,Non-binary,Mumbai,Maharashtra,India,2025-08-16
C004046,Rohan Khan,49,Female,Pune,Maharashtra,India,2022-04-05
C004047,Vihaan Das,65,Male,Jaipur,Rajasthan,India,2024-08-04
C004048,Arjun Patel,33,Female,Ahmedabad,Gujarat,India,2022-07-16
C004049,Arjun Patel,42,Female,Ahmedabad,Gujarat,India,2025-11-20
C004050,Anaya Mehta,20,Male,Mumbai,Maharashtra,India,2025-09-22
C004051,Kabir Mehta,20,Female,Pune,Maharashtra,India,2022-04-10
C004052,Arjun Sharma,28,Male,Chennai,Tamil Nadu,India,2023-07-03
C004053,Meera Nair,22,Female,Chennai,Tamil Nadu,India,2026-08-09
C004054,Arjun Patel,26,Male,Delhi,Delhi,India,2023-06-10
C004055,Arjun Reddy,48,Female,Delhi,Delhi,India,2023-11-09
C004056,Rohan Khan,20,Female,Hyderabad,Telangana,India,2023-04-14
C004057,Sara Nair,50,Female,Mumbai,Maharashtra,India,2024-09-02
C004058,Rohan Mehta,22,Male,Delhi,Delhi,India,2026-04-28
C004059,Meera Reddy,35,Male,Bengaluru,Karnataka,India,2022-01-02
C004060,Rohan Kapoor,63,Male,Pune,Maharashtra,India,2026-02-13
C004061,Sara Nair,56,Male,Mumbai,Maharashtra,India,2023-10-24
C004062,Rohan Reddy,34,Male,Hyderabad,Telangana,India,2022-09-09
C004063,Ishita Iyer,21,Male,Pune,Maharashtra,India,2024-06-10
C004064,Diya Nair,54,Female,Bengaluru,Karnataka,India,2023-12-19
C004065,Aarav Das,61,Male,Mumbai,Maharashtra,India,2025-01-29
C004066,Aarav Reddy,40,Male,Hyderabad,Telangana,India,2024-10-28
C004067,Anaya Nair,42,Male,Delhi,Delhi,India,2026-04-10
C004068,Ishita Reddy,19,Female,Pune,Maharashtra,India,2026-06-17
C004069,Arjun Patel,63,Male,Indore,Madhya Pradesh,India,2026-02-25
C004070,Diya Reddy,65,Male,Mumbai,Maharashtra,India,2025-05-10
C004071,Rohan Reddy,19,Male,Lucknow,Uttar Pradesh,India,2023-07-05
C004072,Anaya Das,20,Female,Bengaluru,Karnataka,India,2025-12-19
C004073,Meera Khan,49,Male,Chennai,Tamil Nadu,India,2024-12-23
C004074,Vihaan Kapoor,25,Female,Jaipur,Rajasthan,India,2022-07-25
C004075,Ishita Das,28,Female,Bengaluru,Karnataka,India,2026-02-27
C004076,Sara Reddy,38,Male,Hyderabad,Telangana,India,2022-06-26
C004077,Sara Khan,19,Female,Mumbai,Maharashtra,India,2024-02-01
C004078,Arjun Khan,23,Female,Indore,Madhya Pradesh,India,2023-04-13
C004079,Kabir Das,52,Male,Mumbai,Maharashtra,India,2026-02-02
C004080,Meera Khan,26,Male,Lucknow,Uttar Pradesh,India,2022-03-10
C004081,Sara Das,50,Female,Bengaluru,Karnataka,India,2022-04-18
C004082,Rohan Mehta,52,Male,Ahmedabad,Gujarat,India,2023-11-15
C004083,Meera Reddy,49,Female,Chennai,Tamil Nadu,India,2023-07-30
C004084,Kabir Reddy,51,Female,Chennai,Tamil Nadu,India,2025-05-11
C004085,Rohan Nair,32,Female,Kolkata,West Bengal,India,2025-06-01
C004086,Diya Nair,37,Female,Pune,Maharashtra,India,2025-06-23
C004087,Meera Singh,67,Female,Hyderabad,Telangana,India,2022-12-31
C004088,Anaya Khan,45,Male,Pune,Maharashtra,India,2025-09-27
C004089,Sara Iyer,46,Male,Mumbai,Maharashtra,India,2025-01-18
C004090,Diya Sharma,54,Male,Delhi,Delhi,India,2024-09-05
C004091,Sara Kapoor,24,Male,Delhi,Delhi,India,2026-02-04
C004092,Ishita Nair,29,Non-binary,Indore,Madhya Pradesh,India,2025-11-02
C004093,Meera Nair,33,Female,Pune,Maharashtra,India,2025-11-15
C004094,Sara Reddy,24,Male,Mumbai,Maharashtra,India,2025-04-22
C004095,Sara Kapoor,33,Male,Jaipur,Rajasthan,India,2023-05-21
C004096,Sara Sharma,27,Male,Bengaluru,Karnataka,India,2026-08-22
C004097,Vihaan Mehta,43,Male,Mumbai,Maharashtra,India,2023-05-17
C004098,Kabir Kapoor,50,Female,Pune,Maharashtra,India,2022-12-04
C004099,Aarav Singh,33,Female,Indore,Madhya Pradesh,India,2022-11-18
C004100,Sara Khan,39,Male,Pune,Maharashtra,India,2022-10-05
C004101,Vihaan Iyer,51,Female,Delhi,Delhi,India,2024-07-03
C004102,Diya Nair,54,Male,Jaipur,Rajasthan,India,2024-01-09
C004103,Arjun Mehta,20,Female,Indore,Madhya Pradesh,India,2024-07-08
C004104,Ishita Kapoor,20,Female,Indore,Madhya Pradesh,India,2024-10-31
C004105,Diya Khan,31,Male,Mumbai,Maharashtra,India,2026-03-24
C004106,Arjun Khan,44,Female,Mumbai,Maharashtra,India,2023-07-02
C004107,Ishita Das,44,Female,Jaipur,Rajasthan,India,2024-03-25
C004108,Diya Patel,29,Female,Ahmedabad,Gujarat,India,2025-06-21
C004109,Vihaan Iyer,41,Male,Delhi,Delhi,India,2023-06-12
C004110,Kabir Patel,35,Female,Pune,Maharashtra,India,2025-03-21
C004111,Arjun Das,67,Female,Mumbai,Maharashtra,India,2024-04-17
C004112,Ishita Khan,32,Female,Chennai,Tamil Nadu,India,2024-06-01
C004113,Aarav Reddy,61,Female,Bengaluru,Karnataka,India,2022-01-18
C004114,Arjun Khan,43,Male,Jaipur,Rajasthan,India,2024-10-19
C004115,Ishita Iyer,63,Female,Bengaluru,Karnataka,India,2026-08-21
C004116,Kabir Reddy,39,Female,Hyderabad,Telangana,India,2024-08-23
C004117,Diya Sharma,29,Male,Bengaluru,Karnataka,India,2023-06-16
C004118,Ishita Reddy,56,Female,Delhi,Delhi,India,2024-05-01
C004119,Sara Sharma,37,Female,Bengaluru,Karnataka,India,2022-05-28
C004120,Diya Khan,25,Female,Bengaluru,Karnataka,India,2023-07-20
C004121,Arjun Kapoor,24,Male,Kochi,Kerala,India,2023-03-20
C004122,Vihaan Das,27,Male,Indore,Madhya Pradesh,India,2025-08-11
C004123,Rohan Nair,24,Male,Delhi,Delhi,India,2022-09-17
C004124,Vihaan Iyer,56,Female,Chennai,Tamil Nadu,India,2025-09-08
C004125,Vihaan Mehta,47,Male,Ahmedabad,Gujarat,India,2023-02-12
C004126,Vihaan Iyer,25,Female,Mumbai,Maharashtra,India,2023-09-28
C004127,Ishita Nair,38,Non-binary,Hyderabad,Telangana,India,2023-12-28
C004128,Diya Reddy,65,Male,Jaipur,Rajasthan,India,2025-08-04
C004129,Aarav Sharma,51,Female,Hyderabad,Telangana,India,2023-03-12
C004130,Kabir Patel,38,Male,Hyderabad,Telangana,India,2026-05-31
C004131,Vihaan Singh,47,Male,Hyderabad,Telangana,India,2025-05-09
C004132,Sara Patel,21,Female,Delhi,Delhi,India,2022-11-15
C004133,Arjun Mehta,29,Female,Pune,Maharashtra,India,2025-05-06
C004134,Sara Kapoor,45,Male,Chennai,Tamil Nadu,India,2026-02-04
C004135,Ishita Singh,54,Female,Hyderabad,Telangana,India,2023-04-12
C004136,Aarav Mehta,18,Female,Kolkata,West Bengal,India,2024-02-23
C004137,Ishita Patel,44,Female,Mumbai,Maharashtra,India,2026-06-27
C004138,Meera Das,29,Female,Ahmedabad,Gujarat,India,2022-04-14
C004139,Arjun Patel,57,Male,Pune,Maharashtra,India,2025-01-05
C004140,Ishita Khan,32,Male,Mumbai,Maharashtra,India,2025-04-03
C004141,Vihaan Mehta,58,Female,Hyderabad,Telangana,India,2023-12-17
C004142,Kabir Nair,32,Male,Chennai,Tamil Nadu,India,2025-08-16
C004143,Vihaan Sharma,44,Male,Bengaluru,Karnataka,India,2025-11-06
C004144,Kabir Sharma,47,Male,Mumbai,Maharashtra,India,2024-06-08
C004145,Vihaan Das,63,Female,Bengaluru,Karnataka,India,2025-03-11
C004146,Ishita Reddy,49,Female,Jaipur,Rajasthan,India,2022-12-26
C004147,Vihaan Nair,57,Male,Mumbai,Maharashtra,India,2024-01-17
C004148,Vihaan Mehta,22,Female,Pune,Maharashtra,India,2025-09-29
C004149,Vihaan Khan,51,Male,Delhi,Delhi,India,2025-09-14
C004150,Kabir Patel,26,Non-binary,Mumbai,Maharashtra,India,2025-12-18
C004151,Sara Sharma,47,Female,Chennai,Tamil Nadu,India,2024-08-28
C004152,Meera Khan,30,Male,Bengaluru,Karnataka,India,2025-06-02
C004153,Arjun Mehta,42,Female,Hyderabad,Telangana,India,2022-08-09
C004154,Diya Mehta,31,Male,Bengaluru,Karnataka,India,2025-12-29
C004155,Sara Khan,19,Male,Hyderabad,Telangana,India,2023-09-19
C004156,Rohan Kapoor,22,Female,Hyderabad,Telangana,India,2024-10-27
C004157,Anaya Nair,42,Female,Mumbai,Maharashtra,India,2025-03-13
C004158,Arjun Singh,60,Male,Chennai,Tamil Nadu,India,2024-11-24
C004159,Vihaan Patel,52,Male,Jaipur,Rajasthan,India,2024-09-01
C004160,Diya Kapoor,47,Male,Pune,Maharashtra,India,2025-03-28
C004161,Aarav Singh,35,Female,Pune,Maharashtra,India,2024-01-18
C004162,Vihaan Reddy,42,Female,Mumbai,Maharashtra,India,2025-06-24
C004163,Sara Das,59,Male,Mumbai,Maharashtra,India,2023-02-03
C004164,Ishita Singh,27,Male,Pune,Maharashtra,India,2025-07-04
C004165,Anaya Sharma,67,Male,Delhi,Delhi,India,2024-06-14
C004166,Arjun Singh,25,Male,Delhi,Delhi,India,2023-04-29
C004167,Vihaan Mehta,62,Female,Mumbai,Maharashtra,India,2022-12-07
C004168,Rohan Iyer,34,Female,Ahmedabad,Gujarat,India,2022-12-20
C004169,Meera Nair,39,Female,Bengaluru,Karnataka,India,2026-02-01
C004170,Ishita Singh,41,Female,Hyderabad,Telangana,India,2023-04-12
C004171,Arjun Das,51,Male,Bengaluru,Karnataka,India,2025-03-06
C004172,Diya Sharma,45,Female,Bengaluru,Karnataka,India,2026-04-15
C004173,Meera Iyer,55,Male,Mumbai,Maharashtra,India,2024-01-26
C004174,Vihaan Patel,27,Female,Bengaluru,Karnataka,India,2026-07-06
C004175,Rohan Khan,33,Female,Bengaluru,Karnataka,India,2026-05-10
C004176,Rohan Nair,59,Male,Delhi,Delhi,India,2022-07-22
C004177,Kabir Patel,22,Male,Hyderabad,Telangana,India,2026-01-31
C004178,Sara Reddy,38,Male,Mumbai,Maharashtra,India,2024-07-23
C004179,Ishita Kapoor,28,Female,Kolkata,West Bengal,India,2023-01-28
C004180,Aarav Nair,60,Female,Mumbai,Maharashtra,India,2022-11-09
C004181,Diya Khan,26,Male,Bengaluru,Karnataka,India,2025-06-03
C004182,Diya Kapoor,51,Male,Delhi,Delhi,India,2024-08-06
C004183,Arjun Iyer,61,Male,Bengaluru,Karnataka,India,2023-05-07
C004184,Arjun Sharma,63,Female,Mumbai,Maharashtra,India,2022-08-23
C004185,Diya Khan,19,Female,Kolkata,West Bengal,India,2025-09-20
C004186,Vihaan Khan,66,Female,Mumbai,Maharashtra,India,2023-04-05
C004187,Vihaan Iyer,48,Male,Chennai,Tamil Nadu,India,2026-03-05
C004188,Vihaan Mehta,23,Male,Delhi,Delhi,India,2023-07-29
C004189,Ishita Nair,52,Female,Pune,Maharashtra,India,2022-02-13
C004190,Ishita Mehta,67,Male,Mumbai,Maharashtra,India,2023-07-07
C004191,Vihaan Sharma,59,Male,Delhi,Delhi,India,2025-04-04
C004192,Aarav Mehta,41,Male,Kolkata,West Bengal,India,2024-06-06
C004193,Meera Reddy,38,Male,Bengaluru,Karnataka,India,2022-03-26
C004194,Rohan Khan,55,Male,Delhi,Delhi,India,2024-06-07
C004195,Arjun Mehta,61,Male,Kolkata,West Bengal,India,2024-08-18
C004196,Aarav Patel,58,Female,Pune,Maharashtra,India,2026-07-02
C004197,Arjun Singh,62,Female,Lucknow,Uttar Pradesh,India,2026-07-15
C004198,Ishita Khan,56,Female,Mumbai,Maharashtra,India,2026-04-30
C004199,Arjun Khan,44,Male,Chennai,Tamil Nadu,India,2023-11-26
C004200,Sara Patel,46,Female,Hyderabad,Telangana,India,2022-02-19
C004201,Rohan Das,48,Female,Delhi,Delhi,India,2024-11-30
C004202,Ishita Patel,65,Female,Kolkata,West Bengal,India,2023-06-26
C004203,Meera Kapoor,61,Female,Hyderabad,Telangana,India,2022-04-26
C004204,Sara Iyer,32,Female,Ahmedabad,Gujarat,India,2024-07-21
C004205,Kabir Iyer,60,Male,Bengaluru,Karnataka,India,2022-12-02
C004206,Kabir Das,45,Male,Hyderabad,Telangana,India,2024-07-22
C004207,Ishita Singh,21,Female,Chennai,Tamil Nadu,India,2024-02-08
C004208,Anaya Patel,18,Female,Mumbai,Maharashtra,India,2022-07-20
C004209,Arjun Patel,42,Male,Mumbai,Maharashtra,India,2025-12-03
C004210,Aarav Sharma,33,Male,Mumbai,Maharashtra,India,2026-08-17
C004211,Ishita Nair,67,Female,Chennai,Tamil Nadu,India,2024-11-24
C004212,Aarav Iyer,59,Female,Ahmedabad,Gujarat,India,2023-11-20
C004213,Meera Nair,59,Male,Delhi,Delhi,India,2022-04-20
C004214,Rohan Singh,61,Female,Kolkata,West Bengal,India,2022-02-24
C004215,Meera Khan,53,Female,Pune,Maharashtra,India,2026-07-25
C004216,Kabir Mehta,36,Male,Hyderabad,Telangana,India,2024-05-14
C004217,Aarav Das,30,Female,Ahmedabad,Gujarat,India,2024-10-29
C004218,Anaya Khan,24,Male,Chennai,Tamil Nadu,India,2023-02-13
C004219,Anaya Mehta,58,Female,Ahmedabad,Gujarat,India,2023-03-05
C004220,Rohan Khan,53,Male,Mumbai,Maharashtra,India,2022-06-20
C004221,Kabir Das,43,Female,Bengaluru,Karnataka,India,2024-03-22
C004222,Arjun Sharma,59,Male,Jaipur,Rajasthan,India,2026-04-29
C004223,Vihaan Patel,59,Male,Delhi,Delhi,India,2025-06-26
C004224,Arjun Iyer,45,Male,Jaipur,Rajasthan,India,2025-06-13
C004225,Rohan Reddy,64,Female,Pune,Maharashtra,India,2023-03-03
C004226,Arjun Nair,41,Female,Hyderabad,Telangana,India,2022-01-16
C004227,Aarav Sharma,20,Male,Hyderabad,Telangana,India,2025-11-28
C004228,Ishita Sharma,34,Female,Bengaluru,Karnataka,India,2023-07-05
C004229,Kabir Mehta,54,Male,Chennai,Tamil Nadu,India,2023-04-23
C004230,Kabir Patel,21,Male,Mumbai,Maharashtra,India,2025-10-10
C004231,Rohan Singh,51,Male,Pune,Maharashtra,India,2025-08-14
C004232,Kabir Iyer,25,Male,Kolkata,West Bengal,India,2023-01-29
C004233,Kabir Das,67,Male,Pune,Maharashtra,India,2022-01-11
C004234,Arjun Khan,59,Female,Bengaluru,Karnataka,India,2023-10-11
C004235,Rohan Reddy,56,Male,Hyderabad,Telangana,India,2024-05-07
C004236,Vihaan Reddy,45,Female,Jaipur,Rajasthan,India,2024-06-19
C004237,Ishita Kapoor,35,Male,Chennai,Tamil Nadu,India,2024-12-24
C004238,Ishita Mehta,63,Male,Bengaluru,Karnataka,India,2025-11-13
C004239,Anaya Singh,49,Male,Lucknow,Uttar Pradesh,India,2024-11-12
C004240,Arjun Das,45,Male,Delhi,Delhi,India,2023-04-18
C004241,Diya Patel,28,Female,Lucknow,Uttar Pradesh,India,2026-06-25
C004242,Kabir Reddy,32,Female,Delhi,Delhi,India,2022-03-17
C004243,Meera Nair,33,Male,Bengaluru,Karnataka,India,2023-03-04
C004244,Ishita Kapoor,27,Female,Hyderabad,Telangana,India,2023-09-04
C004245,Vihaan Singh,29,Female,Kolkata,West Bengal,India,2026-06-05
C004246,Vihaan Singh,66,Female,Chennai,Tamil Nadu,India,2025-03-08
C004247,Meera Singh,44,Female,Mumbai,Maharashtra,India,2026-07-05
C004248,Rohan Sharma,64,Female,Mumbai,Maharashtra,India,2023-09-10
C004249,Meera Patel,52,Male,Chennai,Tamil Nadu,India,2024-12-21
C004250,Aarav Nair,29,Male,Mumbai,Maharashtra,India,2025-08-12
C004251,Rohan Mehta,27,Male,Mumbai,Maharashtra,India,2023-06-25
C004252,Kabir Kapoor,25,Female,Delhi,Delhi,India,2025-01-18
C004253,Ishita Reddy,63,Male,Ahmedabad,Gujarat,India,2023-02-06
C004254,Diya Patel,54,Male,Delhi,Delhi,India,2025-01-07
C004255,Anaya Sharma,36,Female,Bengaluru,Karnataka,India,2025-02-12
C004256,Meera Nair,56,Male,Chennai,Tamil Nadu,India,2022-01-14
C004257,Arjun Kapoor,36,Female,Jaipur,Rajasthan,India,2022-03-30
C004258,Ishita Das,58,Male,Ahmedabad,Gujarat,India,2023-02-14
C004259,Sara Sharma,59,Male,Chennai,Tamil Nadu,India,2024-09-01
C004260,Meera Kapoor,42,Male,Ahmedabad,Gujarat,India,2022-03-30
C004261,Meera Iyer,26,Female,Pune,Maharashtra,India,2026-05-06
C004262,Vihaan Singh,35,Male,Delhi,Delhi,India,2022-05-25
C004263,Kabir Das,59,Female,Hyderabad,Telangana,India,2023-08-04
C004264,Rohan Das,23,Female,Mumbai,Maharashtra,India,2022-10-23
C004265,Aarav Singh,46,Female,Bengaluru,Karnataka,India,2023-07-03
C004266,Rohan Kapoor,41,Male,Kochi,Kerala,India,2024-02-18
C004267,Rohan Singh,61,Female,Bengaluru,Karnataka,India,2024-06-04
C004268,Ishita Kapoor,23,Male,Mumbai,Maharashtra,India,2022-08-11
C004269,Vihaan Patel,62,Male,Kolkata,West Bengal,India,2023-01-25
C004270,Ishita Kapoor,27,Male,Bengaluru,Karnataka,India,2022-09-14
C004271,Ishita Mehta,58,Female,Hyderabad,Telangana,India,2026-01-02
C004272,Diya Iyer,32,Male,Kolkata,West Bengal,India,2024-05-03
C004273,Anaya Kapoor,64,Male,Pune,Maharashtra,India,2025-10-12
C004274,Ishita Mehta,42,Female,Pune,Maharashtra,India,2023-06-16
C004275,Meera Patel,29,Male,Chennai,Tamil Nadu,India,2022-02-21
C004276,Kabir Nair,64,Male,Delhi,Delhi,India,2025-09-07
C004277,Meera Patel,18,Male,Hyderabad,Telangana,India,2025-09-19
C004278,Sara Das,48,Female,Lucknow,Uttar Pradesh,India,2024-02-16
C004279,Aarav Kapoor,46,Female,Mumbai,Maharashtra,India,2024-02-24
C004280,Meera Singh,26,Female,Kolkata,West Bengal,India,2025-04-16
C004281,Rohan Kapoor,51,Female,Chennai,Tamil Nadu,India,2024-12-15
C004282,Sara Kapoor,55,Male,Ahmedabad,Gujarat,India,2026-04-20
C004283,Meera Mehta,36,Female,Pune,Maharashtra,India,2025-10-21
C004284,Aarav Patel,50,Female,Pune,Maharashtra,India,2022-11-20
C004285,Meera Kapoor,41,Female,Bengaluru,Karnataka,India,2026-06-09
C004286,Sara Patel,66,Male,Kochi,Kerala,India,2025-09-18
C004287,Diya Kapoor,64,Male,Mumbai,Maharashtra,India,2026-08-11
C004288,Aarav Mehta,35,Female,Pune,Maharashtra,India,2025-01-30
C004289,Aarav Mehta,59,Female,Mumbai,Maharashtra,India,2023-08-07
C004290,Kabir Reddy,43,Female,Delhi,Delhi,India,2024-03-10
C004291,Kabir Singh,46,Female,Pune,Maharashtra,India,2024-08-06
C004292,Diya Patel,21,Female,Chennai,Tamil Nadu,India,2022-09-21
C004293,Sara Sharma,33,Female,Bengaluru,Karnataka,India,2025-01-29
C004294,Aarav Iyer,55,Female,Bengaluru,Karnataka,India,2022-01-16
C004295,Meera Nair,52,Male,Pune,Maharashtra,India,2026-01-04
C004296,Sara Singh,37,Male,Pune,Maharashtra,India,2023-03-06
C004297,Aarav Das,63,Non-binary,Bengaluru,Karnataka,India,2023-03-06
C004298,Vihaan Das,66,Female,Pune,Maharashtra,India,2023-10-08
C004299,Ishita Mehta,33,Female,Delhi,Delhi,India,2022-01-15
C004300,Ishita Iyer,40,Male,Hyderabad,Telangana,India,2022-02-09
C004301,Diya Kapoor,26,Female,Hyderabad,Telangana,India,2022-11-02
C004302,Ishita Patel,25,Female,Kolkata,West Bengal,India,2022-02-27
C004303,Arjun Khan,20,Female,Hyderabad,Telangana,India,2022-07-04
C004304,Rohan Das,28,Female,Chennai,Tamil Nadu,India,2023-08-25
C004305,Arjun Reddy,65,Male,Kolkata,West Bengal,India,2023-01-12
C004306,Aarav Khan,19,Female,Mumbai,Maharashtra,India,2024-05-23
C004307,Aarav Reddy,40,Female,Mumbai,Maharashtra,India,2026-07-30
C004308,Ishita Sharma,53,Female,Hyderabad,Telangana,India,2022-03-05
C004309,Diya Iyer,20,Female,Mumbai,Maharashtra,India,2025-11-04
C004310,Anaya Patel,51,Female,Mumbai,Maharashtra,India,2022-12-02
C004311,Meera Iyer,52,Female,Pune,Maharashtra,India,2024-07-24
C004312,Kabir Reddy,61,Female,Kolkata,West Bengal,India,2025-10-30
C004313,Meera Reddy,51,Male,Delhi,Delhi,India,2023-05-30
C004314,Meera Reddy,32,Male,Mumbai,Maharashtra,India,2024-08-12
C004315,Vihaan Mehta,18,Female,Hyderabad,Telangana,India,2025-12-27
C004316,Meera Mehta,25,Male,Delhi,Delhi,India,2025-11-01
C004317,Arjun Reddy,36,Female,Delhi,Delhi,India,2025-09-06
C004318,Diya Singh,56,Female,Chennai,Tamil Nadu,India,2023-09-01
C004319,Sara Reddy,35,Male,Bengaluru,Karnataka,India,2024-08-21
C004320,Arjun Kapoor,33,Female,Mumbai,Maharashtra,India,2025-06-30
C004321,Vihaan Reddy,51,Female,Delhi,Delhi,India,2025-04-19
C004322,Anaya Mehta,46,Female,Delhi,Delhi,India,2026-03-28
C004323,Meera Reddy,64,Female,Ahmedabad,Gujarat,India,2025-06-21
C004324,Meera Nair,67,Female,Mumbai,Maharashtra,India,2026-03-28
C004325,Ishita Reddy,29,Female,Hyderabad,Telangana,India,2023-09-11
C004326,Anaya Reddy,48,Male,Mumbai,Maharashtra,India,2023-12-06
C004327,Diya Nair,59,Male,Jaipur,Rajasthan,India,2023-08-17
C004328,Vihaan Reddy,41,Male,Pune,Maharashtra,India,2023-11-18
C004329,Meera Singh,63,Female,Ahmedabad,Gujarat,India,2024-06-26
C004330,Sara Reddy,18,Male,Kolkata,West Bengal,India,2025-01-18
C004331,Kabir Patel,65,Male,Jaipur,Rajasthan,India,2025-11-17
C004332,Aarav Khan,39,Male,Delhi,Delhi,India,2023-04-03
C004333,Rohan Mehta,42,Female,Bengaluru,Karnataka,India,2025-02-04
C004334,Meera Khan,61,Male,Ahmedabad,Gujarat,India,2023-11-03
C004335,Ishita Das,60,Female,Delhi,Delhi,India,2022-06-06
C004336,Ishita Sharma,39,Male,Mumbai,Maharashtra,India,2025-07-19
C004337,Sara Kapoor,32,Non-binary,Hyderabad,Telangana,India,2023-04-10
C004338,Sara Kapoor,26,Female,Delhi,Delhi,India,2022-12-05
C004339,Aarav Nair,54,Female,Delhi,Delhi,India,2024-06-16
C004340,Rohan Reddy,23,Female,Bengaluru,Karnataka,India,2022-05-18
C004341,Sara Iyer,52,Male,Bengaluru,Karnataka,India,2024-08-15
C004342,Aarav Khan,57,Male,Kolkata,West Bengal,India,2023-04-27
C004343,Vihaan Reddy,60,Male,Lucknow,Uttar Pradesh,India,2024-03-17
C004344,Vihaan Reddy,22,Female,Ahmedabad,Gujarat,India,2025-01-11
C004345,Aarav Kapoor,20,Male,Delhi,Delhi,India,2022-05-30
C004346,Ishita Reddy,27,Male,Chennai,Tamil Nadu,India,2023-02-15
C004347,Ishita Mehta,45,Female,Delhi,Delhi,India,2022-07-07
C004348,Aarav Kapoor,35,Female,Bengaluru,Karnataka,India,2024-05-19
C004349,Diya Patel,37,Female,Pune,Maharashtra,India,2024-06-03
C004350,Diya Kapoor,24,Female,Lucknow,Uttar Pradesh,India,2024-05-17
C004351,Diya Mehta,32,Female,Delhi,Delhi,India,2024-11-09
C004352,Vihaan Khan,45,Male,Delhi,Delhi,India,2025-11-01
C004353,Anaya Iyer,34,Male,Jaipur,Rajasthan,India,2025-03-17
C004354,Kabir Mehta,64,Female,Hyderabad,Telangana,India,2024-01-24
C004355,Vihaan Mehta,22,Male,Kolkata,West Bengal,India,2026-01-31
C004356,Anaya Iyer,33,Male,Jaipur,Rajasthan,India,2023-08-20
C004357,Rohan Mehta,56,Female,Mumbai,Maharashtra,India,2026-03-19
C004358,Aarav Singh,52,Male,Hyderabad,Telangana,India,2022-12-31
C004359,Vihaan Das,55,Female,Lucknow,Uttar Pradesh,India,2022-10-12
C004360,Aarav Khan,42,Male,Mumbai,Maharashtra,India,2024-07-04
C004361,Meera Das,24,Female,Bengaluru,Karnataka,India,2025-08-27
C004362,Diya Patel,43,Male,Pune,Maharashtra,India,2025-02-07
C004363,Sara Mehta,62,Female,Bengaluru,Karnataka,India,2022-03-27
C004364,Meera Kapoor,25,Male,Delhi,Delhi,India,2026-02-10
C004365,Vihaan Nair,43,Male,Pune,Maharashtra,India,2022-08-30
C004366,Anaya Das,43,Male,Delhi,Delhi,India,2023-11-30
C004367,Diya Singh,46,Female,Bengaluru,Karnataka,India,2025-01-07
C004368,Vihaan Nair,47,Non-binary,Delhi,Delhi,India,2024-09-29
C004369,Rohan Mehta,58,Female,Pune,Maharashtra,India,2026-02-28
C004370,Sara Mehta,21,Female,Mumbai,Maharashtra,India,2023-07-15
C004371,Meera Iyer,46,Female,Pune,Maharashtra,India,2024-11-25
C004372,Rohan Das,23,Female,Chennai,Tamil Nadu,India,2024-04-27
C004373,Sara Das,55,Female,Lucknow,Uttar Pradesh,India,2024-12-22
C004374,Rohan Singh,59,Female,Chennai,Tamil Nadu,India,2026-01-06
C004375,Vihaan Nair,37,Female,Ahmedabad,Gujarat,India,2023-09-09
C004376,Diya Patel,62,Female,Pune,Maharashtra,India,2025-10-21
C004377,Rohan Reddy,40,Male,Chennai,Tamil Nadu,India,2025-09-05
C004378,Meera Iyer,51,Male,Indore,Madhya Pradesh,India,2025-10-05
C004379,Aarav Nair,29,Male,Kochi,Kerala,India,2025-01-01
C004380,Sara Das,36,Female,Mumbai,Maharashtra,India,2023-04-07
C004381,Kabir Iyer,42,Male,Mumbai,Maharashtra,India,2026-06-04
C004382,Vihaan Nair,40,Non-binary,Delhi,Delhi,India,2023-04-10
C004383,Aarav Nair,57,Female,Mumbai,Maharashtra,India,2024-02-28
C004384,Diya Mehta,67,Female,Indore,Madhya Pradesh,India,2025-12-23
C004385,Aarav Patel,54,Male,Mumbai,Maharashtra,India,2025-08-17
C004386,Aarav Nair,34,Male,Bengaluru,Karnataka,India,2022-10-22
C004387,Diya Khan,38,Female,Indore,Madhya Pradesh,India,2023-05-31
C004388,Ishita Nair,50,Female,Kochi,Kerala,India,2026-03-03
C004389,Kabir Das,67,Male,Hyderabad,Telangana,India,2022-11-23
C004390,Ishita Mehta,20,Male,Delhi,Delhi,India,2022-08-25
C004391,Vihaan Sharma,29,Male,Hyderabad,Telangana,India,2025-04-13
C004392,Rohan Das,67,Male,Pune,Maharashtra,India,2024-02-21
C004393,Rohan Patel,32,Female,Mumbai,Maharashtra,India,2024-10-10
C004394,Vihaan Kapoor,65,Female,Chennai,Tamil Nadu,India,2022-05-28
C004395,Vihaan Khan,23,Male,Mumbai,Maharashtra,India,2022-02-21
C004396,Kabir Das,66,Male,Pune,Maharashtra,India,2022-08-12
C004397,Kabir Sharma,31,Female,Kochi,Kerala,India,2022-08-22
C004398,Ishita Singh,56,Female,Mumbai,Maharashtra,India,2024-12-11
C004399,Ishita Das,26,Male,Kolkata,West Bengal,India,2026-05-17
C004400,Vihaan Das,52,Male,Pune,Maharashtra,India,2026-04-09
C004401,Ishita Singh,21,Male,Hyderabad,Telangana,India,2023-04-22
C004402,Aarav Singh,63,Male,Pune,Maharashtra,India,2022-09-05
C004403,Sara Das,26,Male,Bengaluru,Karnataka,India,2024-04-15
C004404,Vihaan Sharma,42,Female,Hyderabad,Telangana,India,2022-01-12
C004405,Ishita Sharma,19,Female,Jaipur,Rajasthan,India,2022-01-12
C004406,Aarav Sharma,53,Female,Mumbai,Maharashtra,India,2022-12-08
C004407,Sara Kapoor,33,Male,Kolkata,West Bengal,India,2022-10-24
C004408,Arjun Das,54,Female,Chennai,Tamil Nadu,India,2023-07-27
C004409,Sara Patel,30,Female,Chennai,Tamil Nadu,India,2024-07-20
C004410,Diya Iyer,31,Male,Lucknow,Uttar Pradesh,India,2024-04-13
C004411,Kabir Mehta,66,Female,Kolkata,West Bengal,India,2023-04-02
C004412,Anaya Singh,41,Male,Bengaluru,Karnataka,India,2026-03-06
C004413,Diya Mehta,24,Female,Mumbai,Maharashtra,India,2025-06-24
C004414,Meera Das,41,Male,Bengaluru,Karnataka,India,2024-04-29
C004415,Aarav Kapoor,60,Male,Kochi,Kerala,India,2025-01-24
C004416,Arjun Khan,19,Male,Ahmedabad,Gujarat,India,2023-06-14
C004417,Anaya Iyer,56,Female,Bengaluru,Karnataka,India,2024-04-23
C004418,Kabir Khan,67,Male,Hyderabad,Telangana,India,2025-07-16
C004419,Kabir Nair,59,Male,Ahmedabad,Gujarat,India,2025-03-10
C004420,Kabir Iyer,50,Female,Ahmedabad,Gujarat,India,2025-07-05
C004421,Arjun Das,41,Female,Pune,Maharashtra,India,2023-08-19
C004422,Vihaan Mehta,52,Male,Pune,Maharashtra,India,2024-03-17
C004423,Vihaan Iyer,51,Female,Chennai,Tamil Nadu,India,2023-11-10
C004424,Arjun Singh,56,Male,Lucknow,Uttar Pradesh,India,2025-01-12
C004425,Kabir Kapoor,50,Female,Mumbai,Maharashtra,India,2025-12-26
C004426,Aarav Patel,37,Male,Hyderabad,Telangana,India,2025-01-13
C004427,Vihaan Nair,25,Female,Kochi,Kerala,India,2023-08-01
C004428,Kabir Das,21,Female,Bengaluru,Karnataka,India,2023-11-07
C004429,Aarav Patel,38,Male,Pune,Maharashtra,India,2024-07-03
C004430,Sara Singh,52,Non-binary,Bengaluru,Karnataka,India,2022-01-11
C004431,Diya Reddy,58,Female,Mumbai,Maharashtra,India,2024-07-16
C004432,Meera Patel,31,Female,Ahmedabad,Gujarat,India,2025-01-04
C004433,Diya Iyer,67,Male,Bengaluru,Karnataka,India,2025-11-20
C004434,Aarav Kapoor,26,Male,Chennai,Tamil Nadu,India,2025-06-30
C004435,Meera Mehta,19,Male,Pune,Maharashtra,India,2025-03-09
C004436,Ishita Kapoor,22,Female,Kolkata,West Bengal,India,2022-12-22
C004437,Aarav Kapoor,60,Male,Delhi,Delhi,India,2023-02-13
C004438,Kabir Nair,36,Male,Chennai,Tamil Nadu,India,2022-12-24
C004439,Rohan Khan,64,Female,Bengaluru,Karnataka,India,2024-07-25
C004440,Anaya Reddy,49,Female,Jaipur,Rajasthan,India,2023-12-13
C004441,Arjun Das,54,Female,Chennai,Tamil Nadu,India,2022-11-24
C004442,Rohan Kapoor,57,Female,Mumbai,Maharashtra,India,2026-06-20
C004443,Kabir Reddy,23,Female,Kolkata,West Bengal,India,2022-05-27
C004444,Arjun Reddy,37,Female,Delhi,Delhi,India,2025-01-04
C004445,Kabir Nair,30,Male,Pune,Maharashtra,India,2023-05-08
C004446,Ishita Khan,20,Male,Hyderabad,Telangana,India,2022-01-12
C004447,Kabir Singh,49,Female,Bengaluru,Karnataka,India,2023-04-01
C004448,Vihaan Kapoor,59,Female,Delhi,Delhi,India,2022-08-04
C004449,Anaya Mehta,64,Male,Mumbai,Maharashtra,India,2024-06-03
C004450,Ishita Sharma,23,Male,Ahmedabad,Gujarat,India,2023-12-20
C004451,Rohan Das,52,Male,Mumbai,Maharashtra,India,2022-04-24
C004452,Anaya Iyer,61,Female,Mumbai,Maharashtra,India,2023-07-07
C004453,Diya Patel,64,Female,Bengaluru,Karnataka,India,2024-04-19
C004454,Kabir Reddy,23,Female,Mumbai,Maharashtra,India,2023-03-27
C004455,Aarav Iyer,51,Female,Chennai,Tamil Nadu,India,2022-09-11
C004456,Rohan Mehta,35,Female,Bengaluru,Karnataka,India,2022-03-29
C004457,Rohan Kapoor,62,Male,Delhi,Delhi,India,2025-11-23
C004458,Vihaan Patel,20,Male,Mumbai,Maharashtra,India,2025-08-25
C004459,Ishita Patel,63,Male,Jaipur,Rajasthan,India,2024-07-07
C004460,Ishita Patel,61,Male,Ahmedabad,Gujarat,India,2023-10-11
C004461,Ishita Iyer,65,Female,Mumbai,Maharashtra,India,2023-02-04
C004462,Ishita Reddy,66,Male,Lucknow,Uttar Pradesh,India,2022-01-16
C004463,Meera Reddy,42,Female,Ahmedabad,Gujarat,India,2023-01-18
C004464,Sara Sharma,33,Male,Mumbai,Maharashtra,India,2025-01-25
C004465,Anaya Reddy,50,Female,Ahmedabad,Gujarat,India,2023-05-20
C004466,Diya Das,37,Male,Chennai,Tamil Nadu,India,2024-08-30
C004467,Vihaan Das,57,Female,Delhi,Delhi,India,2025-11-09
C004468,Sara Sharma,30,Male,Bengaluru,Karnataka,India,2022-01-13
C004469,Arjun Das,33,Female,Kolkata,West Bengal,India,2024-04-07
C004470,Ishita Singh,48,Male,Mumbai,Maharashtra,India,2024-09-21
C004471,Kabir Sharma,48,Female,Delhi,Delhi,India,2025-08-30
C004472,Vihaan Nair,19,Male,Bengaluru,Karnataka,India,2026-07-07
C004473,Kabir Khan,48,Male,Mumbai,Maharashtra,India,2024-01-13
C004474,Anaya Nair,29,Male,Ahmedabad,Gujarat,India,2023-08-24
C004475,Aarav Reddy,25,Non-binary,Pune,Maharashtra,India,2022-11-22
C004476,Diya Iyer,40,Male,Mumbai,Maharashtra,India,2025-09-22
C004477,Meera Das,52,Male,Jaipur,Rajasthan,India,2023-11-27
C004478,Kabir Reddy,51,Male,Mumbai,Maharashtra,India,2024-03-01
C004479,Aarav Kapoor,54,Female,Ahmedabad,Gujarat,India,2024-11-28
C004480,Meera Kapoor,37,Female,Hyderabad,Telangana,India,2022-11-01
C004481,Meera Reddy,32,Male,Bengaluru,Karnataka,India,2022-04-26
C004482,Aarav Singh,43,Male,Bengaluru,Karnataka,India,2022-07-28
C004483,Kabir Reddy,32,Female,Ahmedabad,Gujarat,India,2025-05-07
C004484,Arjun Sharma,47,Male,Jaipur,Rajasthan,India,2024-06-04
C004485,Sara Das,52,Male,Hyderabad,Telangana,India,2022-01-13
C004486,Meera Iyer,42,Female,Ahmedabad,Gujarat,India,2022-04-01
C004487,Meera Khan,66,Female,Lucknow,Uttar Pradesh,India,2026-08-31
C004488,Rohan Mehta,32,Male,Ahmedabad,Gujarat,India,2025-02-25
C004489,Ishita Sharma,64,Male,Hyderabad,Telangana,India,2026-03-07
C004490,Diya Iyer,55,Male,Mumbai,Maharashtra,India,2024-12-05
C004491,Rohan Singh,60,Female,Pune,Maharashtra,India,2025-10-22
C004492,Diya Sharma,66,Male,Delhi,Delhi,India,2026-03-19
C004493,Anaya Mehta,38,Male,Mumbai,Maharashtra,India,2024-09-29
C004494,Diya Singh,28,Male,Bengaluru,Karnataka,India,2025-09-29
C004495,Aarav Patel,20,Female,Pune,Maharashtra,India,2022-09-02
C004496,Arjun Das,27,Male,Bengaluru,Karnataka,India,2023-12-10
C004497,Meera Mehta,36,Male,Pune,Maharashtra,India,2022-04-09
C004498,Rohan Mehta,39,Male,Bengaluru,Karnataka,India,2025-04-03
C004499,Diya Kapoor,35,Male,Delhi,Delhi,India,2025-01-21
C004500,Meera Singh,46,Female,Hyderabad,Telangana,India,2023-11-20
C004501,Ishita Sharma,26,Non-binary,Pune,Maharashtra,India,2022-10-23
C004502,Diya Patel,21,Female,Kochi,Kerala,India,2024-04-07
C004503,Kabir Sharma,23,Female,Bengaluru,Karnataka,India,2024-06-23
C004504,Diya Patel,32,Male,Mumbai,Maharashtra,India,2023-11-26
C004505,Kabir Mehta,65,Female,Bengaluru,Karnataka,India,2025-04-15
C004506,Meera Kapoor,29,Male,Mumbai,Maharashtra,India,2024-07-17
C004507,Vihaan Mehta,26,Female,Hyderabad,Telangana,India,2025-09-22
C004508,Anaya Iyer,47,Female,Pune,Maharashtra,India,2023-04-02
C004509,Anaya Reddy,19,Female,Jaipur,Rajasthan,India,2023-02-01
C004510,Arjun Iyer,65,Female,Mumbai,Maharashtra,India,2024-02-04
C004511,Aarav Reddy,49,Non-binary,Hyderabad,Telangana,India,2025-05-14
C004512,Anaya Iyer,25,Female,Delhi,Delhi,India,2025-06-03
C004513,Anaya Kapoor,41,Male,Delhi,Delhi,India,2026-01-17
C004514,Meera Iyer,41,Male,Lucknow,Uttar Pradesh,India,2026-08-09
C004515,Ishita Kapoor,36,Female,Mumbai,Maharashtra,India,2026-08-03
C004516,Meera Mehta,55,Non-binary,Jaipur,Rajasthan,India,2025-01-02
C004517,Meera Iyer,39,Female,Bengaluru,Karnataka,India,2023-07-30
C004518,Sara Mehta,47,Male,Kolkata,West Bengal,India,2022-05-15
C004519,Meera Kapoor,66,Male,Pune,Maharashtra,India,2025-02-01
C004520,Diya Reddy,37,Female,Kolkata,West Bengal,India,2023-08-21
C004521,Vihaan Khan,26,Male,Hyderabad,Telangana,India,2022-01-10
C004522,Sara Kapoor,57,Male,Delhi,Delhi,India,2022-04-29
C004523,Meera Kapoor,56,Male,Kochi,Kerala,India,2025-04-06
C004524,Rohan Mehta,29,Female,Kolkata,West Bengal,India,2026-05-27
C004525,Sara Mehta,47,Male,Ahmedabad,Gujarat,India,2026-05-14
C004526,Sara Das,25,Female,Mumbai,Maharashtra,India,2024-08-06
C004527,Anaya Iyer,40,Non-binary,Chennai,Tamil Nadu,India,2022-08-14
C004528,Ishita Kapoor,67,Male,Hyderabad,Telangana,India,2025-04-04
C004529,Arjun Patel,62,Female,Delhi,Delhi,India,2023-01-16
C004530,Anaya Mehta,59,Male,Mumbai,Maharashtra,India,2023-11-19
C004531,Ishita Kapoor,54,Male,Pune,Maharashtra,India,2023-08-18
C004532,Aarav Nair,67,Male,Lucknow,Uttar Pradesh,India,2025-07-25
C004533,Ishita Kapoor,41,Male,Pune,Maharashtra,India,2024-03-18
C004534,Sara Mehta,64,Female,Mumbai,Maharashtra,India,2023-01-25
C004535,Arjun Iyer,50,Female,Mumbai,Maharashtra,India,2024-01-09
C004536,Arjun Patel,40,Male,Delhi,Delhi,India,2023-01-20
C004537,Anaya Das,59,Male,Mumbai,Maharashtra,India,2025-07-04
C004538,Ishita Kapoor,59,Male,Mumbai,Maharashtra,India,2024-07-01
C004539,Vihaan Khan,64,Male,Mumbai,Maharashtra,India,2025-11-02
C004540,Diya Kapoor,59,Male,Hyderabad,Telangana,India,2024-09-11
C004541,Ishita Mehta,28,Female,Jaipur,Rajasthan,India,2024-12-20
C004542,Meera Patel,61,Female,Kochi,Kerala,India,2026-03-07
C004543,Rohan Khan,38,Male,Mumbai,Maharashtra,India,2023-01-09
C004544,Ishita Kapoor,64,Female,Hyderabad,Telangana,India,2023-07-17
C004545,Sara Iyer,50,Non-binary,Kolkata,West Bengal,India,2025-12-28
C004546,Kabir Khan,47,Male,Mumbai,Maharashtra,India,2022-06-19
C004547,Vihaan Khan,55,Female,Jaipur,Rajasthan,India,2023-02-16
C004548,Sara Reddy,46,Male,Lucknow,Uttar Pradesh,India,2025-11-18
C004549,Meera Singh,61,Male,Delhi,Delhi,India,2026-03-31
C004550,Vihaan Sharma,43,Male,Kochi,Kerala,India,2025-06-14
C004551,Meera Mehta,27,Female,Hyderabad,Telangana,India,2024-11-21
C004552,Kabir Das,40,Male,Delhi,Delhi,India,2026-01-15
C004553,Anaya Kapoor,37,Female,Mumbai,Maharashtra,India,2024-05-27
C004554,Vihaan Khan,38,Female,Kolkata,West Bengal,India,2022-08-23
C004555,Arjun Das,32,Male,Bengaluru,Karnataka,India,2024-08-30
C004556,Meera Sharma,63,Female,Delhi,Delhi,India,2022-06-01
C004557,Arjun Khan,61,Male,Kolkata,West Bengal,India,2022-04-06
C004558,Rohan Khan,27,Male,Chennai,Tamil Nadu,India,2023-02-14
C004559,Diya Singh,60,Female,Ahmedabad,Gujarat,India,2025-04-30
C004560,Ishita Reddy,59,Female,Delhi,Delhi,India,2023-05-21
C004561,Aarav Patel,61,Male,Delhi,Delhi,India,2024-03-23
C004562,Ishita Khan,38,Male,Mumbai,Maharashtra,India,2023-09-18
C004563,Ishita Reddy,47,Male,Ahmedabad,Gujarat,India,2023-04-03
C004564,Anaya Reddy,65,Male,Kolkata,West Bengal,India,2024-08-20
C004565,Rohan Kapoor,28,Female,Mumbai,Maharashtra,India,2024-06-14
C004566,Vihaan Mehta,56,Male,Mumbai,Maharashtra,India,2024-11-11
C004567,Diya Iyer,25,Female,Delhi,Delhi,India,2025-11-13
C004568,Anaya Kapoor,66,Male,Pune,Maharashtra,India,2022-12-23
C004569,Sara Kapoor,35,Female,Delhi,Delhi,India,2025-08-25
C004570,Anaya Kapoor,35,Male,Hyderabad,Telangana,India,2026-01-15
C004571,Sara Khan,45,Female,Delhi,Delhi,India,2023-06-09
C004572,Anaya Mehta,28,Female,Delhi,Delhi,India,2024-12-19
C004573,Vihaan Kapoor,36,Male,Bengaluru,Karnataka,India,2023-05-12
C004574,Rohan Nair,45,Male,Kolkata,West Bengal,India,2025-06-17
C004575,Vihaan Khan,52,Male,Chennai,Tamil Nadu,India,2026-03-18
C004576,Anaya Patel,35,Male,Kolkata,West Bengal,India,2023-11-20
C004577,Arjun Reddy,44,Female,Kochi,Kerala,India,2023-10-11
C004578,Sara Sharma,22,Male,Kolkata,West Bengal,India,2022-02-20
C004579,Rohan Kapoor,39,Female,Delhi,Delhi,India,2025-08-09
C004580,Meera Patel,43,Male,Kochi,Kerala,India,2023-06-01
C004581,Arjun Das,66,Male,Chennai,Tamil Nadu,India,2023-11-08
C004582,Diya Iyer,64,Female,Kolkata,West Bengal,India,2026-03-31
C004583,Rohan Das,19,Male,Jaipur,Rajasthan,India,2023-08-02
C004584,Ishita Mehta,62,Female,Lucknow,Uttar Pradesh,India,2022-09-26
C004585,Arjun Khan,59,Male,Bengaluru,Karnataka,India,2022-08-11
C004586,Arjun Patel,19,Female,Mumbai,Maharashtra,India,2022-08-14
C004587,Sara Nair,41,Female,Chennai,Tamil Nadu,India,2026-04-13
C004588,Aarav Sharma,35,Female,Ahmedabad,Gujarat,India,2022-04-13
C004589,Anaya Iyer,66,Male,Pune,Maharashtra,India,2022-01-03
C004590,Arjun Khan,58,Female,Delhi,Delhi,India,2025-08-20
C004591,Ishita Mehta,48,Female,Mumbai,Maharashtra,India,2023-10-15
C004592,Anaya Mehta,20,Male,Bengaluru,Karnataka,India,2025-02-01
C004593,Ishita Patel,37,Female,Indore,Madhya Pradesh,India,2023-03-31
C004594,Aarav Mehta,41,Male,Mumbai,Maharashtra,India,2025-04-06
C004595,Ishita Nair,41,Female,Ahmedabad,Gujarat,India,2024-10-08
C004596,Sara Sharma,20,Female,Hyderabad,Telangana,India,2024-06-06
C004597,Ishita Khan,56,Female,Bengaluru,Karnataka,India,2023-04-17
C004598,Ishita Nair,37,Female,Ahmedabad,Gujarat,India,2024-11-15
C004599,Kabir Singh,22,Male,Indore,Madhya Pradesh,India,2024-08-06
C004600,Meera Nair,50,Male,Kochi,Kerala,India,2025-03-08
C004601,Diya Das,53,Male,Chennai,Tamil Nadu,India,2026-03-03
C004602,Rohan Patel,25,Male,Delhi,Delhi,India,2025-04-08
C004603,Anaya Mehta,20,Male,Indore,Madhya Pradesh,India,2023-11-11
C004604,Ishita Nair,29,Female,Chennai,Tamil Nadu,India,2023-02-07
C004605,Anaya Reddy,66,Female,Kochi,Kerala,India,2023-07-26
C004606,Meera Mehta,24,Male,Mumbai,Maharashtra,India,2022-08-22
C004607,Aarav Mehta,33,Female,Chennai,Tamil Nadu,India,2025-07-17
C004608,Rohan Kapoor,24,Male,Indore,Madhya Pradesh,India,2022-02-17
C004609,Rohan Nair,46,Male,Mumbai,Maharashtra,India,2023-06-21
C004610,Meera Sharma,22,Male,Bengaluru,Karnataka,India,2022-02-27
C004611,Anaya Patel,35,Male,Mumbai,Maharashtra,India,2024-11-08
C004612,Aarav Reddy,23,Male,Pune,Maharashtra,India,2022-01-21
C004613,Anaya Patel,45,Female,Delhi,Delhi,India,2024-09-18
C004614,Arjun Reddy,20,Female,Chennai,Tamil Nadu,India,2025-10-11
C004615,Vihaan Sharma,29,Male,Hyderabad,Telangana,India,2022-06-14
C004616,Vihaan Nair,18,Male,Chennai,Tamil Nadu,India,2022-07-13
C004617,Meera Nair,39,Male,Bengaluru,Karnataka,India,2022-05-30
C004618,Meera Khan,22,Female,Hyderabad,Telangana,India,2025-10-06
C004619,Aarav Nair,60,Female,Delhi,Delhi,India,2025-06-05
C004620,Meera Kapoor,58,Male,Bengaluru,Karnataka,India,2023-11-01
C004621,Sara Kapoor,39,Female,Lucknow,Uttar Pradesh,India,2024-06-08
C004622,Meera Patel,52,Male,Bengaluru,Karnataka,India,2023-03-31
C004623,Diya Khan,31,Male,Indore,Madhya Pradesh,India,2023-01-15
C004624,Anaya Singh,46,Male,Kolkata,West Bengal,India,2022-11-01
C004625,Rohan Reddy,36,Male,Lucknow,Uttar Pradesh,India,2024-01-13
C004626,Rohan Patel,24,Male,Chennai,Tamil Nadu,India,2024-06-01
C004627,Sara Kapoor,48,Female,Jaipur,Rajasthan,India,2025-05-06
C004628,Rohan Das,57,Male,Bengaluru,Karnataka,India,2025-11-12
C004629,Aarav Reddy,48,Female,Bengaluru,Karnataka,India,2026-08-28
C004630,Vihaan Kapoor,48,Male,Delhi,Delhi,India,2025-09-13
C004631,Vihaan Kapoor,36,Male,Jaipur,Rajasthan,India,2025-09-06
C004632,Aarav Patel,44,Male,Delhi,Delhi,India,2023-04-12
C004633,Arjun Kapoor,63,Male,Jaipur,Rajasthan,India,2022-03-20
C004634,Kabir Khan,48,Female,Ahmedabad,Gujarat,India,2022-01-07
C004635,Kabir Mehta,50,Male,Ahmedabad,Gujarat,India,2025-06-09
C004636,Rohan Nair,55,Non-binary,Pune,Maharashtra,India,2022-05-27
C004637,Ishita Sharma,50,Male,Lucknow,Uttar Pradesh,India,2024-08-25
C004638,Aarav Kapoor,34,Female,Hyderabad,Telangana,India,2024-11-26
C004639,Ishita Das,28,Female,Hyderabad,Telangana,India,2023-01-25
C004640,Aarav Kapoor,67,Female,Ahmedabad,Gujarat,India,2024-03-18
C004641,Rohan Kapoor,59,Female,Mumbai,Maharashtra,India,2025-09-29
C004642,Meera Khan,27,Female,Bengaluru,Karnataka,India,2026-01-19
C004643,Sara Mehta,67,Male,Bengaluru,Karnataka,India,2025-01-14
C004644,Vihaan Mehta,28,Male,Mumbai,Maharashtra,India,2024-07-17
C004645,Ishita Sharma,41,Male,Ahmedabad,Gujarat,India,2022-11-10
C004646,Anaya Singh,26,Female,Bengaluru,Karnataka,India,2024-04-06
C004647,Arjun Sharma,27,Female,Mumbai,Maharashtra,India,2024-11-22
C004648,Kabir Khan,40,Female,Delhi,Delhi,India,2023-09-17
C004649,Rohan Mehta,61,Female,Kochi,Kerala,India,2025-09-10
C004650,Anaya Patel,38,Female,Pune,Maharashtra,India,2022-01-04
C004651,Aarav Nair,55,Female,Bengaluru,Karnataka,India,2024-11-26
C004652,Rohan Reddy,53,Male,Mumbai,Maharashtra,India,2024-07-17
C004653,Meera Reddy,67,Male,Mumbai,Maharashtra,India,2025-05-13
C004654,Rohan Singh,37,Male,Ahmedabad,Gujarat,India,2025-03-23
C004655,Ishita Mehta,67,Male,Chennai,Tamil Nadu,India,2025-03-03
C004656,Diya Singh,43,Female,Chennai,Tamil Nadu,India,2023-09-20
C004657,Meera Singh,25,Male,Indore,Madhya Pradesh,India,2026-01-09
C004658,Diya Khan,33,Male,Kolkata,West Bengal,India,2022-11-20
C004659,Sara Patel,53,Female,Pune,Maharashtra,India,2022-10-21
C004660,Anaya Mehta,53,Male,Hyderabad,Telangana,India,2024-03-12
C004661,Meera Kapoor,42,Male,Chennai,Tamil Nadu,India,2024-02-01
C004662,Ishita Kapoor,51,Female,Bengaluru,Karnataka,India,2025-11-13
C004663,Meera Kapoor,37,Male,Indore,Madhya Pradesh,India,2024-02-01
C004664,Diya Kapoor,31,Female,Kochi,Kerala,India,2022-09-19
C004665,Anaya Patel,53,Male,Hyderabad,Telangana,India,2022-07-31
C004666,Arjun Patel,67,Female,Delhi,Delhi,India,2025-10-07
C004667,Diya Mehta,43,Female,Chennai,Tamil Nadu,India,2022-08-25
C004668,Anaya Nair,60,Female,Bengaluru,Karnataka,India,2026-03-02
C004669,Aarav Sharma,45,Female,Pune,Maharashtra,India,2022-12-16
C004670,Arjun Nair,22,Male,Bengaluru,Karnataka,India,2026-05-04
C004671,Ishita Iyer,45,Male,Ahmedabad,Gujarat,India,2023-01-03
C004672,Vihaan Patel,31,Male,Chennai,Tamil Nadu,India,2023-08-27
C004673,Meera Kapoor,27,Male,Hyderabad,Telangana,India,2024-01-09
C004674,Aarav Singh,51,Female,Pune,Maharashtra,India,2022-09-19
C004675,Sara Das,51,Non-binary,Jaipur,Rajasthan,India,2024-01-11
C004676,Rohan Patel,66,Male,Delhi,Delhi,India,2023-05-06
C004677,Diya Mehta,55,Female,Pune,Maharashtra,India,2022-01-21
C004678,Arjun Das,27,Male,Kolkata,West Bengal,India,2025-08-15
C004679,Anaya Iyer,65,Male,Kolkata,West Bengal,India,2025-10-13
C004680,Aarav Kapoor,33,Female,Pune,Maharashtra,India,2024-10-16
C004681,Ishita Nair,34,Male,Ahmedabad,Gujarat,India,2022-06-24
C004682,Rohan Singh,38,Male,Kolkata,West Bengal,India,2026-06-06
C004683,Diya Nair,18,Male,Delhi,Delhi,India,2024-08-16
C004684,Anaya Kapoor,19,Female,Pune,Maharashtra,India,2025-04-19
C004685,Kabir Mehta,64,Male,Pune,Maharashtra,India,2024-10-03
C004686,Diya Sharma,63,Female,Bengaluru,Karnataka,India,2026-04-11
C004687,Aarav Nair,59,Female,Delhi,Delhi,India,2024-04-08
C004688,Kabir Mehta,35,Female,Mumbai,Maharashtra,India,2025-03-08
C004689,Ishita Nair,42,Female,Bengaluru,Karnataka,India,2022-02-14
C004690,Kabir Kapoor,48,Female,Delhi,Delhi,India,2025-12-21
C004691,Aarav Singh,60,Non-binary,Ahmedabad,Gujarat,India,2023-10-16
C004692,Anaya Reddy,36,Male,Ahmedabad,Gujarat,India,2025-02-17
C004693,Diya Patel,21,Male,Ahmedabad,Gujarat,India,2025-05-23
C004694,Aarav Kapoor,56,Male,Mumbai,Maharashtra,India,2024-08-08
C004695,Kabir Mehta,54,Male,Mumbai,Maharashtra,India,2025-02-03
C004696,Diya Nair,53,Female,Bengaluru,Karnataka,India,2025-02-11
C004697,Anaya Sharma,59,Female,Delhi,Delhi,India,2023-07-22
C004698,Diya Nair,55,Male,Hyderabad,Telangana,India,2025-11-22
C004699,Ishita Mehta,65,Female,Hyderabad,Telangana,India,2024-10-12
C004700,Arjun Singh,34,Male,Hyderabad,Telangana,India,2023-05-12
C004701,Rohan Khan,39,Male,Delhi,Delhi,India,2024-04-13
C004702,Ishita Patel,34,Female,Pune,Maharashtra,India,2026-07-17
C004703,Rohan Singh,28,Female,Bengaluru,Karnataka,India,2024-02-15
C004704,Rohan Kapoor,67,Male,Mumbai,Maharashtra,India,2024-03-19
C004705,Sara Iyer,50,Female,Kolkata,West Bengal,India,2022-04-03
C004706,Vihaan Das,20,Female,Mumbai,Maharashtra,India,2023-03-17
C004707,Vihaan Patel,53,Female,Bengaluru,Karnataka,India,2026-03-07
C004708,Anaya Singh,35,Male,Delhi,Delhi,India,2024-03-19
C004709,Diya Kapoor,56,Male,Pune,Maharashtra,India,2022-08-25
C004710,Kabir Nair,66,Female,Delhi,Delhi,India,2024-02-25
C004711,Arjun Kapoor,25,Male,Chennai,Tamil Nadu,India,2023-12-07
C004712,Anaya Reddy,20,Female,Bengaluru,Karnataka,India,2026-05-15
C004713,Vihaan Kapoor,33,Male,Delhi,Delhi,India,2022-01-14
C004714,Arjun Singh,56,Male,Ahmedabad,Gujarat,India,2025-03-19
C004715,Kabir Singh,67,Female,Bengaluru,Karnataka,India,2024-02-03
C004716,Arjun Mehta,28,Female,Mumbai,Maharashtra,India,2022-05-20
C004717,Meera Das,32,Female,Bengaluru,Karnataka,India,2023-09-01
C004718,Ishita Sharma,41,Female,Lucknow,Uttar Pradesh,India,2025-05-13
C004719,Arjun Iyer,31,Male,Bengaluru,Karnataka,India,2022-12-19
C004720,Rohan Sharma,19,Male,Mumbai,Maharashtra,India,2025-01-28
C004721,Sara Singh,31,Male,Kolkata,West Bengal,India,2022-11-04
C004722,Diya Das,38,Male,Hyderabad,Telangana,India,2022-08-11
C004723,Diya Singh,53,Male,Mumbai,Maharashtra,India,2025-12-22
C004724,Ishita Patel,20,Male,Chennai,Tamil Nadu,India,2026-03-03
C004725,Anaya Kapoor,48,Female,Chennai,Tamil Nadu,India,2023-12-11
C004726,Aarav Reddy,50,Female,Ahmedabad,Gujarat,India,2022-07-31
C004727,Meera Reddy,21,Female,Bengaluru,Karnataka,India,2022-10-16
C004728,Anaya Singh,23,Male,Lucknow,Uttar Pradesh,India,2025-11-06
C004729,Diya Nair,44,Female,Bengaluru,Karnataka,India,2022-12-10
C004730,Aarav Reddy,47,Male,Kolkata,West Bengal,India,2022-10-03
C004731,Diya Patel,21,Female,Jaipur,Rajasthan,India,2026-06-27
C004732,Sara Kapoor,50,Male,Kochi,Kerala,India,2025-02-22
C004733,Vihaan Patel,53,Female,Kolkata,West Bengal,India,2022-05-31
C004734,Arjun Mehta,67,Female,Lucknow,Uttar Pradesh,India,2023-09-14
C004735,Sara Iyer,32,Female,Pune,Maharashtra,India,2026-01-09
C004736,Sara Reddy,44,Male,Delhi,Delhi,India,2025-03-27
C004737,Diya Patel,58,Female,Bengaluru,Karnataka,India,2023-11-20
C004738,Meera Nair,51,Male,Kolkata,West Bengal,India,2022-04-29
C004739,Anaya Nair,56,Male,Delhi,Delhi,India,2022-04-13
C004740,Ishita Patel,47,Male,Kolkata,West Bengal,India,2022-02-04
C004741,Aarav Sharma,60,Female,Mumbai,Maharashtra,India,2022-04-15
C004742,Ishita Patel,26,Male,Chennai,Tamil Nadu,India,2023-04-18
C004743,Arjun Singh,29,Female,Pune,Maharashtra,India,2024-06-09
C004744,Arjun Das,49,Male,Bengaluru,Karnataka,India,2023-06-04
C004745,Ishita Singh,40,Female,Indore,Madhya Pradesh,India,2025-03-31
C004746,Aarav Kapoor,33,Female,Delhi,Delhi,India,2026-02-18
C004747,Ishita Nair,43,Female,Hyderabad,Telangana,India,2023-12-25
C004748,Aarav Iyer,29,Female,Indore,Madhya Pradesh,India,2025-08-16
C004749,Aarav Mehta,23,Female,Kolkata,West Bengal,India,2022-11-18
C004750,Arjun Das,42,Female,Mumbai,Maharashtra,India,2025-04-09
C004751,Rohan Das,18,Female,Delhi,Delhi,India,2026-08-28
C004752,Vihaan Nair,56,Male,Jaipur,Rajasthan,India,2025-03-14
C004753,Meera Singh,25,Male,Mumbai,Maharashtra,India,2024-11-30
C004754,Diya Singh,53,Male,Pune,Maharashtra,India,2026-06-10
C004755,Vihaan Patel,55,Male,Jaipur,Rajasthan,India,2023-12-28
C004756,Aarav Patel,66,Male,Lucknow,Uttar Pradesh,India,2024-03-15
C004757,Vihaan Khan,45,Male,Delhi,Delhi,India,2025-08-16
C004758,Vihaan Patel,21,Female,Mumbai,Maharashtra,India,2025-05-25
C004759,Ishita Singh,48,Male,Mumbai,Maharashtra,India,2025-12-30
C004760,Rohan Reddy,29,Female,Kolkata,West Bengal,India,2022-07-05
C004761,Rohan Singh,56,Male,Bengaluru,Karnataka,India,2023-08-21
C004762,Ishita Mehta,26,Male,Mumbai,Maharashtra,India,2022-03-30
C004763,Rohan Mehta,38,Female,Pune,Maharashtra,India,2024-04-12
C004764,Anaya Mehta,25,Male,Delhi,Delhi,India,2025-09-22
C004765,Ishita Kapoor,34,Female,Kochi,Kerala,India,2026-05-07
C004766,Arjun Reddy,19,Female,Ahmedabad,Gujarat,India,2025-08-14
C004767,Sara Reddy,22,Male,Hyderabad,Telangana,India,2023-10-04
C004768,Anaya Sharma,19,Female,Chennai,Tamil Nadu,India,2024-11-07
C004769,Sara Singh,48,Male,Lucknow,Uttar Pradesh,India,2026-08-27
C004770,Vihaan Reddy,40,Male,Hyderabad,Telangana,India,2022-09-27
C004771,Anaya Sharma,48,Female,Bengaluru,Karnataka,India,2026-04-02
C004772,Arjun Das,43,Female,Pune,Maharashtra,India,2022-07-29
C004773,Diya Khan,53,Female,Mumbai,Maharashtra,India,2025-03-29
C004774,Rohan Nair,45,Female,Mumbai,Maharashtra,India,2022-11-23
C004775,Vihaan Reddy,58,Male,Hyderabad,Telangana,India,2022-07-16
C004776,Aarav Kapoor,26,Female,Kolkata,West Bengal,India,2023-07-08
C004777,Vihaan Das,45,Female,Bengaluru,Karnataka,India,2025-01-13
C004778,Ishita Das,47,Male,Chennai,Tamil Nadu,India,2024-04-12
C004779,Sara Patel,32,Male,Ahmedabad,Gujarat,India,2026-06-17
C004780,Meera Nair,60,Female,Chennai,Tamil Nadu,India,2022-12-03
C004781,Arjun Kapoor,57,Female,Lucknow,Uttar Pradesh,India,2022-04-07
C004782,Aarav Kapoor,26,Female,Hyderabad,Telangana,India,2022-11-08
C004783,Diya Nair,54,Female,Bengaluru,Karnataka,India,2025-05-14
C004784,Ishita Patel,42,Female,Mumbai,Maharashtra,India,2025-01-30
C004785,Arjun Reddy,33,Male,Kolkata,West Bengal,India,2026-02-04
C004786,Anaya Sharma,63,Female,Indore,Madhya Pradesh,India,2022-03-02
C004787,Sara Reddy,45,Male,Pune,Maharashtra,India,2023-06-28
C004788,Sara Sharma,59,Male,Pune,Maharashtra,India,2022-07-16
C004789,Meera Mehta,49,Male,Bengaluru,Karnataka,India,2023-01-10
C004790,Kabir Singh,64,Female,Jaipur,Rajasthan,India,2022-03-05
C004791,Ishita Nair,60,Female,Lucknow,Uttar Pradesh,India,2024-06-27
C004792,Rohan Sharma,63,Female,Ahmedabad,Gujarat,India,2022-02-11
C004793,Rohan Sharma,51,Female,Mumbai,Maharashtra,India,2026-06-30
C004794,Arjun Patel,24,Male,Bengaluru,Karnataka,India,2025-09-19
C004795,Aarav Patel,61,Male,Pune,Maharashtra,India,2025-10-31
C004796,Vihaan Sharma,65,Female,Lucknow,Uttar Pradesh,India,2024-08-02
C004797,Meera Mehta,53,Male,Bengaluru,Karnataka,India,2026-05-14
C004798,Kabir Iyer,36,Female,Mumbai,Maharashtra,India,2023-08-29
C004799,Aarav Sharma,40,Female,Ahmedabad,Gujarat,India,2024-12-10
C004800,Aarav Nair,50,Male,Hyderabad,Telangana,India,2026-06-18
C004801,Kabir Nair,31,Female,Ahmedabad,Gujarat,India,2025-07-09
C004802,Diya Reddy,29,Male,Kolkata,West Bengal,India,2026-01-02
C004803,Rohan Sharma,66,Male,Mumbai,Maharashtra,India,2023-12-20
C004804,Anaya Kapoor,30,Male,Hyderabad,Telangana,India,2026-08-30
C004805,Ishita Khan,34,Male,Delhi,Delhi,India,2025-07-18
C004806,Arjun Mehta,28,Female,Pune,Maharashtra,India,2025-03-08
C004807,Vihaan Singh,61,Male,Pune,Maharashtra,India,2022-12-26
C004808,Vihaan Iyer,47,Male,Kolkata,West Bengal,India,2026-01-05
C004809,Anaya Mehta,37,Female,Lucknow,Uttar Pradesh,India,2026-01-19
C004810,Vihaan Reddy,36,Female,Lucknow,Uttar Pradesh,India,2022-02-09
C004811,Sara Patel,19,Female,Kolkata,West Bengal,India,2022-10-20
C004812,Anaya Mehta,36,Female,Chennai,Tamil Nadu,India,2022-09-04
C004813,Rohan Iyer,67,Male,Mumbai,Maharashtra,India,2025-07-05
C004814,Aarav Iyer,62,Male,Bengaluru,Karnataka,India,2026-08-17
C004815,Arjun Patel,65,Female,Bengaluru,Karnataka,India,2023-01-17
C004816,Ishita Iyer,59,Male,Kolkata,West Bengal,India,2023-10-26
C004817,Diya Reddy,18,Female,Bengaluru,Karnataka,India,2023-10-06
C004818,Rohan Reddy,42,Male,Mumbai,Maharashtra,India,2025-10-27
C004819,Diya Iyer,33,Non-binary,Hyderabad,Telangana,India,2022-04-25
C004820,Kabir Patel,65,Female,Mumbai,Maharashtra,India,2025-10-09
C004821,Meera Nair,64,Female,Pune,Maharashtra,India,2024-10-14
C004822,Rohan Sharma,25,Male,Delhi,Delhi,India,2023-05-03
C004823,Arjun Nair,24,Female,Lucknow,Uttar Pradesh,India,2025-07-25
C004824,Anaya Mehta,32,Female,Mumbai,Maharashtra,India,2023-07-22
C004825,Vihaan Iyer,18,Male,Indore,Madhya Pradesh,India,2022-07-28
C004826,Vihaan Kapoor,54,Male,Ahmedabad,Gujarat,India,2022-02-02
C004827,Vihaan Kapoor,55,Male,Lucknow,Uttar Pradesh,India,2023-08-31
C004828,Arjun Patel,40,Female,Kolkata,West Bengal,India,2023-07-03
C004829,Sara Das,25,Female,Bengaluru,Karnataka,India,2022-07-04
C004830,Aarav Mehta,66,Male,Ahmedabad,Gujarat,India,2022-12-04
C004831,Anaya Kapoor,67,Male,Indore,Madhya Pradesh,India,2026-07-02
C004832,Arjun Nair,51,Male,Kolkata,West Bengal,India,2022-04-20
C004833,Meera Mehta,53,Male,Mumbai,Maharashtra,India,2025-07-09
C004834,Sara Mehta,36,Male,Bengaluru,Karnataka,India,2024-10-02
C004835,Kabir Singh,30,Female,Lucknow,Uttar Pradesh,India,2025-12-01
C004836,Meera Patel,56,Male,Delhi,Delhi,India,2024-05-28
C004837,Diya Sharma,20,Male,Mumbai,Maharashtra,India,2023-12-22
C004838,Vihaan Das,63,Male,Hyderabad,Telangana,India,2024-11-07
C004839,Sara Nair,46,Female,Mumbai,Maharashtra,India,2026-05-12
C004840,Arjun Nair,26,Female,Bengaluru,Karnataka,India,2023-08-12
C004841,Meera Nair,45,Male,Pune,Maharashtra,India,2022-01-07
C004842,Meera Das,49,Female,Hyderabad,Telangana,India,2022-12-02
C004843,Arjun Das,48,Male,Delhi,Delhi,India,2023-09-16
C004844,Anaya Khan,39,Female,Hyderabad,Telangana,India,2024-06-04
C004845,Rohan Mehta,31,Male,Kolkata,West Bengal,India,2024-12-04
C004846,Anaya Kapoor,25,Male,Mumbai,Maharashtra,India,2023-03-11
C004847,Meera Mehta,21,Female,Delhi,Delhi,India,2026-07-24
C004848,Anaya Das,27,Male,Mumbai,Maharashtra,India,2023-10-09
C004849,Ishita Mehta,22,Male,Indore,Madhya Pradesh,India,2026-02-12
C004850,Arjun Patel,49,Female,Mumbai,Maharashtra,India,2022-03-27
C004851,Kabir Singh,57,Female,Kochi,Kerala,India,2026-03-13
C004852,Meera Mehta,44,Female,Mumbai,Maharashtra,India,2024-02-07
C004853,Anaya Singh,24,Female,Bengaluru,Karnataka,India,2024-09-30
C004854,Sara Singh,38,Male,Chennai,Tamil Nadu,India,2026-02-10
C004855,Arjun Sharma,26,Male,Mumbai,Maharashtra,India,2024-10-16
C004856,Arjun Khan,26,Female,Pune,Maharashtra,India,2022-11-06
C004857,Kabir Singh,54,Female,Kolkata,West Bengal,India,2026-08-11
C004858,Ishita Iyer,38,Male,Pune,Maharashtra,India,2023-05-14
C004859,Arjun Khan,23,Male,Mumbai,Maharashtra,India,2023-04-29
C004860,Rohan Kapoor,36,Male,Chennai,Tamil Nadu,India,2022-03-24
C004861,Sara Patel,42,Male,Mumbai,Maharashtra,India,2025-12-28
C004862,Ishita Singh,36,Male,Bengaluru,Karnataka,India,2022-02-10
C004863,Aarav Singh,64,Female,Pune,Maharashtra,India,2024-11-19
C004864,Kabir Kapoor,31,Female,Bengaluru,Karnataka,India,2023-12-27
C004865,Meera Iyer,56,Male,Jaipur,Rajasthan,India,2022-12-26
C004866,Vihaan Singh,42,Male,Delhi,Delhi,India,2023-11-26
C004867,Meera Kapoor,43,Male,Bengaluru,Karnataka,India,2025-02-03
C004868,Meera Sharma,65,Male,Delhi,Delhi,India,2022-04-06
C004869,Vihaan Mehta,21,Female,Bengaluru,Karnataka,India,2024-09-23
C004870,Vihaan Mehta,31,Male,Bengaluru,Karnataka,India,2024-10-25
C004871,Vihaan Iyer,59,Female,Kochi,Kerala,India,2023-02-21
C004872,Anaya Patel,51,Male,Kolkata,West Bengal,India,2022-11-29
C004873,Ishita Khan,53,Female,Jaipur,Rajasthan,India,2025-12-16
C004874,Arjun Patel,22,Male,Chennai,Tamil Nadu,India,2026-06-06
C004875,Rohan Das,61,Male,Pune,Maharashtra,India,2022-06-03
C004876,Anaya Khan,40,Female,Jaipur,Rajasthan,India,2025-05-28
C004877,Arjun Reddy,24,Female,Delhi,Delhi,India,2025-07-07
C004878,Diya Nair,32,Male,Lucknow,Uttar Pradesh,India,2023-02-21
C004879,Rohan Sharma,26,Female,Pune,Maharashtra,India,2026-06-06
C004880,Meera Patel,45,Female,Lucknow,Uttar Pradesh,India,2025-04-07
C004881,Diya Reddy,63,Female,Pune,Maharashtra,India,2025-10-07
C004882,Anaya Mehta,34,Female,Ahmedabad,Gujarat,India,2025-08-04
C004883,Rohan Sharma,56,Male,Lucknow,Uttar Pradesh,India,2023-02-16
C004884,Anaya Mehta,37,Female,Hyderabad,Telangana,India,2025-10-14
C004885,Ishita Patel,43,Female,Chennai,Tamil Nadu,India,2022-02-10
C004886,Vihaan Patel,30,Female,Mumbai,Maharashtra,India,2023-05-30
C004887,Vihaan Khan,38,Female,Bengaluru,Karnataka,India,2023-08-20
C004888,Ishita Kapoor,63,Male,Bengaluru,Karnataka,India,2022-08-06
C004889,Meera Mehta,26,Male,Indore,Madhya Pradesh,India,2026-01-29
C004890,Diya Singh,18,Female,Chennai,Tamil Nadu,India,2022-07-05
C004891,Arjun Singh,59,Female,Mumbai,Maharashtra,India,2023-10-30
C004892,Meera Das,65,Male,Hyderabad,Telangana,India,2025-12-08
C004893,Vihaan Khan,41,Female,Mumbai,Maharashtra,India,2022-08-13
C004894,Vihaan Iyer,41,Male,Jaipur,Rajasthan,India,2023-12-03
C004895,Diya Das,55,Female,Bengaluru,Karnataka,India,2025-08-24
C004896,Arjun Nair,18,Female,Ahmedabad,Gujarat,India,2023-11-04
C004897,Rohan Singh,45,Male,Hyderabad,Telangana,India,2026-07-07
C004898,Ishita Reddy,37,Male,Chennai,Tamil Nadu,India,2024-03-31
C004899,Aarav Nair,65,Female,Lucknow,Uttar Pradesh,India,2023-10-04
C004900,Ishita Nair,28,Male,Delhi,Delhi,India,2024-02-02
C004901,Sara Nair,45,Female,Pune,Maharashtra,India,2025-09-08
C004902,Ishita Kapoor,32,Female,Pune,Maharashtra,India,2026-07-30
C004903,Aarav Kapoor,29,Male,Ahmedabad,Gujarat,India,2025-10-02
C004904,Kabir Khan,51,Male,Pune,Maharashtra,India,2022-07-01
C004905,Kabir Das,58,Female,Mumbai,Maharashtra,India,2022-01-08
C004906,Arjun Khan,46,Female,Mumbai,Maharashtra,India,2024-12-27
C004907,Vihaan Sharma,33,Non-binary,Lucknow,Uttar Pradesh,India,2026-06-23
C004908,Diya Singh,38,Non-binary,Delhi,Delhi,India,2022-09-22
C004909,Rohan Das,36,Female,Mumbai,Maharashtra,India,2023-12-20
C004910,Arjun Nair,33,Male,Mumbai,Maharashtra,India,2024-04-08
C004911,Arjun Nair,48,Female,Ahmedabad,Gujarat,India,2025-03-05
C004912,Arjun Mehta,45,Female,Chennai,Tamil Nadu,India,2024-02-04
C004913,Anaya Reddy,34,Female,Bengaluru,Karnataka,India,2023-03-31
C004914,Kabir Patel,63,Female,Pune,Maharashtra,India,2023-05-09
C004915,Meera Kapoor,52,Male,Pune,Maharashtra,India,2022-12-16
C004916,Diya Kapoor,23,Female,Delhi,Delhi,India,2023-07-13
C004917,Kabir Kapoor,18,Male,Kochi,Kerala,India,2026-05-12
C004918,Meera Khan,62,Female,Pune,Maharashtra,India,2025-11-18
C004919,Diya Mehta,47,Non-binary,Delhi,Delhi,India,2025-11-24
C004920,Rohan Patel,31,Female,Hyderabad,Telangana,India,2025-10-09
C004921,Kabir Patel,35,Female,Hyderabad,Telangana,India,2023-07-11
C004922,Sara Reddy,60,Female,Delhi,Delhi,India,2024-11-12
C004923,Kabir Reddy,64,Female,Bengaluru,Karnataka,India,2023-07-10
C004924,Kabir Sharma,19,Male,Ahmedabad,Gujarat,India,2025-12-09
C004925,Diya Singh,66,Female,Kolkata,West Bengal,India,2023-12-13
C004926,Anaya Reddy,47,Female,Chennai,Tamil Nadu,India,2024-04-05
C004927,Aarav Nair,46,Female,Lucknow,Uttar Pradesh,India,2024-05-24
C004928,Sara Mehta,46,Male,Mumbai,Maharashtra,India,2023-05-06
C004929,Aarav Patel,48,Male,Pune,Maharashtra,India,2026-05-02
C004930,Arjun Reddy,59,Female,Mumbai,Maharashtra,India,2023-07-29
C004931,Meera Reddy,32,Male,Pune,Maharashtra,India,2022-04-01
C004932,Anaya Mehta,32,Non-binary,Kolkata,West Bengal,India,2024-03-17
C004933,Anaya Sharma,44,Female,Kochi,Kerala,India,2024-06-14
C004934,Kabir Sharma,28,Female,Delhi,Delhi,India,2022-11-10
C004935,Aarav Iyer,47,Male,Lucknow,Uttar Pradesh,India,2023-03-09
C004936,Aarav Sharma,48,Female,Kolkata,West Bengal,India,2022-09-01
C004937,Diya Das,44,Male,Mumbai,Maharashtra,India,2023-09-12
C004938,Diya Kapoor,33,Male,Mumbai,Maharashtra,India,2026-05-05
C004939,Arjun Kapoor,19,Female,Mumbai,Maharashtra,India,2026-08-20
C004940,Aarav Nair,44,Male,Jaipur,Rajasthan,India,2023-10-22
C004941,Arjun Das,52,Female,Delhi,Delhi,India,2024-11-15
C004942,Sara Sharma,35,Female,Bengaluru,Karnataka,India,2024-10-25
C004943,Diya Iyer,58,Male,Pune,Maharashtra,India,2025-06-16
C004944,Arjun Mehta,53,Male,Bengaluru,Karnataka,India,2024-04-15
C004945,Rohan Mehta,39,Female,Delhi,Delhi,India,2024-06-05
C004946,Anaya Sharma,33,Male,Mumbai,Maharashtra,India,2024-01-01
C004947,Anaya Das,27,Female,Bengaluru,Karnataka,India,2024-02-03
C004948,Meera Nair,65,Male,Kolkata,West Bengal,India,2024-04-21
C004949,Aarav Khan,42,Female,Indore,Madhya Pradesh,India,2024-05-13
C004950,Anaya Khan,63,Male,Mumbai,Maharashtra,India,2022-06-02
C004951,Ishita Iyer,44,Non-binary,Delhi,Delhi,India,2024-03-18
C004952,Ishita Patel,30,Female,Delhi,Delhi,India,2025-08-15
C004953,Vihaan Sharma,20,Female,Jaipur,Rajasthan,India,2022-02-11
C004954,Ishita Reddy,61,Male,Pune,Maharashtra,India,2024-12-26
C004955,Sara Patel,62,Female,Delhi,Delhi,India,2023-05-15
C004956,Kabir Singh,60,Female,Bengaluru,Karnataka,India,2022-07-09
C004957,Rohan Sharma,49,Male,Mumbai,Maharashtra,India,2024-06-29
C004958,Diya Iyer,41,Female,Indore,Madhya Pradesh,India,2026-07-25
C004959,Ishita Iyer,42,Male,Delhi,Delhi,India,2022-05-18
C004960,Kabir Sharma,24,Male,Hyderabad,Telangana,India,2025-01-19
C004961,Kabir Iyer,61,Female,Delhi,Delhi,India,2023-08-05
C004962,Aarav Reddy,58,Non-binary,Mumbai,Maharashtra,India,2024-11-17
C004963,Arjun Singh,51,Male,Chennai,Tamil Nadu,India,2023-03-26
C004964,Anaya Singh,46,Female,Chennai,Tamil Nadu,India,2024-08-28
C004965,Vihaan Singh,36,Non-binary,Ahmedabad,Gujarat,India,2026-07-21
C004966,Vihaan Singh,21,Female,Delhi,Delhi,India,2026-06-05
C004967,Ishita Das,20,Female,Hyderabad,Telangana,India,2025-05-14
C004968,Ishita Singh,35,Female,Kolkata,West Bengal,India,2024-06-15
C004969,Rohan Patel,42,Male,Kolkata,West Bengal,India,2026-05-10
C004970,Sara Nair,53,Female,Jaipur,Rajasthan,India,2023-11-09
C004971,Anaya Das,48,Male,Mumbai,Maharashtra,India,2025-01-12
C004972,Rohan Khan,45,Male,Chennai,Tamil Nadu,India,2024-11-02
C004973,Sara Mehta,43,Male,Mumbai,Maharashtra,India,2022-08-19
C004974,Diya Iyer,66,Male,Hyderabad,Telangana,India,2026-07-18
C004975,Kabir Nair,21,Male,Mumbai,Maharashtra,India,2025-04-20
C004976,Meera Khan,61,Female,Delhi,Delhi,India,2025-03-07
C004977,Rohan Iyer,63,Female,Hyderabad,Telangana,India,2025-12-08
C004978,Anaya Sharma,20,Male,Bengaluru,Karnataka,India,2025-09-24
C004979,Ishita Sharma,52,Female,Mumbai,Maharashtra,India,2024-03-31
C004980,Sara Reddy,59,Male,Bengaluru,Karnataka,India,2025-05-07
C004981,Ishita Sharma,48,Male,Kolkata,West Bengal,India,2026-02-20
C004982,Anaya Singh,50,Male,Mumbai,Maharashtra,India,2026-05-27
C004983,Rohan Kapoor,26,Male,Chennai,Tamil Nadu,India,2022-10-25
C004984,Aarav Patel,34,Male,Delhi,Delhi,India,2022-10-07
C004985,Vihaan Patel,33,Female,Mumbai,Maharashtra,India,2025-01-01
C004986,Ishita Patel,35,Female,Bengaluru,Karnataka,India,2022-12-01
C004987,Meera Nair,29,Female,Mumbai,Maharashtra,India,2024-03-19
C004988,Rohan Reddy,46,Female,Ahmedabad,Gujarat,India,2022-07-05
C004989,Ishita Iyer,38,Female,Pune,Maharashtra,India,2024-04-21
C004990,Ishita Khan,52,Male,Bengaluru,Karnataka,India,2022-03-15
C004991,Meera Iyer,48,Male,Delhi,Delhi,India,2022-01-19
C004992,Sara Khan,38,Female,Chennai,Tamil Nadu,India,2022-07-13
C004993,Rohan Sharma,32,Male,Mumbai,Maharashtra,India,2025-06-04
C004994,Arjun Sharma,52,Male,Kochi,Kerala,India,2026-06-04
C004995,Diya Nair,54,Male,Mumbai,Maharashtra,India,2025-06-05
C004996,Ishita Sharma,60,Female,Chennai,Tamil Nadu,India,2022-01-21
C004997,Anaya Nair,55,Male,Delhi,Delhi,India,2026-08-06
C004998,Diya Nair,32,Male,Hyderabad,Telangana,India,2026-02-22
C004999,Diya Patel,55,Female,Ahmedabad,Gujarat,India,2024-06-16
C005000,Aarav Reddy,58,Female,Pune,Maharashtra,India,2022-09-14
C005001,Aarav Nair,41,Male,Mumbai,Maharashtra,India,2024-04-20
C005002,Meera Sharma,33,Male,Kochi,Kerala,India,2026-06-14
C005003,Kabir Kapoor,58,Male,Mumbai,Maharashtra,India,2023-03-13
C005004,Sara Mehta,60,Male,Kolkata,West Bengal,India,2023-09-26
C005005,Rohan Singh,55,Female,Hyderabad,Telangana,India,2023-05-05
C005006,Ishita Mehta,58,Female,Kolkata,West Bengal,India,2022-07-26
C005007,Arjun Reddy,22,Non-binary,Mumbai,Maharashtra,India,2026-02-12
C005008,Sara Patel,48,Male,Ahmedabad,Gujarat,India,2023-09-15
C005009,Sara Kapoor,29,Female,Ahmedabad,Gujarat,India,2024-10-14
C005010,Aarav Patel,66,Female,Bengaluru,Karnataka,India,2024-09-05
C005011,Rohan Das,41,Male,Pune,Maharashtra,India,2025-09-25
C005012,Anaya Patel,55,Female,Mumbai,Maharashtra,India,2024-03-28
C005013,Kabir Kapoor,21,Female,Mumbai,Maharashtra,India,2023-02-03
C005014,Sara Iyer,18,Female,Pune,Maharashtra,India,2022-01-11
C005015,Sara Mehta,62,Male,Lucknow,Uttar Pradesh,India,2023-07-13
C005016,Vihaan Nair,25,Female,Chennai,Tamil Nadu,India,2026-03-05
C005017,Aarav Kapoor,42,Male,Bengaluru,Karnataka,India,2025-12-31
C005018,Arjun Khan,56,Female,Delhi,Delhi,India,2026-01-16
C005019,Meera Mehta,33,Male,Mumbai,Maharashtra,India,2022-02-10
C005020,Diya Mehta,54,Male,Chennai,Tamil Nadu,India,2022-07-15
C005021,Sara Sharma,60,Male,Bengaluru,Karnataka,India,2023-07-09
C005022,Sara Khan,37,Female,Bengaluru,Karnataka,India,2022-01-11
C005023,Anaya Nair,27,Female,Delhi,Delhi,India,2022-12-10
C005024,Sara Reddy,45,Male,Kolkata,West Bengal,India,2024-07-21
C005025,Diya Singh,22,Male,Delhi,Delhi,India,2024-01-03
C005026,Arjun Patel,58,Male,Delhi,Delhi,India,2022-01-09
C005027,Meera Khan,35,Male,Delhi,Delhi,India,2025-12-30
C005028,Vihaan Mehta,28,Male,Mumbai,Maharashtra,India,2022-11-05
C005029,Diya Khan,60,Female,Lucknow,Uttar Pradesh,India,2023-04-19
C005030,Vihaan Singh,46,Female,Kolkata,West Bengal,India,2023-12-04
C005031,Arjun Nair,43,Female,Ahmedabad,Gujarat,India,2023-12-29
C005032,Meera Sharma,57,Female,Mumbai,Maharashtra,India,2022-09-10
C005033,Anaya Reddy,60,Female,Hyderabad,Telangana,India,2026-06-22
C005034,Meera Nair,31,Female,Mumbai,Maharashtra,India,2025-12-05
C005035,Diya Singh,47,Male,Mumbai,Maharashtra,India,2022-11-01
C005036,Ishita Khan,30,Female,Mumbai,Maharashtra,India,2024-10-27
C005037,Aarav Khan,22,Female,Bengaluru,Karnataka,India,2022-05-31
C005038,Ishita Singh,49,Female,Ahmedabad,Gujarat,India,2024-11-22
C005039,Kabir Mehta,34,Male,Chennai,Tamil Nadu,India,2026-08-29
C005040,Aarav Das,31,Male,Delhi,Delhi,India,2025-07-29
C005041,Sara Das,51,Male,Hyderabad,Telangana,India,2024-02-25
C005042,Arjun Khan,65,Female,Lucknow,Uttar Pradesh,India,2022-03-02
C005043,Diya Patel,59,Female,Pune,Maharashtra,India,2023-11-09
C005044,Vihaan Patel,25,Female,Delhi,Delhi,India,2025-08-05
C005045,Vihaan Khan,34,Male,Jaipur,Rajasthan,India,2025-06-30
C005046,Diya Das,39,Male,Delhi,Delhi,India,2026-08-17
C005047,Vihaan Nair,35,Female,Delhi,Delhi,India,2023-01-31
C005048,Anaya Mehta,53,Female,Pune,Maharashtra,India,2026-01-30
C005049,Diya Sharma,52,Female,Bengaluru,Karnataka,India,2024-09-18
C005050,Rohan Das,41,Male,Kolkata,West Bengal,India,2025-02-24
C005051,Sara Reddy,35,Female,Mumbai,Maharashtra,India,2023-06-13
C005052,Diya Singh,18,Female,Mumbai,Maharashtra,India,2023-08-06
C005053,Anaya Singh,39,Male,Ahmedabad,Gujarat,India,2023-03-21
C005054,Kabir Sharma,51,Female,Kolkata,West Bengal,India,2022-03-18
C005055,Diya Singh,30,Female,Mumbai,Maharashtra,India,2023-12-16
C005056,Anaya Iyer,63,Non-binary,Lucknow,Uttar Pradesh,India,2022-12-04
C005057,Kabir Kapoor,47,Male,Delhi,Delhi,India,2024-10-02
C005058,Ishita Das,56,Non-binary,Delhi,Delhi,India,2025-02-05
C005059,Arjun Reddy,29,Female,Chennai,Tamil Nadu,India,2023-03-06
C005060,Arjun Patel,49,Male,Lucknow,Uttar Pradesh,India,2023-02-24
C005061,Kabir Patel,51,Male,Hyderabad,Telangana,India,2023-08-22
C005062,Ishita Nair,63,Male,Kolkata,West Bengal,India,2022-04-06
C005063,Aarav Singh,57,Female,Bengaluru,Karnataka,India,2024-10-15
C005064,Ishita Kapoor,26,Female,Bengaluru,Karnataka,India,2023-07-01
C005065,Arjun Nair,51,Female,Lucknow,Uttar Pradesh,India,2025-04-15
C005066,Diya Nair,34,Male,Pune,Maharashtra,India,2024-04-02
C005067,Ishita Sharma,21,Female,Kochi,Kerala,India,2025-05-27
C005068,Meera Khan,33,Female,Delhi,Delhi,India,2022-04-13
C005069,Aarav Nair,46,Male,Ahmedabad,Gujarat,India,2023-10-15
C005070,Sara Kapoor,35,Male,Ahmedabad,Gujarat,India,2024-04-03
C005071,Arjun Kapoor,23,Male,Hyderabad,Telangana,India,2022-12-26
C005072,Ishita Patel,51,Male,Mumbai,Maharashtra,India,2023-01-12
C005073,Sara Kapoor,35,Female,Jaipur,Rajasthan,India,2023-07-29
C005074,Diya Mehta,32,Female,Hyderabad,Telangana,India,2026-02-09
C005075,Meera Reddy,43,Female,Mumbai,Maharashtra,India,2025-08-15
C005076,Rohan Das,62,Female,Mumbai,Maharashtra,India,2022-02-24
C005077,Aarav Patel,46,Male,Lucknow,Uttar Pradesh,India,2024-08-04
C005078,Meera Patel,27,Female,Indore,Madhya Pradesh,India,2026-03-14
C005079,Rohan Nair,49,Male,Mumbai,Maharashtra,India,2025-04-28
C005080,Sara Kapoor,36,Male,Ahmedabad,Gujarat,India,2025-04-04
C005081,Rohan Kapoor,40,Male,Pune,Maharashtra,India,2024-01-15
C005082,Anaya Nair,60,Female,Lucknow,Uttar Pradesh,India,2024-03-23
C005083,Anaya Singh,39,Male,Delhi,Delhi,India,2022-02-02
C005084,Diya Iyer,22,Female,Ahmedabad,Gujarat,India,2025-10-17
C005085,Diya Khan,60,Male,Pune,Maharashtra,India,2024-02-27
C005086,Vihaan Patel,65,Male,Lucknow,Uttar Pradesh,India,2023-12-18
C005087,Rohan Mehta,52,Male,Hyderabad,Telangana,India,2025-03-10
C005088,Arjun Khan,38,Male,Delhi,Delhi,India,2022-11-05
C005089,Kabir Kapoor,51,Female,Hyderabad,Telangana,India,2022-08-08
C005090,Vihaan Nair,44,Male,Indore,Madhya Pradesh,India,2025-06-06
C005091,Ishita Iyer,40,Male,Delhi,Delhi,India,2025-05-31
C005092,Meera Iyer,56,Male,Jaipur,Rajasthan,India,2023-12-13
C005093,Meera Mehta,38,Female,Hyderabad,Telangana,India,2022-08-28
C005094,Arjun Patel,33,Female,Mumbai,Maharashtra,India,2022-07-31
C005095,Sara Kapoor,38,Male,Hyderabad,Telangana,India,2023-02-17
C005096,Arjun Khan,43,Female,Kolkata,West Bengal,India,2024-04-24
C005097,Anaya Das,51,Male,Hyderabad,Telangana,India,2024-05-11
C005098,Aarav Nair,57,Female,Jaipur,Rajasthan,India,2022-08-06
C005099,Diya Das,40,Female,Delhi,Delhi,India,2023-05-09
C005100,Meera Iyer,52,Male,Chennai,Tamil Nadu,India,2022-04-09
C005101,Anaya Mehta,20,Male,Lucknow,Uttar Pradesh,India,2026-06-03
C005102,Sara Nair,55,Male,Pune,Maharashtra,India,2024-01-01
C005103,Anaya Das,43,Male,Mumbai,Maharashtra,India,2023-12-15
C005104,Aarav Reddy,28,Male,Hyderabad,Telangana,India,2025-09-14
C005105,Aarav Khan,23,Male,Ahmedabad,Gujarat,India,2023-01-22
C005106,Vihaan Nair,39,Female,Pune,Maharashtra,India,2025-09-21
C005107,Vihaan Kapoor,60,Male,Lucknow,Uttar Pradesh,India,2025-07-02
C005108,Ishita Iyer,36,Male,Chennai,Tamil Nadu,India,2022-11-29
C005109,Anaya Sharma,46,Female,Chennai,Tamil Nadu,India,2026-05-06
C005110,Anaya Mehta,46,Female,Jaipur,Rajasthan,India,2022-09-30
C005111,Aarav Nair,45,Female,Kochi,Kerala,India,2026-01-27
C005112,Diya Das,38,Female,Pune,Maharashtra,India,2025-02-06
C005113,Kabir Kapoor,54,Male,Jaipur,Rajasthan,India,2022-06-01
C005114,Ishita Mehta,49,Female,Hyderabad,Telangana,India,2024-05-12
C005115,Arjun Kapoor,47,Male,Kochi,Kerala,India,2025-07-31
C005116,Vihaan Das,18,Female,Mumbai,Maharashtra,India,2022-11-03
C005117,Vihaan Das,35,Male,Ahmedabad,Gujarat,India,2024-07-27
C005118,Diya Mehta,52,Female,Pune,Maharashtra,India,2026-08-24
C005119,Meera Iyer,23,Male,Pune,Maharashtra,India,2022-09-07
C005120,Anaya Reddy,36,Female,Kochi,Kerala,India,2023-01-23
C005121,Sara Sharma,45,Male,Mumbai,Maharashtra,India,2025-01-13
C005122,Arjun Singh,63,Female,Hyderabad,Telangana,India,2023-01-19
C005123,Anaya Patel,24,Female,Ahmedabad,Gujarat,India,2022-12-22
C005124,Ishita Khan,62,Male,Delhi,Delhi,India,2024-09-17
C005125,Diya Iyer,62,Male,Delhi,Delhi,India,2023-07-19
C005126,Arjun Mehta,43,Female,Delhi,Delhi,India,2026-04-19
C005127,Sara Nair,51,Female,Hyderabad,Telangana,India,2025-03-27
C005128,Vihaan Reddy,62,Female,Chennai,Tamil Nadu,India,2022-01-30
C005129,Arjun Nair,59,Female,Mumbai,Maharashtra,India,2024-08-06
C005130,Meera Mehta,48,Female,Delhi,Delhi,India,2022-03-15
C005131,Vihaan Khan,66,Female,Bengaluru,Karnataka,India,2025-06-02
C005132,Meera Singh,34,Male,Ahmedabad,Gujarat,India,2024-11-05
C005133,Sara Patel,18,Male,Lucknow,Uttar Pradesh,India,2023-08-29
C005134,Ishita Iyer,38,Male,Ahmedabad,Gujarat,India,2024-11-27
C005135,Aarav Nair,36,Male,Bengaluru,Karnataka,India,2025-11-13
C005136,Sara Reddy,46,Female,Ahmedabad,Gujarat,India,2022-12-04
C005137,Vihaan Patel,22,Female,Delhi,Delhi,India,2022-01-19
C005138,Rohan Nair,67,Male,Ahmedabad,Gujarat,India,2022-11-11
C005139,Sara Reddy,43,Female,Bengaluru,Karnataka,India,2022-06-15
C005140,Sara Kapoor,21,Male,Bengaluru,Karnataka,India,2025-01-26
C005141,Rohan Iyer,53,Female,Mumbai,Maharashtra,India,2024-05-28
C005142,Aarav Patel,53,Male,Pune,Maharashtra,India,2022-04-21
C005143,Rohan Mehta,57,Female,Hyderabad,Telangana,India,2023-06-14
C005144,Ishita Khan,40,Male,Hyderabad,Telangana,India,2023-07-03
C005145,Diya Singh,61,Non-binary,Bengaluru,Karnataka,India,2022-06-04
C005146,Aarav Kapoor,54,Female,Kolkata,West Bengal,India,2026-08-24
C005147,Diya Mehta,50,Male,Indore,Madhya Pradesh,India,2026-03-14
C005148,Diya Sharma,67,Female,Chennai,Tamil Nadu,India,2023-10-11
C005149,Sara Nair,55,Male,Pune,Maharashtra,India,2023-06-03
C005150,Anaya Singh,43,Male,Hyderabad,Telangana,India,2023-07-15
C005151,Kabir Khan,56,Female,Delhi,Delhi,India,2026-08-11
C005152,Vihaan Singh,57,Male,Ahmedabad,Gujarat,India,2024-12-16
C005153,Sara Das,52,Male,Pune,Maharashtra,India,2023-05-21
C005154,Rohan Reddy,21,Female,Bengaluru,Karnataka,India,2022-04-24
C005155,Aarav Patel,41,Male,Bengaluru,Karnataka,India,2022-10-05
C005156,Anaya Reddy,62,Non-binary,Bengaluru,Karnataka,India,2025-08-28
C005157,Diya Sharma,29,Female,Kolkata,West Bengal,India,2024-06-09
C005158,Vihaan Iyer,26,Male,Pune,Maharashtra,India,2024-08-17
C005159,Meera Reddy,25,Female,Hyderabad,Telangana,India,2026-06-19
C005160,Aarav Khan,42,Female,Delhi,Delhi,India,2024-03-18
C005161,Rohan Singh,46,Male,Ahmedabad,Gujarat,India,2025-07-14
C005162,Rohan Singh,59,Female,Chennai,Tamil Nadu,India,2022-02-01
C005163,Vihaan Singh,44,Female,Indore,Madhya Pradesh,India,2025-08-25
C005164,Rohan Khan,18,Female,Delhi,Delhi,India,2024-10-19
C005165,Meera Iyer,35,Female,Mumbai,Maharashtra,India,2022-08-11
C005166,Anaya Singh,63,Female,Chennai,Tamil Nadu,India,2026-07-12
C005167,Anaya Das,19,Female,Pune,Maharashtra,India,2024-05-26
C005168,Ishita Sharma,66,Female,Delhi,Delhi,India,2023-01-04
C005169,Anaya Das,24,Male,Lucknow,Uttar Pradesh,India,2025-02-16
C005170,Vihaan Iyer,23,Female,Mumbai,Maharashtra,India,2022-09-24
C005171,Sara Singh,20,Female,Hyderabad,Telangana,India,2023-12-16
C005172,Sara Patel,39,Female,Pune,Maharashtra,India,2023-10-14
C005173,Ishita Patel,67,Female,Hyderabad,Telangana,India,2023-02-01
C005174,Meera Sharma,50,Female,Mumbai,Maharashtra,India,2024-02-20
C005175,Meera Sharma,29,Female,Ahmedabad,Gujarat,India,2022-04-23
C005176,Rohan Kapoor,36,Male,Kolkata,West Bengal,India,2024-10-10
C005177,Arjun Iyer,32,Female,Hyderabad,Telangana,India,2022-06-19
C005178,Aarav Mehta,28,Male,Chennai,Tamil Nadu,India,2024-03-03
C005179,Diya Das,19,Male,Kochi,Kerala,India,2026-06-03
C005180,Anaya Singh,45,Female,Mumbai,Maharashtra,India,2024-04-07
C005181,Aarav Iyer,33,Female,Hyderabad,Telangana,India,2026-05-12
C005182,Sara Mehta,37,Male,Pune,Maharashtra,India,2022-10-09
C005183,Ishita Singh,61,Male,Mumbai,Maharashtra,India,2024-12-03
C005184,Sara Singh,28,Male,Chennai,Tamil Nadu,India,2023-11-03
C005185,Aarav Patel,34,Female,Pune,Maharashtra,India,2025-11-21
C005186,Arjun Kapoor,61,Female,Mumbai,Maharashtra,India,2026-05-07
C005187,Sara Nair,31,Male,Jaipur,Rajasthan,India,2022-09-21
C005188,Aarav Khan,59,Male,Delhi,Delhi,India,2026-04-06
C005189,Ishita Das,38,Female,Delhi,Delhi,India,2023-01-01
C005190,Rohan Sharma,33,Male,Kochi,Kerala,India,2024-09-03
C005191,Sara Singh,42,Male,Ahmedabad,Gujarat,India,2025-08-30
C005192,Sara Iyer,18,Male,Pune,Maharashtra,India,2026-04-20
C005193,Ishita Iyer,56,Male,Hyderabad,Telangana,India,2022-02-01
C005194,Kabir Das,43,Male,Hyderabad,Telangana,India,2022-07-09
C005195,Diya Reddy,32,Female,Lucknow,Uttar Pradesh,India,2025-12-15
C005196,Rohan Sharma,34,Male,Ahmedabad,Gujarat,India,2025-08-20
C005197,Meera Kapoor,22,Male,Bengaluru,Karnataka,India,2022-07-18
C005198,Rohan Singh,63,Male,Lucknow,Uttar Pradesh,India,2026-07-19
C005199,Kabir Reddy,53,Male,Bengaluru,Karnataka,India,2026-05-15
C005200,Sara Iyer,53,Male,Delhi,Delhi,India,2022-11-21
