marketing_id,date,channel,spend,impressions,clicks,conversions
M000001,2022-08-27,Instagram,17767.04,258240,3473,238
M000002,2023-03-23,Meta Ads,38590.86,58892,13068,249
M000003,2022-06-01,Meta Ads,41547.41,16297,238,120
M000004,2026-08-22,Direct,7996.2,100400,9608,118
M000005,2024-09-22,Email,9120.58,82557,9441,171
M000006,2025-08-11,Google Ads,19109.85,196525,10640,65
M000007,2025-06-13,Direct,21913.25,183408,8367,233
M000008,2025-05-23,Email,20134.38,180917,6870,221
M000009,2026-05-27,Email,4763.41,24197,12307,175
M000010,2022-08-15,Email,27523.24,282401,11586,61
M000011,2023-08-22,Organic Search,34875.94,228399,9476,89
M000012,2022-04-03,Organic Search,33128.55,97884,1531,59
M000013,2022-04-14,Email,19519.81,143046,2955,216
M000014,2025-03-07,Referral,14606.53,131877,7816,148
M000015,2023-09-29,Meta Ads,26513.14,8412,13394,9
M000016,2026-01-07,Direct,31270.03,15660,9223,92
M000017,2022-12-07,Instagram,9577.67,128652,10735,79
M000018,2022-10-25,Direct,26363.84,223544,11915,56
M000019,2024-05-13,Instagram,2245.46,49775,9598,112
M000020,2026-05-15,Affiliate,34860.0,30961,10168,183
M000021,2026-02-09,Email,28820.13,98096,574,71
M000022,2023-03-01,Instagram,611.06,102273,3866,68
M000023,2023-03-18,Direct,24774.06,222701,12013,239
M000024,2023-01-09,Affiliate,2537.79,288380,12819,102
M000025,2023-12-09,Email,3273.41,200464,9333,108
M000026,2026-01-07,Email,41279.89,46279,8171,39
M000027,2025-12-10,Direct,39488.79,128472,9878,53
M000028,2023-02-11,Organic Search,29092.79,63954,682,68
M000029,2022-09-29,Organic Search,33728.83,39153,307,180
M000030,2023-07-21,Direct,13429.62,187512,8407,207
M000031,2023-10-16,Email,2583.15,3918,5636,218
M000032,2025-11-27,Referral,8588.72,68154,9215,182
M000033,2024-08-30,Email,41751.84,207896,9784,88
M000034,2023-07-13,Organic Search,12398.92,42885,1260,162
M000035,2026-08-03,Organic Search,27813.44,185367,7573,141
M000036,2022-10-29,Meta Ads,1763.35,149766,12094,113
M000037,2022-03-27,Affiliate,38836.28,203206,4596,143
M000038,2026-01-11,Email,7198.14,131490,5789,44
M000039,2024-01-15,Organic Search,30212.43,84542,11112,70
M000040,2025-08-29,Referral,3061.43,131970,2326,54
M000041,2023-07-28,Direct,2439.92,44322,7848,84
M000042,2022-12-31,Organic Search,34592.97,86348,9551,247
M000043,2024-12-22,Email,1733.99,291868,4055,83
M000044,2024-01-29,Google Ads,26846.82,218969,9978,169
M000045,2024-09-11,Email,4931.18,227543,8084,71
M000046,2025-08-11,Affiliate,19234.35,48803,10947,14
M000047,2023-07-04,Affiliate,40425.95,270394,6381,33
M000048,2025-02-10,Instagram,15643.47,296778,6940,143
M000049,2024-01-20,Organic Search,41818.13,206063,3820,83
M000050,2025-07-08,Direct,22594.4,284502,7205,81
M000051,2024-07-08,Organic Search,13218.91,176780,7074,128
M000052,2023-11-02,Email,15196.55,41592,3500,96
M000053,2023-05-19,Google Ads,15227.49,42807,13462,242
M000054,2023-12-31,Direct,1831.56,260226,11254,2
M000055,2022-05-12,Email,18578.54,74999,6344,216
M000056,2024-01-09,Google Ads,7768.77,144069,12301,48
M000057,2024-01-17,Organic Search,20727.64,196097,417,235
M000058,2024-04-02,Meta Ads,2168.53,212734,11022,45
M000059,2024-07-16,Instagram,29093.61,208052,7345,51
M000060,2023-11-05,Direct,33007.28,60549,6574,194
M000061,2022-07-04,Direct,8796.04,287470,8852,111
M000062,2024-04-23,Direct,20228.93,156236,10469,159
M000063,2025-06-24,Google Ads,40663.33,259027,5268,221
M000064,2025-06-02,Affiliate,28394.92,96976,9532,132
M000065,2024-06-15,Meta Ads,32761.57,76991,6786,36
M000066,2022-06-27,Google Ads,5393.53,273628,1972,141
M000067,2026-04-13,Direct,1170.45,11768,1437,13
M000068,2022-03-15,Referral,37397.87,80858,4663,68
M000069,2024-04-30,Direct,40358.71,280570,4458,251
M000070,2025-05-31,Direct,24497.36,160055,10324,203
M000071,2023-02-01,Email,2581.49,229993,5592,5
M000072,2023-11-13,Organic Search,7334.99,7477,9454,219
M000073,2022-08-01,Referral,38679.42,209252,13294,125
M000074,2022-03-01,Referral,22744.38,90401,331,192
M000075,2024-01-03,Instagram,6480.01,173622,12308,101
M000076,2022-09-09,Direct,30635.74,6251,10490,86
M000077,2022-11-22,Referral,1330.51,25809,10082,23
M000078,2022-06-30,Email,41055.97,96358,8817,222
M000079,2024-06-09,Google Ads,29997.79,34861,11938,179
M000080,2025-01-25,Email,38685.38,148120,12720,226
M000081,2023-11-15,Meta Ads,13156.83,131815,6542,237
M000082,2023-04-08,Referral,36459.93,189666,13751,139
M000083,2025-12-08,Instagram,36401.49,253348,10781,113
M000084,2024-04-29,Direct,36660.62,194290,13968,142
M000085,2026-01-14,Google Ads,30793.1,79638,11264,214
M000086,2025-06-17,Organic Search,5851.17,14210,5581,104
M000087,2026-01-09,Affiliate,27159.76,172984,11170,124
M000088,2024-06-19,Email,12699.13,65696,10847,29
M000089,2024-01-08,Instagram,39193.27,112894,3516,191
M000090,2023-01-12,Instagram,17689.66,114315,7451,250
M000091,2022-03-28,Google Ads,18225.02,285081,12890,227
M000092,2023-02-16,Email,23753.84,20900,1242,198
M000093,2023-02-11,Instagram,5988.11,198318,3111,66
M000094,2022-09-24,Google Ads,27352.26,94416,5957,202
M000095,2026-04-15,Direct,27216.23,185353,9556,52
M000096,2025-01-06,Affiliate,13604.75,195739,7456,242
M000097,2025-12-04,Organic Search,2667.12,25285,13365,226
M000098,2026-05-19,Organic Search,22996.48,218948,3713,189
M000099,2023-02-01,Organic Search,7466.04,261941,13483,85
M000100,2026-08-21,Instagram,36026.99,37120,8500,208
M000101,2025-11-26,Google Ads,4585.11,134594,7947,241
M000102,2022-10-19,Google Ads,26800.84,277716,13453,162
M000103,2022-02-19,Google Ads,19209.65,91418,12063,129
M000104,2022-10-01,Referral,27166.32,274722,3907,24
M000105,2023-02-19,Email,2150.93,173125,3719,133
M000106,2026-03-14,Email,40289.5,167965,7236,180
M000107,2023-02-28,Direct,24928.28,38316,5257,129
M000108,2025-03-28,Organic Search,17483.63,174882,6481,21
M000109,2022-08-13,Referral,4589.42,36978,6206,182
M000110,2025-09-05,Instagram,4190.1,123534,11413,10
M000111,2023-04-12,Organic Search,5870.98,152127,2572,56
M000112,2023-05-13,Email,27988.69,152793,4085,186
M000113,2024-01-21,Affiliate,27497.8,72674,7588,218
M000114,2022-11-28,Google Ads,23938.24,160529,4002,50
M000115,2024-05-30,Google Ads,34697.69,212348,13697,229
M000116,2022-04-13,Google Ads,40528.27,272909,9808,26
M000117,2026-06-04,Affiliate,31180.07,261409,3450,46
M000118,2023-03-07,Organic Search,17939.11,148622,9396,208
M000119,2026-04-28,Referral,33257.76,256869,2820,84
M000120,2022-08-11,Affiliate,21239.53,16862,11958,170
M000121,2023-04-16,Affiliate,36434.75,87309,11291,129
M000122,2024-01-20,Meta Ads,19823.52,136840,2740,93
M000123,2023-09-29,Direct,12685.2,34447,12587,250
M000124,2023-05-04,Affiliate,40682.64,266629,10133,196
M000125,2024-06-26,Email,28493.06,105353,5303,207
M000126,2025-06-08,Meta Ads,34507.85,89043,11618,197
M000127,2022-03-05,Direct,4583.97,224663,13472,57
M000128,2025-11-13,Direct,28984.43,285743,8538,13
M000129,2024-03-28,Affiliate,31662.97,277472,848,42
M000130,2023-06-26,Email,18185.84,220591,2629,213
M000131,2023-03-06,Instagram,10407.91,16380,12250,84
M000132,2024-10-26,Email,23539.49,166993,8467,55
M000133,2022-04-15,Direct,13886.26,187303,190,120
M000134,2023-11-06,Affiliate,23851.07,16564,2551,183
M000135,2022-11-29,Meta Ads,22738.36,93325,10971,162
M000136,2023-04-13,Google Ads,17145.17,79905,1911,44
M000137,2023-03-17,Organic Search,24329.88,9479,4529,54
M000138,2023-05-24,Referral,8430.53,35565,5687,247
M000139,2025-08-23,Direct,29125.77,218299,4181,255
M000140,2025-06-19,Organic Search,26494.2,112074,1556,186
M000141,2024-01-30,Google Ads,25549.29,254692,12877,248
M000142,2022-02-22,Direct,18375.09,159957,13462,259
M000143,2025-03-14,Google Ads,26314.91,89065,8119,165
M000144,2024-05-31,Email,40853.68,202293,11021,239
M000145,2022-12-11,Instagram,26410.86,6812,8975,30
M000146,2022-12-22,Google Ads,28757.31,6538,12142,160
M000147,2025-03-19,Affiliate,29579.52,193570,2066,215
M000148,2025-04-10,Email,19988.4,35825,13282,150
M000149,2026-05-24,Instagram,19906.29,263971,3199,45
M000150,2025-03-28,Direct,18179.99,171662,13820,127
M000151,2024-02-08,Google Ads,29003.19,95740,8918,82
M000152,2023-01-30,Direct,12213.51,106663,9444,12
M000153,2022-12-07,Google Ads,29546.05,182279,3286,189
M000154,2025-08-24,Meta Ads,10732.01,134030,4103,36
M000155,2022-04-21,Email,7720.29,107104,13313,56
M000156,2022-10-12,Organic Search,34455.19,74178,13257,6
M000157,2025-07-04,Email,26158.42,220705,13660,76
M000158,2023-06-17,Affiliate,24235.37,12319,7812,222
M000159,2025-05-23,Instagram,17869.81,43791,5577,8
M000160,2023-06-17,Direct,22409.62,10864,5333,95
M000161,2023-12-15,Organic Search,15327.12,51148,10874,87
M000162,2025-06-21,Instagram,8892.02,263615,2527,186
M000163,2025-08-10,Email,30725.41,225357,11741,103
M000164,2026-01-25,Meta Ads,34930.27,187466,5191,60
M000165,2024-06-02,Affiliate,41362.26,201468,4753,12
M000166,2026-04-20,Email,24493.83,225105,8432,65
M000167,2022-05-08,Referral,31451.97,287056,9110,160
M000168,2025-06-02,Direct,8975.7,74312,6169,177
M000169,2024-05-09,Instagram,4771.49,109519,6220,143
M000170,2026-01-28,Email,1819.68,274767,2319,211
M000171,2025-11-07,Instagram,32067.44,65249,11757,161
M000172,2023-11-11,Affiliate,33632.2,285072,12994,195
M000173,2025-08-13,Direct,8101.78,263778,10972,258
M000174,2023-05-31,Google Ads,41392.2,58031,10470,199
M000175,2023-04-25,Organic Search,39458.47,94440,13309,105
M000176,2024-10-18,Affiliate,32033.07,291781,13840,116
M000177,2025-12-27,Instagram,41547.77,134897,3623,236
M000178,2024-12-09,Instagram,33200.5,138145,4210,61
M000179,2024-06-07,Instagram,13070.56,157403,2167,233
M000180,2024-08-21,Referral,12092.28,55734,10224,4
M000181,2026-02-21,Referral,40573.49,157875,8705,54
M000182,2023-07-27,Direct,11259.04,114757,2619,258
M000183,2022-03-20,Affiliate,20181.3,227580,9725,190
M000184,2025-10-11,Google Ads,32917.08,146123,1776,185
M000185,2026-01-07,Email,7565.72,233095,13681,130
M000186,2026-01-06,Referral,9508.72,231534,4821,180
M000187,2025-02-03,Email,40943.91,172882,3491,230
M000188,2022-02-09,Meta Ads,38659.06,288257,12979,2
M000189,2023-12-01,Direct,20876.78,224335,13034,190
M000190,2026-06-12,Organic Search,8051.3,76013,13236,10
M000191,2025-11-23,Organic Search,27249.56,80675,4683,142
M000192,2025-10-22,Organic Search,21136.59,79204,7978,118
M000193,2023-02-21,Referral,30554.75,91817,10914,105
M000194,2025-12-20,Referral,27634.12,209621,1506,155
M000195,2026-04-28,Organic Search,11906.81,127441,1497,123
M000196,2022-08-07,Affiliate,7440.32,100653,4697,195
M000197,2023-11-19,Direct,15849.2,8878,3090,12
M000198,2024-11-04,Email,19415.02,235236,508,195
M000199,2022-02-25,Instagram,30789.69,27629,1470,149
M000200,2022-04-22,Referral,10074.27,233844,6424,155
M000201,2026-01-30,Instagram,7476.31,250087,12473,47
M000202,2025-07-19,Email,35478.91,267252,13634,163
M000203,2026-01-24,Organic Search,34515.97,96656,4593,247
M000204,2022-12-29,Direct,16828.7,162787,4923,207
M000205,2024-10-16,Google Ads,6899.78,169881,2153,55
M000206,2023-06-17,Instagram,33947.8,234720,11192,50
M000207,2022-04-14,Direct,8680.38,29841,9977,66
M000208,2025-04-20,Google Ads,8597.6,14829,1861,226
M000209,2024-11-21,Instagram,33991.12,238395,13606,80
M000210,2024-05-12,Meta Ads,23550.34,199730,5127,49
M000211,2023-06-24,Email,41380.11,270319,8593,105
M000212,2023-11-03,Meta Ads,14292.56,65863,7864,31
M000213,2025-12-06,Google Ads,2388.3,284015,392,37
M000214,2026-01-31,Direct,25352.3,254933,6661,113
M000215,2024-12-20,Meta Ads,20930.09,223940,2468,49
M000216,2025-06-02,Google Ads,15325.97,260445,8591,153
M000217,2025-06-12,Email,6959.7,203437,2063,45
M000218,2024-01-20,Instagram,16864.51,240884,9285,127
M000219,2025-10-14,Direct,4058.49,134394,5871,90
M000220,2025-12-14,Direct,22676.01,219831,11887,171
M000221,2022-04-19,Meta Ads,13374.13,236776,12947,78
M000222,2023-10-02,Referral,20772.08,105038,9521,157
M000223,2025-08-25,Instagram,38654.2,59625,12791,256
M000224,2026-01-31,Email,22336.62,253327,13108,92
M000225,2026-04-08,Direct,9506.48,70027,505,81
M000226,2024-02-03,Email,40090.6,10767,1153,246
M000227,2025-11-27,Google Ads,22513.84,136707,8839,24
M000228,2022-10-02,Instagram,38446.31,186703,12330,134
M000229,2023-01-29,Instagram,24868.99,193961,11154,123
M000230,2024-05-22,Email,29035.52,170317,1233,207
M000231,2025-03-09,Organic Search,38003.46,130990,12501,144
M000232,2025-08-09,Meta Ads,21601.45,147832,2078,215
M000233,2023-07-05,Email,34666.62,255591,1373,221
M000234,2024-12-05,Referral,33394.13,135782,9325,105
M000235,2026-05-18,Direct,41658.33,187087,2978,165
M000236,2026-05-03,Affiliate,12003.5,62775,8025,2
M000237,2025-06-14,Organic Search,10353.81,198507,1470,218
M000238,2023-07-02,Email,32981.91,134353,1228,45
M000239,2023-11-25,Instagram,15289.51,40417,12274,141
M000240,2025-02-13,Direct,8536.26,159933,5716,158
M000241,2022-11-27,Meta Ads,22049.81,148617,4024,134
M000242,2023-04-27,Google Ads,40218.38,284905,10553,118
M000243,2024-11-22,Email,5254.14,97776,7589,56
M000244,2023-08-17,Instagram,15413.87,260023,5102,146
M000245,2024-01-08,Referral,28973.71,85699,10582,31
M000246,2023-01-11,Google Ads,26323.99,106591,6223,150
M000247,2023-10-12,Referral,10364.54,276036,12467,174
M000248,2022-03-04,Organic Search,18844.93,63288,3155,194
M000249,2024-04-13,Meta Ads,8292.83,160706,11177,80
M000250,2023-05-24,Direct,6079.01,167480,11842,217
M000251,2025-03-23,Email,36724.68,229146,2304,64
M000252,2022-12-12,Meta Ads,27270.29,123107,8518,232
M000253,2023-11-09,Referral,11205.22,199641,9530,62
M000254,2025-09-10,Google Ads,21045.88,285131,1189,75
M000255,2022-09-26,Meta Ads,13718.02,277209,1243,230
M000256,2025-02-14,Email,21606.56,123390,12245,193
M000257,2023-02-15,Email,13158.12,141624,10892,151
M000258,2026-08-21,Instagram,22432.75,150335,10567,88
M000259,2026-02-13,Affiliate,34247.35,277682,8687,46
M000260,2024-01-03,Email,29324.46,54317,9818,142
M000261,2023-09-11,Direct,5932.08,11582,6904,169
M000262,2026-02-27,Email,19598.79,78647,7534,12
M000263,2026-06-24,Instagram,35968.16,171837,11702,102
M000264,2026-01-07,Affiliate,2110.78,15136,9611,102
M000265,2022-04-16,Instagram,6249.52,83668,7011,72
M000266,2026-01-29,Google Ads,36841.85,206914,11144,254
M000267,2025-09-07,Referral,24217.87,183618,10836,96
M000268,2022-08-31,Google Ads,4622.39,180043,10582,9
M000269,2026-05-10,Instagram,27253.09,174699,12550,55
M000270,2022-07-16,Meta Ads,20391.94,90007,6728,151
M000271,2025-12-25,Google Ads,15597.67,54874,280,50
M000272,2024-07-19,Direct,7100.08,49756,3300,170
M000273,2024-10-05,Meta Ads,17743.82,142150,3773,145
M000274,2022-07-24,Email,2620.65,184776,13554,179
M000275,2023-12-20,Referral,40845.05,282498,8033,30
M000276,2023-05-20,Meta Ads,6978.54,85341,12435,128
M000277,2023-04-08,Affiliate,18465.23,272950,1428,153
M000278,2026-07-14,Organic Search,28471.19,237155,12860,208
M000279,2024-05-03,Meta Ads,5220.09,274958,2255,167
M000280,2023-07-14,Referral,12836.87,245869,11418,252
M000281,2022-10-18,Organic Search,1674.03,194244,4444,256
M000282,2026-08-30,Meta Ads,36366.71,14762,2529,179
M000283,2026-01-16,Direct,13236.29,265147,11661,53
M000284,2022-08-04,Google Ads,1591.93,134121,3049,71
M000285,2024-08-20,Organic Search,15190.33,32507,4785,247
M000286,2024-07-29,Referral,4353.89,188563,2493,101
M000287,2026-08-14,Email,10744.41,192991,10091,205
M000288,2024-01-01,Instagram,37336.72,96350,1972,109
M000289,2025-02-12,Referral,23150.69,55996,11336,192
M000290,2025-01-15,Organic Search,12758.44,152567,1046,73
M000291,2025-05-11,Direct,37620.13,167107,5251,29
M000292,2026-06-15,Direct,26014.37,200726,3311,239
M000293,2022-10-30,Google Ads,37792.31,162645,1428,154
M000294,2026-08-22,Direct,26829.23,63777,12881,190
M000295,2024-07-02,Referral,5184.61,87742,9536,212
M000296,2025-01-01,Email,27206.55,224977,7395,253
M000297,2024-06-22,Email,23275.42,42350,4965,12
M000298,2025-08-10,Referral,36496.12,192333,248,36
M000299,2022-10-20,Meta Ads,5248.77,81667,2077,98
M000300,2023-11-22,Affiliate,35132.99,160929,5094,249
M000301,2022-01-19,Instagram,33152.6,72305,1961,116
M000302,2025-05-11,Referral,13925.81,195697,5733,85
M000303,2022-08-31,Email,15462.2,262002,6249,168
M000304,2026-02-18,Organic Search,17532.6,202878,11551,84
M000305,2024-07-14,Affiliate,5732.59,193053,6967,209
M000306,2026-05-15,Meta Ads,3553.55,61970,8026,152
M000307,2023-06-18,Google Ads,9241.05,174218,2467,34
M000308,2024-06-25,Google Ads,10185.51,61726,1063,24
M000309,2023-07-03,Organic Search,18819.45,58405,5596,230
M000310,2026-03-07,Instagram,11341.64,179524,7414,108
M000311,2025-06-28,Referral,28082.97,217729,7214,198
M000312,2026-01-09,Meta Ads,12715.09,245559,12838,75
M000313,2025-09-10,Direct,8551.8,74977,6334,110
M000314,2023-06-15,Referral,30359.5,21951,1224,8
M000315,2024-07-20,Organic Search,23455.02,166028,1612,257
M000316,2026-06-23,Google Ads,9511.46,205708,12515,57
M000317,2022-09-09,Email,40871.19,81071,13460,79
M000318,2025-09-09,Affiliate,23103.32,211349,3345,212
M000319,2025-08-24,Referral,32405.47,147328,8563,83
M000320,2023-11-05,Meta Ads,36643.08,190888,10183,199
M000321,2022-12-07,Meta Ads,16030.04,63612,10502,210
M000322,2025-09-09,Meta Ads,36506.15,284835,3566,50
M000323,2022-06-28,Affiliate,16652.73,158569,12073,56
M000324,2023-11-25,Direct,40430.98,282701,8458,116
M000325,2022-08-11,Direct,2406.48,107453,13452,38
M000326,2024-04-30,Direct,16252.4,281688,8022,121
M000327,2022-03-31,Affiliate,40685.74,78970,7696,51
M000328,2025-03-10,Email,29413.76,260917,5938,111
M000329,2025-03-23,Direct,18298.31,28987,13069,74
M000330,2025-03-03,Organic Search,41461.52,200822,134,29
M000331,2026-04-01,Email,27262.53,288734,9624,210
M000332,2022-12-10,Google Ads,25581.71,164681,5756,146
M000333,2026-08-31,Email,13344.91,167950,2866,37
M000334,2025-03-05,Organic Search,35542.49,134813,8563,66
M000335,2025-09-01,Email,19691.24,83521,8214,190
M000336,2026-08-07,Instagram,31996.21,224340,10895,139
M000337,2026-02-01,Instagram,35872.33,51048,2741,127
M000338,2024-01-27,Affiliate,38734.3,44248,11683,144
M000339,2024-02-20,Meta Ads,20116.48,177751,12633,83
M000340,2024-02-05,Meta Ads,24343.3,154467,9665,99
M000341,2025-03-17,Affiliate,7953.64,128849,13945,219
M000342,2024-11-18,Meta Ads,25958.16,164446,5399,54
M000343,2024-08-02,Instagram,35863.79,226946,9554,185
M000344,2023-02-19,Instagram,37860.05,227126,12983,15
M000345,2026-06-12,Affiliate,30047.74,108806,13939,102
M000346,2026-08-20,Organic Search,41959.01,9803,5887,56
M000347,2024-08-24,Email,12525.66,226601,8941,87
M000348,2026-04-22,Meta Ads,32898.9,296844,13193,82
M000349,2025-03-29,Instagram,23897.07,62235,7937,197
M000350,2024-04-08,Affiliate,39385.14,224126,12078,114
M000351,2024-10-30,Email,15177.84,176284,4832,189
M000352,2022-05-23,Affiliate,23260.35,116084,13096,40
M000353,2025-07-15,Email,37453.31,125718,11387,27
M000354,2024-01-18,Affiliate,21183.72,185695,661,229
M000355,2023-12-23,Email,23677.74,49467,1785,38
M000356,2023-03-25,Organic Search,8560.52,252413,13471,83
M000357,2022-09-15,Google Ads,37315.9,139153,2137,156
M000358,2025-01-08,Email,31204.91,216718,9960,206
M000359,2025-11-18,Organic Search,27030.06,250974,4037,109
M000360,2024-05-11,Organic Search,39313.18,3816,6938,24
M000361,2022-11-15,Instagram,16670.56,68581,4629,115
M000362,2024-04-29,Meta Ads,11145.52,257598,4422,146
M000363,2025-09-17,Organic Search,32376.46,78576,2314,65
M000364,2023-06-12,Google Ads,31250.48,168064,11018,173
M000365,2024-10-05,Direct,31740.68,275261,11953,153
M000366,2023-10-03,Organic Search,29110.23,6176,5851,187
M000367,2023-12-21,Email,21332.24,58776,8123,208
M000368,2024-09-11,Meta Ads,16176.73,78985,10379,177
M000369,2024-06-13,Instagram,30620.67,278260,614,206
M000370,2023-04-16,Meta Ads,16617.37,185942,8132,66
M000371,2023-11-09,Affiliate,36917.13,237731,4006,17
M000372,2023-11-29,Instagram,8104.43,262083,8799,228
M000373,2024-03-18,Referral,22859.39,63315,1751,173
M000374,2023-09-30,Affiliate,32878.92,212865,6888,190
M000375,2023-10-07,Referral,14561.43,237786,9649,170
M000376,2022-09-06,Meta Ads,23958.26,206457,9733,47
M000377,2025-05-25,Organic Search,13902.07,285932,6638,16
M000378,2025-01-30,Affiliate,8568.3,253184,13548,134
M000379,2024-06-23,Meta Ads,15644.21,134645,10174,67
M000380,2022-05-01,Direct,7322.61,139217,13596,79
M000381,2023-11-03,Affiliate,14709.82,130721,2383,93
M000382,2023-07-11,Referral,15697.05,209762,1407,92
M000383,2026-08-16,Email,1880.4,299165,11616,232
M000384,2025-04-01,Referral,17755.12,7344,9233,179
M000385,2025-10-21,Email,18012.28,87058,3027,61
M000386,2025-08-28,Meta Ads,16207.5,95675,5671,123
M000387,2025-12-19,Email,3019.89,278249,12889,239
M000388,2024-05-14,Email,1495.78,275810,2114,250
M000389,2024-08-30,Direct,4247.09,76138,7527,204
M000390,2025-03-26,Organic Search,36615.29,290842,5386,120
M000391,2024-01-14,Organic Search,2488.04,199311,1839,135
M000392,2023-09-12,Direct,8576.76,180319,5552,137
M000393,2022-05-29,Referral,22501.87,146738,7690,161
M000394,2024-05-19,Affiliate,18900.6,277985,2916,22
M000395,2025-01-26,Referral,4595.87,274468,6980,165
M000396,2022-12-27,Affiliate,29800.02,195381,10461,201
M000397,2025-10-02,Organic Search,41761.41,261110,6826,197
M000398,2025-10-24,Affiliate,9043.03,115872,13503,36
M000399,2023-06-05,Direct,36269.45,23250,10627,151
M000400,2023-06-25,Google Ads,34516.71,29102,680,73
M000401,2023-04-23,Instagram,41979.64,133727,6079,234
M000402,2022-05-05,Meta Ads,19292.79,16899,11140,29
M000403,2025-11-22,Organic Search,32667.5,41934,13917,237
M000404,2022-09-04,Direct,35421.58,71316,13758,107
M000405,2022-10-07,Instagram,18453.32,238099,12604,249
M000406,2022-05-11,Meta Ads,4559.0,41128,6881,134
M000407,2024-01-30,Meta Ads,27502.94,57828,12934,93
M000408,2023-02-13,Direct,21683.05,197973,4492,250
M000409,2023-01-04,Google Ads,9497.19,118273,1871,245
M000410,2025-11-30,Direct,5573.22,217701,10587,257
M000411,2022-05-17,Google Ads,40756.74,217588,10312,10
M000412,2026-01-23,Google Ads,14575.16,206136,12056,191
M000413,2022-02-27,Instagram,32906.41,75123,7274,197
M000414,2025-11-16,Google Ads,21921.28,66385,8988,185
M000415,2026-06-03,Direct,25915.27,44508,10766,236
M000416,2024-08-18,Affiliate,10821.29,234315,6492,150
M000417,2026-03-07,Affiliate,16620.97,139179,11233,229
M000418,2025-03-29,Organic Search,27841.95,79355,11664,213
M000419,2024-08-30,Affiliate,10055.37,162185,13798,84
M000420,2025-12-01,Direct,31020.7,30728,5485,134
M000421,2022-06-10,Affiliate,31826.33,283883,7140,147
M000422,2024-01-23,Affiliate,24182.86,240317,11459,179
M000423,2024-05-08,Meta Ads,3329.7,195463,3100,120
M000424,2025-04-01,Meta Ads,34217.07,95629,6913,71
M000425,2026-08-15,Direct,4675.65,127284,11709,238
M000426,2026-01-15,Affiliate,24496.64,84603,7207,197
M000427,2025-05-12,Referral,24138.55,204101,5962,6
M000428,2023-03-07,Google Ads,31733.01,9935,8679,244
M000429,2025-09-17,Referral,33583.11,209710,10389,134
M000430,2023-08-23,Affiliate,25547.47,238699,4679,251
M000431,2022-06-16,Affiliate,40522.14,244864,9835,115
M000432,2024-12-04,Google Ads,24961.92,142707,1158,96
M000433,2022-12-14,Instagram,12132.36,270210,2909,65
M000434,2024-12-14,Affiliate,37844.6,258696,11798,37
M000435,2025-01-24,Organic Search,16504.85,272489,7427,191
M000436,2025-06-13,Organic Search,37522.08,270639,13962,101
M000437,2025-10-04,Organic Search,5547.23,120348,11757,203
M000438,2024-11-29,Referral,38155.35,106396,13430,168
M000439,2024-06-14,Instagram,5334.23,112177,12148,43
M000440,2023-06-26,Google Ads,22644.29,69083,9834,229
M000441,2025-07-07,Meta Ads,14907.87,209551,10656,214
M000442,2022-01-07,Organic Search,40384.5,83518,11940,225
M000443,2025-09-02,Meta Ads,33318.98,168441,9878,229
M000444,2022-01-15,Meta Ads,35091.82,242851,12264,55
M000445,2024-05-12,Direct,31383.91,240767,10749,48
M000446,2024-02-10,Instagram,17697.52,219184,2388,191
M000447,2022-09-06,Affiliate,11040.6,199716,13595,114
M000448,2022-03-29,Organic Search,37200.06,176214,560,26
M000449,2022-05-08,Instagram,37609.56,50967,4151,50
M000450,2025-12-05,Google Ads,4720.6,295323,10247,178
M000451,2023-04-17,Email,22889.89,150071,673,217
M000452,2025-12-14,Direct,29240.46,265851,2602,83
M000453,2022-06-28,Meta Ads,14233.39,220897,6673,186
M000454,2022-02-11,Meta Ads,38725.56,83662,13014,197
M000455,2023-02-09,Meta Ads,27792.07,43442,2121,145
M000456,2023-04-20,Referral,18286.03,127391,284,75
M000457,2026-07-07,Direct,12917.71,234920,10126,127
M000458,2026-08-03,Referral,32715.41,182624,7685,24
M000459,2024-08-30,Email,12883.59,205405,11896,55
M000460,2023-10-29,Email,37533.09,175895,205,240
M000461,2023-07-18,Organic Search,31113.9,223946,11932,219
M000462,2023-12-14,Organic Search,15838.07,269959,274,82
M000463,2022-02-02,Organic Search,41966.27,172050,12660,165
M000464,2023-07-16,Referral,40596.42,62582,4744,49
M000465,2024-04-18,Meta Ads,29966.93,111756,12480,109
M000466,2026-05-21,Meta Ads,40828.72,224170,11195,136
M000467,2022-10-20,Organic Search,735.43,280638,13114,179
M000468,2025-08-25,Google Ads,36014.78,78033,13441,199
M000469,2025-06-19,Meta Ads,24411.56,188760,9103,183
M000470,2025-02-22,Email,6746.21,240823,13659,252
M000471,2023-02-25,Email,31815.68,148036,8584,73
M000472,2025-03-05,Organic Search,4386.0,14310,4382,91
M000473,2023-09-09,Meta Ads,12778.71,292340,8781,217
M000474,2026-03-08,Email,34609.84,188949,4319,27
M000475,2026-05-06,Email,1245.02,142070,11948,26
M000476,2025-02-13,Instagram,17116.51,212963,4099,168
M000477,2023-12-02,Instagram,26707.25,115752,9632,222
M000478,2023-05-28,Referral,17107.33,121729,13559,146
M000479,2025-07-19,Direct,9928.44,267548,7896,218
M000480,2022-06-04,Affiliate,23887.03,164334,10837,112
M000481,2026-08-29,Meta Ads,19473.69,173553,13713,10
M000482,2024-07-06,Instagram,4198.05,232209,3253,65
M000483,2023-02-06,Google Ads,13048.93,190530,5930,93
M000484,2023-06-25,Google Ads,30444.89,45609,4831,231
M000485,2024-02-09,Affiliate,39316.03,93361,11628,170
M000486,2023-08-27,Affiliate,28022.86,168298,6799,126
M000487,2023-03-12,Referral,2309.68,144365,479,163
M000488,2023-04-29,Meta Ads,5181.06,164324,2298,113
M000489,2026-08-22,Instagram,24476.8,295474,335,191
M000490,2023-04-13,Organic Search,14777.89,273678,4374,164
M000491,2024-08-23,Email,9059.85,285854,12263,147
M000492,2026-07-28,Direct,7223.81,99932,4489,245
M000493,2025-10-04,Google Ads,41394.39,245105,623,183
M000494,2024-05-20,Email,37771.03,241902,4078,185
M000495,2025-04-06,Meta Ads,9740.06,103485,1577,225
M000496,2023-04-05,Meta Ads,24822.91,196199,2970,21
M000497,2023-11-09,Meta Ads,10421.49,36060,1920,219
M000498,2025-05-20,Organic Search,30834.0,105324,5765,68
M000499,2022-10-25,Email,871.71,72082,12205,37
M000500,2024-02-27,Meta Ads,20459.99,213843,2927,69
M000501,2023-06-13,Instagram,28786.68,51718,10983,239
M000502,2026-06-20,Email,4801.95,99647,1689,39
M000503,2023-03-20,Instagram,36735.19,99537,9142,102
M000504,2022-02-04,Instagram,21348.49,56043,4441,159
M000505,2025-02-04,Referral,10156.21,243462,6269,2
M000506,2025-11-10,Google Ads,12180.72,218790,3116,144
M000507,2024-03-15,Google Ads,16480.14,288443,10275,175
M000508,2023-12-05,Direct,1106.44,124873,11197,39
M000509,2022-10-01,Email,8472.12,102585,8091,227
M000510,2023-11-05,Email,14076.56,259020,6448,130
M000511,2022-01-25,Direct,32425.78,261432,8107,252
M000512,2026-05-02,Email,28225.72,35796,2639,152
M000513,2024-03-20,Organic Search,29526.71,82520,4942,39
M000514,2025-01-14,Instagram,9482.9,109536,12711,190
M000515,2024-09-08,Affiliate,21573.56,174335,5833,236
M000516,2022-08-28,Google Ads,36139.55,247920,10822,145
M000517,2025-03-17,Affiliate,19207.6,70079,10520,39
M000518,2023-08-30,Organic Search,8644.2,160820,3031,181
M000519,2026-08-29,Affiliate,36038.99,297543,9564,101
M000520,2026-08-22,Referral,24347.73,45913,298,56
M000521,2022-07-01,Affiliate,1625.6,265578,10590,185
M000522,2025-01-07,Direct,14835.02,106242,3111,96
M000523,2022-10-23,Meta Ads,20741.88,137475,3345,72
M000524,2022-08-26,Meta Ads,28682.74,130001,1014,2
M000525,2024-11-18,Direct,36519.17,155144,1055,254
M000526,2026-04-03,Referral,19694.19,209698,3062,53
M000527,2025-07-08,Instagram,25976.86,71160,1293,169
M000528,2022-01-31,Affiliate,34993.79,40001,6782,117
M000529,2025-07-18,Affiliate,36224.98,149278,2377,92
M000530,2024-02-28,Instagram,27711.93,217635,12877,157
M000531,2026-06-01,Direct,32186.0,208729,13656,58
M000532,2022-03-04,Meta Ads,32878.01,37210,13560,217
M000533,2025-07-09,Referral,20280.16,96310,13773,181
M000534,2023-03-31,Meta Ads,24945.78,21965,7807,50
M000535,2025-11-09,Instagram,18787.48,33529,11875,130
M000536,2025-02-16,Referral,32595.28,257165,5167,172
M000537,2022-01-04,Direct,37777.13,36933,3867,209
M000538,2024-01-14,Referral,6879.26,191936,3338,213
M000539,2023-05-29,Referral,15650.01,278376,3221,254
M000540,2022-05-26,Organic Search,1001.61,119056,9094,143
M000541,2024-05-23,Referral,6587.46,122987,6147,95
M000542,2024-01-07,Email,7676.53,273030,2933,71
M000543,2025-04-13,Affiliate,14923.17,267224,6288,196
M000544,2023-04-21,Instagram,41459.86,277690,4665,248
M000545,2025-01-14,Meta Ads,34708.06,247815,5524,222
M000546,2022-02-28,Affiliate,27824.54,207203,13497,102
M000547,2025-10-08,Google Ads,31201.59,197052,5719,221
M000548,2023-10-05,Google Ads,11967.39,211458,8452,5
M000549,2024-09-04,Instagram,11724.09,45867,7482,210
M000550,2024-04-01,Referral,1922.35,159291,322,113
M000551,2023-03-31,Affiliate,37973.42,264397,6014,135
M000552,2022-02-11,Direct,2747.93,163876,2571,57
M000553,2022-03-08,Email,4971.86,51969,399,99
M000554,2024-05-27,Organic Search,23811.75,166074,9856,128
M000555,2026-04-30,Referral,27285.16,132545,8748,49
M000556,2022-09-04,Meta Ads,9425.13,169892,2729,150
M000557,2025-03-09,Organic Search,26013.39,85172,12608,212
M000558,2023-09-07,Google Ads,28723.32,275323,1034,189
M000559,2023-12-28,Instagram,10672.11,257469,5549,116
M000560,2022-09-22,Google Ads,33317.12,286119,5586,3
M000561,2022-08-24,Direct,2484.94,81051,9360,76
M000562,2022-10-27,Referral,26880.2,268550,11606,204
M000563,2026-07-20,Affiliate,31902.23,136559,8795,162
M000564,2022-05-09,Email,30104.28,298316,4175,43
M000565,2022-06-21,Direct,22141.37,63544,4541,63
M000566,2023-04-09,Referral,15705.03,228627,12064,118
M000567,2023-07-28,Affiliate,16505.22,16868,13536,9
M000568,2022-11-17,Organic Search,26442.44,128987,13017,171
M000569,2025-08-28,Meta Ads,41683.92,249419,209,87
M000570,2026-05-24,Referral,25588.04,72562,810,56
M000571,2022-07-22,Email,18591.84,46815,8145,53
M000572,2025-12-23,Instagram,15709.38,149174,10402,53
M000573,2026-04-05,Referral,18359.31,230580,13504,125
M000574,2025-05-03,Direct,39819.83,246869,5880,19
M000575,2024-04-26,Organic Search,28518.72,53950,2459,99
M000576,2026-02-07,Google Ads,24596.76,164269,3175,88
M000577,2022-05-25,Referral,36320.17,194418,9787,166
M000578,2022-08-04,Instagram,7490.85,116332,1706,191
M000579,2022-08-25,Google Ads,27937.08,78441,3031,102
M000580,2022-02-26,Affiliate,34154.63,220745,5092,107
M000581,2025-11-03,Instagram,24861.45,208395,9035,183
M000582,2022-05-05,Organic Search,8364.57,88570,12911,212
M000583,2022-11-25,Direct,26466.83,131356,1723,206
M000584,2023-08-17,Google Ads,7547.51,204962,3017,70
M000585,2024-03-26,Direct,2872.83,159351,10633,217
M000586,2024-11-28,Affiliate,13560.27,26523,1749,163
M000587,2024-06-14,Instagram,3745.23,6091,600,69
M000588,2023-11-14,Google Ads,21011.65,44945,13905,255
M000589,2023-04-06,Meta Ads,37958.08,222352,5130,32
M000590,2024-05-07,Instagram,8924.32,10131,10457,49
M000591,2024-03-05,Instagram,23600.21,218179,1279,100
M000592,2024-12-19,Google Ads,36046.46,9765,6725,5
M000593,2023-03-17,Organic Search,21828.03,23662,7772,199
M000594,2023-09-19,Email,12743.5,129363,10242,229
M000595,2022-07-09,Direct,13339.73,184836,13034,45
M000596,2025-12-23,Email,6732.9,297496,5875,259
M000597,2022-08-28,Google Ads,38281.14,241397,1511,247
M000598,2025-10-20,Email,3723.48,125045,1764,131
M000599,2023-08-09,Referral,37819.32,36845,6557,157
M000600,2024-09-09,Email,8727.52,139854,5531,253
M000601,2026-02-07,Organic Search,9096.33,226255,3812,218
M000602,2026-01-17,Email,24695.46,106938,11419,59
M000603,2025-06-05,Meta Ads,14080.18,143603,11860,184
M000604,2022-02-20,Referral,34848.22,166449,13730,209
M000605,2026-06-10,Meta Ads,32820.2,198794,5589,227
M000606,2026-07-15,Organic Search,14937.3,137757,10132,38
M000607,2025-04-26,Instagram,10016.62,228793,5797,229
M000608,2026-02-20,Affiliate,10671.61,41130,1198,184
M000609,2026-03-08,Instagram,28271.99,230629,11790,84
M000610,2022-05-16,Instagram,41589.73,197093,8895,145
M000611,2023-02-25,Meta Ads,35410.76,144716,4107,208
M000612,2023-12-28,Organic Search,928.21,170577,10339,223
M000613,2024-07-20,Referral,5212.92,176649,13485,98
M000614,2023-07-28,Direct,3932.41,52593,5564,202
M000615,2024-05-23,Organic Search,30164.39,250719,6238,132
M000616,2025-11-03,Referral,13979.45,78986,5555,14
M000617,2024-09-04,Instagram,23200.8,208878,12304,6
M000618,2024-03-20,Google Ads,27619.2,160245,9591,101
M000619,2025-12-28,Direct,4132.27,99890,13244,69
M000620,2025-08-11,Direct,28167.79,279944,2722,174
M000621,2025-01-12,Meta Ads,34851.0,186819,4757,130
M000622,2023-12-11,Referral,3976.98,86533,1535,244
M000623,2025-03-15,Organic Search,5402.21,3426,7600,7
M000624,2025-03-07,Email,20939.59,159964,937,97
M000625,2025-05-20,Google Ads,30126.08,270448,3478,127
M000626,2023-09-27,Organic Search,20401.01,114155,942,59
M000627,2025-04-09,Affiliate,25039.85,132091,3642,89
M000628,2026-07-29,Email,2487.93,227964,6214,218
M000629,2026-08-15,Meta Ads,18389.39,50677,13692,199
M000630,2022-10-18,Instagram,31480.13,26058,509,131
M000631,2024-12-02,Referral,29414.6,203173,11081,103
M000632,2024-02-12,Meta Ads,26438.48,113654,8703,4
M000633,2026-06-17,Google Ads,4570.09,110012,10481,216
M000634,2025-04-07,Instagram,27045.43,189373,9254,43
M000635,2025-08-03,Referral,3267.18,219611,3143,239
M000636,2026-01-11,Referral,36533.46,124042,2595,53
M000637,2022-04-22,Meta Ads,3849.6,212522,10427,229
M000638,2025-03-24,Google Ads,14814.16,32422,12975,100
M000639,2025-05-21,Instagram,17814.41,153978,1554,58
M000640,2024-08-09,Affiliate,11393.56,130501,11153,58
M000641,2026-04-10,Email,15271.06,49565,11342,157
M000642,2024-10-10,Meta Ads,26332.07,244680,5755,93
M000643,2025-07-18,Affiliate,14885.94,38051,8592,123
M000644,2022-05-18,Referral,20095.06,6708,2806,57
M000645,2023-09-11,Email,37310.95,6530,13938,44
M000646,2025-09-04,Google Ads,12066.93,37727,1785,243
M000647,2026-01-17,Meta Ads,40422.56,65048,765,128
M000648,2022-07-29,Meta Ads,34969.38,159823,6672,93
M000649,2024-08-28,Direct,39096.55,99819,7781,177
M000650,2025-12-04,Email,12979.49,79408,9785,259
M000651,2026-03-31,Organic Search,26612.34,96491,11198,195
M000652,2024-02-08,Google Ads,20234.03,231287,3623,80
M000653,2024-01-04,Instagram,29413.5,170415,10402,163
M000654,2023-09-08,Meta Ads,15312.03,172392,3418,63
M000655,2023-06-07,Organic Search,39711.33,264554,9726,6
M000656,2023-01-22,Referral,2249.44,192034,5561,87
M000657,2026-07-15,Instagram,13650.54,67065,2777,91
M000658,2023-01-15,Affiliate,12565.54,259431,6041,52
M000659,2022-07-24,Affiliate,31840.98,6594,8785,61
M000660,2026-02-07,Meta Ads,37417.66,29510,12466,56
M000661,2022-02-06,Affiliate,7426.29,42563,12557,255
M000662,2025-08-03,Affiliate,3869.15,196441,2843,104
M000663,2024-10-26,Direct,13381.99,212479,5007,112
M000664,2023-04-10,Email,16703.06,218206,6464,77
M000665,2026-01-20,Affiliate,34960.54,143571,606,31
M000666,2024-08-02,Instagram,13876.85,97905,4755,93
M000667,2026-04-18,Meta Ads,9097.63,50338,13950,235
M000668,2022-06-21,Instagram,13324.68,206786,13789,226
M000669,2023-11-25,Google Ads,5977.94,13972,1899,8
M000670,2023-04-04,Meta Ads,34606.04,21356,8753,151
M000671,2024-07-13,Direct,15212.22,253950,2018,103
M000672,2022-10-10,Direct,26255.85,7812,2922,204
M000673,2024-08-09,Referral,5506.43,147604,10404,70
M000674,2026-03-15,Direct,16092.21,162889,7117,38
M000675,2025-04-27,Referral,9982.24,41066,9776,26
M000676,2025-12-25,Direct,5797.94,177669,4170,111
M000677,2023-01-10,Affiliate,39509.16,88645,6939,239
M000678,2025-09-13,Instagram,11483.16,20692,5068,73
M000679,2026-04-14,Meta Ads,31236.13,81112,2088,257
M000680,2023-02-10,Instagram,3343.55,123568,8531,150
M000681,2026-07-20,Meta Ads,9843.11,258664,5185,242
M000682,2022-02-06,Affiliate,4753.08,54747,12983,191
M000683,2022-03-18,Google Ads,32618.81,215373,10941,146
M000684,2024-03-15,Google Ads,20906.14,11475,7890,86
M000685,2023-12-10,Instagram,24541.41,30455,11385,169
M000686,2023-10-08,Referral,24103.67,177006,11982,166
M000687,2023-03-15,Affiliate,30039.42,158508,10702,102
M000688,2024-08-25,Referral,16498.13,139875,6446,15
M000689,2024-02-03,Google Ads,1049.71,13294,11764,62
M000690,2023-06-05,Direct,28806.48,103394,13532,114
M000691,2024-12-02,Meta Ads,10583.27,18175,3439,233
M000692,2026-02-06,Google Ads,23460.12,143109,6036,37
M000693,2023-06-07,Affiliate,12020.69,176340,6984,200
M000694,2023-10-11,Organic Search,5825.5,86078,8505,146
M000695,2022-06-20,Instagram,34500.66,61539,9241,65
M000696,2023-01-14,Affiliate,3744.41,265487,9928,191
M000697,2022-09-15,Google Ads,24068.86,87359,5926,53
M000698,2022-02-06,Google Ads,38544.46,185808,8919,146
M000699,2024-10-16,Email,14648.36,12195,5913,103
M000700,2022-10-19,Instagram,14481.5,25171,12556,245
M000701,2026-05-21,Affiliate,34632.45,39734,5116,228
M000702,2022-04-26,Email,11024.09,272858,2433,20
M000703,2022-09-28,Affiliate,38462.05,20743,2682,2
M000704,2025-07-24,Organic Search,34078.36,186980,6928,57
M000705,2026-03-17,Email,1584.72,175753,9821,162
M000706,2026-07-07,Instagram,37011.95,248965,1204,64
M000707,2023-05-14,Instagram,9131.79,93044,416,226
M000708,2023-08-10,Meta Ads,974.25,199694,13372,164
M000709,2024-06-18,Instagram,28051.39,82936,2328,142
M000710,2023-06-30,Meta Ads,3624.46,210665,7662,209
M000711,2023-01-14,Referral,35841.93,269260,3344,84
M000712,2023-03-19,Email,31919.52,164570,12712,220
M000713,2025-04-30,Organic Search,39278.28,279323,9910,3
M000714,2024-02-04,Referral,38955.83,181253,11679,98
M000715,2024-10-01,Google Ads,10552.61,114701,1095,181
M000716,2024-03-23,Instagram,32355.33,215741,5651,93
M000717,2022-10-01,Affiliate,21216.22,24775,8328,85
M000718,2024-04-22,Email,19705.8,256753,8933,132
M000719,2023-12-01,Direct,32855.25,110428,6861,154
M000720,2026-04-02,Email,14139.13,138132,2042,28
M000721,2023-11-08,Meta Ads,2987.36,166977,3362,30
M000722,2024-01-10,Direct,18725.52,232239,6846,28
M000723,2023-06-11,Direct,5215.03,183292,12819,169
M000724,2023-07-25,Meta Ads,11061.79,209527,5857,2
M000725,2022-03-01,Google Ads,16689.33,144523,2615,105
M000726,2023-10-11,Email,5827.99,18166,8890,204
M000727,2023-02-11,Referral,3016.07,203271,2125,130
M000728,2026-01-03,Referral,6702.36,77611,9671,129
M000729,2024-08-12,Direct,27966.32,241629,3698,223
M000730,2024-04-16,Referral,34841.0,116285,1103,198
M000731,2024-09-22,Email,14477.62,153128,13353,241
M000732,2024-04-29,Referral,10884.98,164347,9844,254
M000733,2022-10-15,Referral,18603.35,56961,12786,102
M000734,2026-05-25,Organic Search,16982.78,100883,8310,140
M000735,2022-05-02,Meta Ads,13519.6,168108,13141,224
M000736,2025-04-29,Referral,38162.21,77872,9414,241
M000737,2026-07-12,Google Ads,17874.97,259675,4226,247
M000738,2026-04-25,Referral,21549.4,251419,1481,45
M000739,2025-05-08,Meta Ads,25366.09,106414,6684,193
M000740,2022-02-20,Google Ads,4703.9,38401,9191,97
M000741,2022-11-07,Direct,11045.96,81867,3829,131
M000742,2025-09-10,Google Ads,30840.39,55232,9144,112
M000743,2023-03-30,Email,28856.9,26166,11532,255
M000744,2026-02-01,Email,36427.12,13131,10654,37
M000745,2025-03-02,Direct,10793.08,165458,5406,201
M000746,2022-09-07,Instagram,22104.91,152885,13357,69
M000747,2024-11-28,Meta Ads,4192.28,245120,4384,250
M000748,2022-12-22,Email,28403.56,47547,4607,41
M000749,2025-05-13,Affiliate,33876.45,282426,9695,239
M000750,2023-01-17,Meta Ads,14364.43,272998,2444,48
M000751,2022-12-30,Referral,27973.1,13278,6309,221
M000752,2026-04-13,Referral,2149.56,218761,6810,16
M000753,2022-04-22,Referral,33900.4,278123,3594,94
M000754,2024-07-05,Google Ads,4625.74,178381,11602,188
M000755,2026-04-05,Meta Ads,31029.27,280714,9122,27
M000756,2024-11-10,Meta Ads,10469.02,120602,1111,209
M000757,2024-09-19,Direct,25646.05,196331,3424,61
M000758,2025-02-19,Direct,39044.11,132604,11815,27
M000759,2025-10-24,Affiliate,17556.78,270541,11613,249
M000760,2022-10-03,Meta Ads,26264.52,87861,8884,100
M000761,2024-12-12,Direct,3112.99,22177,5595,49
M000762,2022-02-17,Meta Ads,36951.51,95405,10494,78
M000763,2022-12-13,Organic Search,24471.18,264513,6773,33
M000764,2023-12-08,Email,19990.33,289257,7349,205
M000765,2023-02-23,Direct,5251.65,195434,1920,61
M000766,2025-02-13,Google Ads,22858.34,285167,7836,21
M000767,2022-07-21,Organic Search,3019.98,15478,3413,244
M000768,2023-01-02,Organic Search,22195.57,45194,11322,96
M000769,2025-08-04,Instagram,17314.03,52222,8303,78
M000770,2023-06-07,Affiliate,14328.14,240082,3380,39
M000771,2025-10-08,Email,640.5,39262,3795,8
M000772,2023-10-07,Email,29556.12,267680,11727,96
M000773,2022-07-25,Affiliate,35539.25,157457,8828,129
M000774,2025-07-23,Direct,37545.8,287849,213,112
M000775,2022-10-03,Affiliate,11670.1,270862,4895,72
M000776,2023-09-02,Organic Search,18426.86,88866,4713,197
M000777,2026-04-10,Direct,25752.95,272180,10505,97
M000778,2024-07-16,Instagram,6832.87,39991,4485,91
M000779,2022-05-20,Email,27471.22,37004,4953,251
M000780,2026-07-25,Affiliate,40590.02,163413,9797,118
M000781,2023-07-05,Google Ads,18310.14,115174,5648,257
M000782,2025-01-05,Affiliate,25834.81,64560,7946,108
M000783,2022-03-17,Affiliate,34893.98,114724,5936,98
M000784,2024-03-11,Referral,7740.86,116577,1762,39
M000785,2026-07-09,Google Ads,2658.69,236966,12757,91
M000786,2024-06-30,Meta Ads,21409.22,59199,2882,241
M000787,2024-10-31,Meta Ads,25130.04,224793,8209,34
M000788,2023-06-22,Google Ads,14235.18,250345,10994,213
M000789,2025-12-29,Affiliate,41359.17,167892,5270,50
M000790,2025-02-23,Organic Search,18738.96,297178,1482,172
M000791,2022-10-31,Instagram,33606.23,285041,9388,68
M000792,2025-10-13,Direct,1526.55,75821,2697,87
M000793,2025-02-23,Email,31421.63,13089,4759,74
M000794,2025-04-22,Referral,31530.42,268279,807,120
M000795,2026-08-11,Referral,23762.12,199757,2285,198
M000796,2023-10-29,Referral,17205.97,185229,559,64
M000797,2024-06-21,Instagram,21788.45,41528,12581,142
M000798,2026-04-22,Instagram,24186.38,105843,3606,102
M000799,2022-03-28,Instagram,19661.14,170930,7399,39
M000800,2023-01-10,Google Ads,22064.65,36159,3894,135
M000801,2026-04-11,Meta Ads,41777.66,276361,12607,249
M000802,2023-04-17,Referral,1679.99,26613,12759,157
M000803,2023-11-13,Direct,12461.18,121825,6971,88
M000804,2022-03-30,Meta Ads,1881.12,243461,7549,108
M000805,2023-11-12,Affiliate,9160.75,215685,11818,216
M000806,2024-08-06,Affiliate,24536.24,45910,3791,47
M000807,2022-08-24,Instagram,19902.61,46120,4797,145
M000808,2025-05-07,Meta Ads,15542.38,268154,12146,118
M000809,2024-07-17,Organic Search,15784.66,100310,2039,67
M000810,2026-07-07,Direct,17295.18,43819,11627,173
M000811,2025-07-27,Organic Search,37640.04,122281,5580,122
M000812,2022-10-31,Email,9988.59,270743,9862,96
M000813,2025-11-12,Referral,9292.71,39735,3661,17
M000814,2023-05-26,Instagram,30366.75,15000,12348,192
M000815,2024-04-20,Meta Ads,35321.49,240120,12964,101
M000816,2022-06-02,Instagram,40290.48,94847,8357,215
M000817,2024-01-02,Meta Ads,12551.8,241820,10346,207
M000818,2023-10-13,Affiliate,36073.69,110755,11512,174
M000819,2023-03-25,Organic Search,27266.57,258302,9714,218
M000820,2022-08-05,Instagram,13099.82,191431,10164,12
M000821,2024-02-26,Affiliate,33431.48,232672,11861,164
M000822,2022-02-21,Meta Ads,35947.05,122768,7434,226
M000823,2025-10-11,Direct,25193.52,204353,11063,10
M000824,2022-07-27,Google Ads,29757.44,247680,5642,36
M000825,2023-08-03,Email,41476.89,154359,7271,144
M000826,2025-04-21,Email,26941.3,83546,12951,18
M000827,2025-05-08,Organic Search,34063.74,60897,7207,177
M000828,2026-01-24,Instagram,15946.86,40591,7979,250
M000829,2024-07-14,Referral,35953.29,10629,13120,200
M000830,2022-05-20,Affiliate,28797.23,6756,12783,167
M000831,2022-06-26,Direct,37963.81,169744,7725,31
M000832,2025-04-14,Google Ads,38301.5,59580,7093,210
M000833,2024-04-12,Email,14148.84,13740,8068,158
M000834,2024-12-23,Instagram,27797.78,170576,142,31
M000835,2024-06-15,Affiliate,19683.5,222089,12424,38
M000836,2026-08-22,Google Ads,21369.46,159957,8841,111
M000837,2024-07-13,Email,18048.25,101473,5642,189
M000838,2023-12-15,Referral,27718.02,46318,10824,210
M000839,2023-05-21,Direct,11974.86,17459,11906,60
M000840,2024-03-23,Email,37802.84,141190,12772,159
M000841,2023-08-25,Email,28820.36,179762,5565,220
M000842,2026-07-22,Meta Ads,33853.45,215869,12149,244
M000843,2024-09-11,Google Ads,26916.69,107005,8245,60
M000844,2023-02-21,Meta Ads,24704.69,254994,310,72
M000845,2022-04-19,Referral,27245.85,135116,10674,65
M000846,2026-01-25,Google Ads,38950.19,17568,10612,246
M000847,2025-04-29,Email,22143.1,283352,4310,205
M000848,2022-09-08,Meta Ads,24792.47,62057,10460,19
M000849,2025-11-12,Referral,38002.2,228033,12470,21
M000850,2023-01-25,Email,37087.16,116038,3575,176
M000851,2022-03-26,Instagram,7070.79,112518,6490,158
M000852,2023-05-16,Organic Search,7666.98,191095,7174,12
M000853,2022-11-19,Instagram,35801.68,264255,13075,92
M000854,2022-04-16,Instagram,16683.75,228573,11829,215
M000855,2023-03-11,Organic Search,22261.98,97340,10708,176
M000856,2022-08-10,Email,17743.0,51466,4816,129
M000857,2024-02-11,Direct,36795.72,93589,5255,216
M000858,2023-06-21,Organic Search,30724.95,52946,7444,84
M000859,2026-03-14,Google Ads,20756.48,257115,3973,113
M000860,2024-12-11,Affiliate,23812.01,112183,11553,60
M000861,2025-05-12,Instagram,13395.08,59781,3489,81
M000862,2023-09-22,Referral,20906.35,46342,9042,7
M000863,2023-09-25,Meta Ads,37593.44,189504,5650,186
M000864,2024-10-31,Affiliate,9997.35,80617,9367,151
M000865,2023-05-20,Organic Search,15694.48,204215,568,184
M000866,2025-05-08,Email,31801.8,243022,191,190
M000867,2025-12-02,Google Ads,18475.76,54687,3807,230
M000868,2025-01-04,Meta Ads,2040.0,159293,11970,207
M000869,2026-04-14,Instagram,33055.71,104061,1306,188
M000870,2025-01-28,Referral,5581.51,206429,10821,180
M000871,2025-09-16,Direct,28749.51,267525,7123,55
M000872,2023-02-07,Google Ads,37635.86,240831,10838,232
M000873,2023-10-07,Email,29503.26,277030,3839,3
M000874,2025-06-08,Referral,39321.85,37599,6157,154
M000875,2024-10-21,Meta Ads,30178.01,88771,4062,241
M000876,2024-06-12,Organic Search,33648.7,36296,11392,146
M000877,2025-02-22,Direct,16688.92,273490,4677,237
M000878,2025-04-29,Meta Ads,30053.99,118441,12003,206
M000879,2022-07-28,Email,11138.8,64011,630,63
M000880,2022-06-20,Google Ads,29105.52,271687,358,53
M000881,2024-11-30,Google Ads,7780.52,131591,5298,15
M000882,2022-01-28,Email,41774.73,253717,12092,254
M000883,2025-10-25,Instagram,39876.61,74611,1273,21
M000884,2022-07-06,Meta Ads,12617.45,179756,12094,109
M000885,2025-10-19,Referral,7376.05,172041,13507,47
M000886,2024-05-10,Meta Ads,15801.14,66379,12976,40
M000887,2022-10-03,Organic Search,15268.26,126425,10902,219
M000888,2022-02-12,Affiliate,32575.31,125883,10777,178
M000889,2022-06-02,Direct,20038.35,142130,13299,241
M000890,2023-12-27,Email,35313.26,50238,9470,233
M000891,2022-03-24,Instagram,30307.09,60660,8056,92
M000892,2024-06-14,Affiliate,12907.66,191507,13584,46
M000893,2022-03-19,Instagram,20679.96,101735,4518,82
M000894,2025-06-14,Affiliate,2426.31,102738,5805,59
M000895,2026-07-07,Meta Ads,18126.42,77631,12270,46
M000896,2025-12-11,Affiliate,17333.14,41743,3271,76
M000897,2024-01-20,Referral,14465.25,57416,3083,118
M000898,2022-11-21,Instagram,13276.53,215415,13876,62
M000899,2023-01-25,Google Ads,17920.88,187958,9065,56
M000900,2023-09-01,Email,25836.2,122039,8751,257
M000901,2025-07-10,Google Ads,37292.4,118623,7320,227
M000902,2022-02-23,Direct,9305.92,275315,1000,58
M000903,2023-02-08,Referral,7735.12,268923,6186,111
M000904,2024-12-31,Instagram,15609.21,258167,8041,198
M000905,2023-06-22,Organic Search,41018.66,250652,594,77
M000906,2022-03-25,Referral,34496.47,106552,3594,52
M000907,2026-02-04,Meta Ads,37125.23,46203,13738,2
M000908,2025-03-22,Google Ads,23145.24,242115,4999,237
M000909,2025-12-01,Affiliate,25924.17,133112,2764,105
M000910,2026-08-21,Meta Ads,24986.91,119124,1670,234
M000911,2024-03-14,Instagram,15837.68,146524,6879,162
M000912,2022-01-02,Meta Ads,3796.23,114346,11269,154
M000913,2023-07-24,Google Ads,34509.11,49479,6024,18
M000914,2025-08-11,Organic Search,27954.16,128014,2409,194
M000915,2024-03-08,Meta Ads,4399.93,214205,9034,176
M000916,2022-09-02,Referral,26396.96,209234,4354,93
M000917,2024-07-16,Google Ads,12368.29,30659,1434,142
M000918,2024-10-20,Email,26376.83,113627,8512,207
M000919,2022-07-28,Direct,15553.63,200460,12796,234
M000920,2023-10-18,Instagram,24693.48,187728,8458,248
M000921,2023-12-06,Email,21149.37,103703,3278,224
M000922,2025-01-01,Affiliate,6624.84,4069,3575,9
M000923,2026-04-07,Instagram,28737.66,253757,7647,103
M000924,2022-08-06,Direct,4079.15,28405,13782,14
M000925,2024-09-13,Direct,5318.12,218914,4037,164
M000926,2023-07-04,Direct,2669.6,116150,2012,73
M000927,2024-10-20,Instagram,26364.5,141030,12732,174
M000928,2026-02-28,Referral,33861.78,173024,10602,8
M000929,2026-06-12,Referral,22210.83,69625,8994,231
M000930,2022-06-28,Direct,35711.29,241101,5209,206
M000931,2024-04-17,Direct,15781.02,54339,6487,90
M000932,2022-08-07,Instagram,21718.57,92623,1117,7
M000933,2023-04-07,Google Ads,37961.76,131045,11034,17
M000934,2025-08-27,Meta Ads,19888.8,65983,7458,219
M000935,2023-05-29,Instagram,24820.87,23503,12951,210
M000936,2023-10-31,Organic Search,21844.8,154695,5078,125
M000937,2026-02-11,Organic Search,10754.37,138913,5558,84
M000938,2022-09-10,Affiliate,5439.09,15069,12690,175
M000939,2026-04-16,Email,36852.66,93335,8488,255
M000940,2022-01-19,Affiliate,26792.06,173486,3384,82
M000941,2024-02-02,Direct,29431.15,9825,9230,189
M000942,2025-06-03,Google Ads,24528.33,281746,5753,125
M000943,2022-01-17,Organic Search,27495.39,285265,10862,247
M000944,2022-10-13,Organic Search,36100.05,247204,10604,158
M000945,2023-08-26,Affiliate,1139.3,211080,7443,219
M000946,2024-04-01,Google Ads,26802.3,61271,4689,118
M000947,2025-01-24,Referral,21913.72,240667,2837,251
M000948,2025-05-25,Instagram,31410.39,105380,10648,45
M000949,2024-11-04,Referral,34321.68,280763,8716,158
M000950,2022-03-03,Instagram,14433.91,289415,9221,18
M000951,2025-04-02,Organic Search,24457.87,296748,7161,205
M000952,2026-04-07,Instagram,41890.01,274595,8886,217
M000953,2024-07-16,Google Ads,34272.25,252617,4942,112
M000954,2022-04-01,Meta Ads,10521.52,22773,2338,219
M000955,2022-12-24,Affiliate,18978.46,246943,10109,23
M000956,2024-08-05,Meta Ads,26938.5,109385,13044,90
M000957,2025-10-21,Direct,8382.02,6818,10368,87
M000958,2024-12-15,Meta Ads,36887.16,119880,11564,118
M000959,2026-08-10,Referral,16568.4,71263,10768,75
M000960,2026-01-19,Organic Search,10593.79,29575,2432,96
M000961,2023-11-18,Direct,8852.74,95294,8813,135
M000962,2022-10-01,Direct,21228.58,57808,13439,46
M000963,2025-06-20,Direct,5095.6,16603,5101,99
M000964,2025-09-16,Google Ads,29296.16,172869,4949,43
M000965,2023-05-02,Email,19361.06,10371,3836,196
M000966,2022-05-04,Instagram,39832.2,76280,8159,148
M000967,2025-04-11,Instagram,30731.76,78207,8242,186
M000968,2022-06-14,Organic Search,1729.77,226017,12030,132
M000969,2024-08-27,Google Ads,19294.44,271915,4672,229
M000970,2025-07-22,Referral,31193.4,129483,2062,20
M000971,2025-05-21,Organic Search,41645.69,110130,4106,19
M000972,2024-03-29,Email,2825.74,271705,451,168
M000973,2024-08-15,Email,14310.18,83699,227,219
M000974,2022-05-01,Instagram,19504.14,71380,11274,159
M000975,2024-09-20,Instagram,17458.01,274715,6457,57
M000976,2023-11-01,Meta Ads,18639.62,286819,547,47
M000977,2023-01-24,Meta Ads,17073.26,105892,1962,177
M000978,2023-08-04,Direct,11842.72,95735,2306,174
M000979,2026-04-24,Direct,8700.03,258373,2912,115
M000980,2025-04-29,Organic Search,27925.27,12279,9772,167
M000981,2022-12-13,Organic Search,33580.39,201402,6478,140
M000982,2026-02-21,Referral,39703.31,174449,8682,225
M000983,2023-01-11,Organic Search,24707.87,272982,6819,216
M000984,2026-07-01,Meta Ads,26562.36,216130,11325,7
M000985,2024-08-20,Affiliate,3224.58,16167,1943,5
M000986,2025-10-11,Instagram,35034.64,6479,10855,26
M000987,2022-04-13,Instagram,22879.8,151669,4724,113
M000988,2022-09-19,Meta Ads,33799.78,164403,12067,77
M000989,2025-10-14,Meta Ads,10628.44,298840,8435,208
M000990,2024-11-12,Organic Search,32507.92,117977,10640,228
M000991,2024-02-08,Organic Search,29806.05,248295,9611,78
M000992,2026-08-24,Email,12030.46,134423,12737,42
M000993,2022-08-03,Direct,11320.68,47566,7201,106
M000994,2022-07-14,Instagram,14481.61,137328,3336,222
M000995,2024-01-30,Referral,8173.33,46482,2833,144
M000996,2023-09-15,Direct,22352.41,136634,5147,176
M000997,2025-05-23,Organic Search,18828.94,215208,9298,73
M000998,2022-07-06,Email,8449.35,110807,4097,202
M000999,2025-04-22,Organic Search,37579.03,174621,765,81
M001000,2022-08-23,Google Ads,29082.03,173054,250,155
M001001,2024-07-20,Referral,25831.41,172651,8909,68
M001002,2026-05-08,Organic Search,3319.58,176932,3011,184
M001003,2023-06-12,Instagram,23817.11,226744,4649,70
M001004,2024-09-30,Instagram,957.65,199679,12320,71
M001005,2024-12-28,Referral,29047.25,79487,541,93
M001006,2024-12-31,Meta Ads,31947.51,206109,326,257
M001007,2023-02-06,Direct,16849.32,149837,9147,37
M001008,2022-08-22,Google Ads,2610.24,265335,4632,158
M001009,2024-10-24,Affiliate,27916.81,116068,11094,101
M001010,2023-12-28,Instagram,19396.64,194209,253,107
M001011,2022-02-15,Email,6291.59,224312,12499,236
M001012,2023-02-08,Email,39492.15,89980,2978,120
M001013,2026-06-22,Direct,1201.81,138127,1131,222
M001014,2023-09-18,Google Ads,40352.07,45484,2891,226
M001015,2024-09-06,Meta Ads,32887.78,262765,8036,14
M001016,2023-01-22,Meta Ads,1616.89,197287,728,222
M001017,2022-03-26,Email,37435.72,274911,2831,121
M001018,2024-09-17,Organic Search,7586.31,20305,10716,200
M001019,2025-11-11,Affiliate,13190.66,173657,766,35
M001020,2024-02-24,Google Ads,32023.93,45732,13596,54
M001021,2023-09-06,Organic Search,11784.81,46016,4159,111
M001022,2025-09-10,Google Ads,34889.61,19923,5503,107
M001023,2022-10-13,Instagram,36654.53,286013,13423,18
M001024,2023-03-21,Google Ads,11097.75,115810,11820,217
M001025,2025-04-07,Direct,29542.18,60150,4926,210
M001026,2022-12-30,Referral,37328.63,165333,6745,53
M001027,2026-05-08,Direct,7680.22,258538,2543,13
M001028,2022-02-28,Organic Search,3745.25,14885,12324,218
M001029,2026-07-15,Email,13355.63,119854,8460,201
M001030,2024-08-02,Meta Ads,36092.8,70036,12642,210
M001031,2023-05-29,Affiliate,38938.03,160056,11702,109
M001032,2024-04-15,Google Ads,36179.74,279432,7406,208
M001033,2026-03-19,Meta Ads,39964.43,203585,13193,236
M001034,2022-09-30,Affiliate,24039.97,294642,5089,121
M001035,2025-10-27,Affiliate,10804.37,166185,12810,26
M001036,2024-03-05,Email,15601.83,155403,10134,253
M001037,2026-08-13,Direct,3643.95,139525,280,50
M001038,2023-04-03,Instagram,5294.17,259571,10617,153
M001039,2026-05-15,Email,33925.03,85924,1746,30
M001040,2026-08-01,Direct,4084.9,188183,10180,203
M001041,2026-08-29,Meta Ads,6058.79,112494,10122,34
M001042,2026-07-31,Organic Search,20408.38,267464,8409,159
M001043,2025-08-08,Affiliate,23829.11,92450,10012,19
M001044,2022-11-20,Organic Search,5720.79,41327,5470,132
M001045,2022-03-31,Referral,8973.79,105547,6727,9
M001046,2025-07-01,Direct,29481.0,46856,6482,196
M001047,2022-10-14,Organic Search,21614.65,178292,13776,151
M001048,2026-03-19,Meta Ads,20724.88,104692,4620,84
M001049,2024-07-05,Meta Ads,41711.36,247540,6037,92
M001050,2025-10-01,Google Ads,32014.13,264676,8920,133
M001051,2022-04-01,Referral,19472.32,284421,6690,90
M001052,2022-10-22,Google Ads,25727.91,76620,2837,132
M001053,2024-01-25,Organic Search,14547.65,278415,7649,62
M001054,2024-05-17,Affiliate,36048.43,189159,13699,245
M001055,2026-05-23,Affiliate,34489.69,225780,944,63
M001056,2022-06-16,Affiliate,4540.22,108405,7735,252
M001057,2022-05-09,Affiliate,6094.87,161105,13749,174
M001058,2024-01-20,Affiliate,6344.88,16889,2457,199
M001059,2023-10-21,Referral,4183.92,190912,7610,189
M001060,2025-06-09,Affiliate,38639.18,289174,2064,166
M001061,2026-08-24,Direct,35917.61,125370,173,245
M001062,2022-12-16,Meta Ads,7192.93,76494,6245,168
M001063,2022-07-13,Affiliate,2255.72,12248,4909,78
M001064,2023-03-04,Referral,7116.6,265512,4414,164
M001065,2022-04-03,Email,11321.34,185851,3986,165
M001066,2025-12-10,Referral,36837.83,283132,4667,164
M001067,2025-09-03,Google Ads,20636.13,123235,2516,238
M001068,2025-05-05,Referral,993.04,106763,9087,188
M001069,2026-04-13,Direct,13402.48,47022,13973,203
M001070,2024-04-19,Referral,35067.16,116927,11130,13
M001071,2023-05-09,Direct,37327.93,249492,440,41
M001072,2025-12-25,Google Ads,37778.27,220049,4907,121
M001073,2022-10-01,Google Ads,17095.01,198677,424,213
M001074,2022-04-19,Google Ads,7714.64,287356,8113,104
M001075,2025-04-17,Organic Search,19674.43,180709,1339,128
M001076,2025-07-04,Email,5729.17,265176,7058,203
M001077,2022-01-20,Direct,3959.45,242764,5126,115
M001078,2023-08-14,Instagram,12796.28,96920,5248,50
M001079,2026-03-08,Google Ads,7873.72,206026,10209,256
M001080,2025-07-22,Organic Search,9940.2,121114,11062,146
M001081,2024-07-03,Organic Search,41235.06,115371,3742,62
M001082,2025-11-29,Email,38645.91,207238,13672,238
M001083,2026-04-20,Direct,31586.98,212339,2814,222
M001084,2022-06-14,Direct,5814.74,263216,13996,198
M001085,2022-11-01,Instagram,11957.57,195491,13895,12
M001086,2024-12-17,Email,3958.7,174855,6280,145
M001087,2024-01-22,Referral,15356.14,203748,1209,205
M001088,2023-09-10,Meta Ads,21603.58,13487,6011,258
M001089,2022-04-13,Instagram,10493.1,287389,7646,54
M001090,2022-09-26,Instagram,854.27,221908,6796,253
M001091,2025-12-08,Referral,17552.36,114347,3819,95
M001092,2022-01-16,Direct,9801.28,175123,6292,258
M001093,2025-12-22,Organic Search,9193.93,91865,10782,26
M001094,2024-11-21,Google Ads,19662.51,237945,9394,131
M001095,2023-08-16,Referral,3142.48,288874,7866,114
M001096,2024-01-17,Meta Ads,40345.71,36603,5074,68
M001097,2023-10-29,Direct,19307.8,35623,9120,48
M001098,2023-07-17,Google Ads,36762.81,299851,4415,70
M001099,2024-09-23,Organic Search,14661.98,98584,2295,68
M001100,2025-12-05,Meta Ads,15148.37,70490,5018,67
M001101,2025-02-14,Meta Ads,17037.49,30854,9974,119
M001102,2025-12-18,Google Ads,5459.45,297247,6841,185
M001103,2026-02-13,Referral,26265.41,41223,9355,30
M001104,2024-10-17,Google Ads,6734.9,229939,6239,154
M001105,2025-10-15,Google Ads,3432.97,247648,4168,30
M001106,2024-01-02,Email,20957.88,35166,9811,219
M001107,2025-05-18,Organic Search,40637.53,166609,3726,83
M001108,2026-03-22,Direct,25920.83,159040,11034,68
M001109,2026-08-15,Email,2436.93,230767,10137,163
M001110,2022-06-08,Google Ads,38827.43,147566,1624,200
M001111,2024-05-13,Google Ads,26598.06,178345,10937,157
M001112,2024-04-21,Direct,30511.38,69018,4839,3
M001113,2025-02-20,Organic Search,5789.5,227543,3334,40
M001114,2026-07-29,Email,16668.92,38780,11890,45
M001115,2024-09-30,Instagram,20436.71,80966,6832,170
M001116,2022-05-10,Google Ads,9703.37,97231,4547,186
M001117,2026-06-16,Organic Search,25982.8,31714,12450,223
M001118,2022-04-20,Referral,34852.28,67152,4952,86
M001119,2022-12-01,Referral,17069.81,237542,1970,28
M001120,2026-02-18,Organic Search,11147.53,233675,10264,175
M001121,2023-06-16,Affiliate,30155.25,138556,1629,199
M001122,2023-07-08,Direct,20098.14,271107,12131,40
M001123,2023-08-20,Affiliate,38338.47,173796,7052,33
M001124,2024-12-31,Meta Ads,26820.94,221147,5908,153
M001125,2022-07-21,Affiliate,21651.49,289026,12976,32
M001126,2025-10-21,Referral,9363.48,165965,12127,198
M001127,2025-10-18,Meta Ads,7288.84,219528,7364,207
M001128,2025-07-06,Organic Search,19601.79,76473,3552,5
M001129,2026-01-25,Google Ads,19430.81,97725,1924,227
M001130,2024-07-06,Direct,27848.75,92493,9516,211
M001131,2022-02-14,Affiliate,34251.64,199939,11848,256
M001132,2022-07-16,Google Ads,16547.15,128867,6843,3
M001133,2022-11-02,Google Ads,24141.17,153186,1355,67
M001134,2024-12-06,Google Ads,6077.61,116674,5697,33
M001135,2023-03-20,Meta Ads,8739.56,84751,13688,94
M001136,2022-03-16,Direct,41418.03,228506,12922,204
M001137,2025-03-18,Referral,12817.35,209174,9897,41
M001138,2022-08-16,Referral,5456.12,180658,13904,11
M001139,2023-12-28,Direct,10403.02,150765,3470,253
M001140,2023-11-28,Affiliate,33117.01,113442,12072,7
M001141,2022-06-16,Email,18617.04,158723,3359,154
M001142,2026-02-10,Google Ads,4672.43,66269,6036,227
M001143,2023-02-04,Referral,9979.38,220505,11370,159
M001144,2026-05-08,Email,10549.16,114436,10463,114
M001145,2022-08-03,Instagram,37375.16,299737,9061,7
M001146,2025-12-30,Meta Ads,32557.16,276658,13952,153
M001147,2022-05-18,Referral,3812.59,255224,8609,161
M001148,2024-02-02,Email,20903.48,224112,13344,112
M001149,2026-06-25,Email,16278.61,253524,12250,231
M001150,2024-09-27,Email,6476.49,136067,5948,118
M001151,2024-02-12,Instagram,11715.56,220541,13797,139
M001152,2023-09-10,Meta Ads,8451.34,237638,2546,179
M001153,2025-08-09,Organic Search,38002.57,100777,1840,16
M001154,2022-12-02,Instagram,26292.05,21935,5384,213
M001155,2022-07-10,Instagram,23139.23,155793,5362,93
M001156,2023-02-19,Email,22648.29,273565,9519,115
M001157,2023-09-05,Organic Search,11613.13,230485,2678,204
M001158,2025-12-14,Instagram,19785.62,105102,10187,158
M001159,2023-12-13,Direct,25169.71,199439,2326,59
M001160,2026-04-19,Email,4587.9,136654,12378,173
M001161,2025-11-06,Direct,17686.57,92765,11529,147
M001162,2026-05-23,Instagram,1488.85,208635,7473,104
M001163,2026-02-07,Referral,20406.02,293509,508,230
M001164,2023-12-25,Meta Ads,37660.26,251899,700,144
M001165,2024-06-02,Referral,18879.86,10831,11039,86
M001166,2026-02-02,Meta Ads,18762.1,185065,11994,250
M001167,2025-08-31,Email,32487.77,66063,11137,199
M001168,2025-02-09,Direct,37439.91,285150,1837,195
M001169,2024-07-13,Email,24068.79,101331,1267,107
M001170,2022-12-31,Direct,27512.06,290294,5965,16
M001171,2025-10-11,Google Ads,32860.79,236511,1704,7
M001172,2023-08-13,Meta Ads,4003.16,232486,5386,226
M001173,2024-03-16,Instagram,23536.64,95693,3334,28
M001174,2024-02-27,Organic Search,41167.16,92715,8005,124
M001175,2024-07-12,Google Ads,8330.96,285081,8670,53
M001176,2026-06-28,Direct,41596.66,173070,6060,39
M001177,2024-01-26,Email,18793.34,198795,7795,238
M001178,2023-08-04,Direct,25941.72,66998,8430,135
M001179,2022-03-21,Organic Search,34726.1,125481,8572,97
M001180,2024-08-29,Meta Ads,31438.37,254371,11639,185
M001181,2026-08-04,Referral,16346.82,242789,6146,168
M001182,2022-11-25,Instagram,2391.66,51506,10347,29
M001183,2024-05-23,Referral,33703.55,276255,6449,208
M001184,2022-05-08,Affiliate,18054.1,144151,1748,129
M001185,2022-06-06,Meta Ads,24338.05,174790,11064,173
M001186,2022-12-05,Instagram,26948.15,253114,8024,134
M001187,2026-06-10,Meta Ads,41162.95,144725,2927,83
M001188,2024-09-04,Meta Ads,29281.37,268894,9267,197
M001189,2024-06-16,Affiliate,30602.06,128740,7207,81
M001190,2026-04-10,Direct,19170.36,120084,5756,181
M001191,2022-05-01,Google Ads,22218.69,135012,9179,51
M001192,2024-02-03,Email,26709.74,182944,6936,143
M001193,2026-08-25,Instagram,41977.87,135696,4945,73
M001194,2025-09-22,Instagram,11430.48,222275,13806,193
M001195,2026-08-27,Email,14168.63,144192,939,8
M001196,2022-04-21,Instagram,21376.94,159055,13783,10
M001197,2026-05-09,Meta Ads,22857.72,224127,11183,63
M001198,2023-05-21,Affiliate,35681.62,41222,1691,179
M001199,2023-07-02,Referral,37474.75,91312,13364,179
M001200,2026-04-27,Organic Search,6623.91,208565,10064,7
M001201,2022-11-22,Organic Search,23457.87,70173,9901,142
M001202,2024-06-05,Referral,4655.7,40716,10318,100
M001203,2022-12-17,Meta Ads,13396.2,64190,7362,214
M001204,2022-01-09,Organic Search,28717.95,230977,890,99
M001205,2026-03-29,Instagram,29556.83,209846,4223,139
M001206,2024-05-13,Organic Search,15764.47,56133,710,44
M001207,2023-11-28,Organic Search,7383.53,151384,3586,129
M001208,2023-07-18,Affiliate,11265.31,97658,10254,124
M001209,2024-11-21,Instagram,36935.91,185233,13884,250
M001210,2025-01-21,Direct,30440.7,120129,13637,41
M001211,2022-05-24,Google Ads,41565.37,46792,12973,183
M001212,2026-06-29,Organic Search,26945.49,4310,8306,128
M001213,2022-04-12,Referral,37551.7,76329,5974,234
M001214,2024-10-23,Affiliate,25307.68,36153,8065,211
M001215,2025-03-12,Direct,7269.58,168538,8945,64
M001216,2023-11-25,Google Ads,41212.66,26445,4286,61
M001217,2025-04-16,Google Ads,20200.73,263368,11115,72
M001218,2023-05-16,Instagram,21470.21,58476,9351,135
M001219,2023-04-12,Organic Search,38448.1,18550,11728,83
M001220,2022-12-20,Meta Ads,2346.94,12547,4557,227
M001221,2025-06-06,Direct,14644.67,146420,5797,245
M001222,2024-01-12,Affiliate,23896.41,54674,13565,170
M001223,2022-11-07,Meta Ads,14731.0,249877,8386,164
M001224,2022-04-19,Google Ads,10453.56,139453,8698,24
M001225,2025-05-11,Meta Ads,34703.54,244318,5844,226
M001226,2022-07-15,Affiliate,29090.06,222689,8356,7
M001227,2025-06-21,Instagram,2012.38,286315,8866,40
M001228,2023-09-13,Google Ads,24900.23,285935,5450,217
M001229,2026-04-28,Affiliate,37892.27,55584,7885,161
M001230,2025-01-14,Google Ads,959.91,79066,13799,238
M001231,2022-06-23,Instagram,39064.63,128759,10000,193
M001232,2024-03-03,Affiliate,7891.81,175158,8562,179
M001233,2023-09-15,Instagram,35887.09,42600,7237,51
M001234,2026-04-20,Referral,16522.76,6027,11428,233
M001235,2024-04-18,Referral,9247.73,155453,10340,67
M001236,2024-11-12,Google Ads,22248.94,44908,3315,164
M001237,2026-01-29,Email,16162.68,294382,12655,194
M001238,2022-01-07,Meta Ads,21584.77,73664,4644,197
M001239,2024-03-03,Google Ads,22411.62,267380,6412,36
M001240,2024-07-22,Direct,13013.28,153816,9876,104
M001241,2026-07-02,Google Ads,38190.49,253163,10660,227
M001242,2025-11-09,Instagram,40437.46,25804,945,156
M001243,2025-07-08,Instagram,27855.57,26796,13455,32
M001244,2024-04-20,Affiliate,41631.06,236206,2669,76
M001245,2026-04-20,Email,4185.21,169393,13548,59
M001246,2025-12-04,Organic Search,34271.52,271785,5074,150
M001247,2024-07-18,Google Ads,3531.31,123060,7533,97
M001248,2025-03-27,Google Ads,28009.11,152628,9525,202
M001249,2023-09-15,Google Ads,35138.6,87622,1920,207
M001250,2024-10-02,Instagram,14618.28,156363,5394,74
M001251,2023-01-12,Meta Ads,38734.53,177164,11396,23
M001252,2023-09-18,Organic Search,19569.88,260753,8098,134
M001253,2022-12-03,Meta Ads,19367.71,250620,6748,38
M001254,2026-02-27,Email,2334.78,212011,7857,171
M001255,2025-09-04,Email,24075.07,49083,10112,197
M001256,2023-08-08,Affiliate,31093.85,276636,8978,212
M001257,2026-06-04,Email,15150.12,24139,1830,9
M001258,2022-12-18,Affiliate,34874.15,90486,10260,171
M001259,2024-01-10,Direct,41484.0,153053,5593,167
M001260,2023-05-20,Email,36138.32,272724,11404,62
M001261,2025-01-02,Organic Search,41314.36,231592,5276,2
M001262,2022-04-06,Google Ads,12676.2,144036,3698,58
M001263,2023-11-12,Affiliate,31557.0,167899,4250,118
M001264,2025-03-28,Instagram,34529.42,159753,4405,50
M001265,2024-10-17,Meta Ads,21458.76,137345,10602,199
M001266,2025-10-27,Organic Search,7439.49,256808,12932,152
M001267,2022-08-16,Google Ads,4295.61,135985,8701,159
M001268,2024-12-05,Referral,24273.09,23861,5835,7
M001269,2023-12-13,Google Ads,1013.82,275159,832,230
M001270,2026-07-09,Meta Ads,28351.46,273969,9746,86
M001271,2023-03-06,Direct,36575.22,27657,7305,148
M001272,2023-08-07,Affiliate,23336.89,274498,7381,61
M001273,2023-07-11,Direct,24548.51,140868,1893,72
M001274,2022-02-28,Email,4337.01,194252,8220,160
M001275,2024-07-07,Meta Ads,41946.26,174792,7486,208
M001276,2024-05-02,Organic Search,34088.28,251191,7704,172
M001277,2023-12-10,Affiliate,5770.98,297962,11417,17
M001278,2025-10-14,Affiliate,17954.26,7345,11099,229
M001279,2023-07-30,Google Ads,20192.76,88134,5950,87
M001280,2023-03-12,Email,5897.38,67515,10151,251
M001281,2024-02-09,Referral,36209.55,219840,7556,157
M001282,2026-02-16,Email,40426.61,273730,5860,16
M001283,2026-06-29,Referral,39584.62,141366,8485,30
M001284,2023-08-14,Referral,37053.91,16692,10971,44
M001285,2025-01-15,Meta Ads,3892.04,35855,144,125
M001286,2026-01-24,Email,4245.36,8689,8558,57
M001287,2022-02-20,Affiliate,5645.66,7899,5403,195
M001288,2022-11-28,Referral,4329.74,12238,4474,140
M001289,2022-01-16,Meta Ads,25994.31,64786,10583,157
M001290,2023-12-31,Google Ads,18135.52,31970,11760,235
M001291,2026-02-16,Direct,6891.31,9570,3537,113
M001292,2022-05-15,Affiliate,35922.63,80772,12632,94
M001293,2022-06-11,Organic Search,33175.64,276965,3551,200
M001294,2024-08-22,Referral,31813.49,134291,4290,17
M001295,2023-01-18,Meta Ads,34917.02,155680,7159,61
M001296,2023-05-07,Instagram,32249.68,41953,8550,209
M001297,2023-01-04,Google Ads,32087.81,56378,2982,30
M001298,2024-05-15,Organic Search,36477.77,252758,160,109
M001299,2024-06-15,Meta Ads,14159.8,13353,3016,189
M001300,2022-11-17,Google Ads,20878.72,179396,4567,91
M001301,2022-11-13,Instagram,36830.02,289524,13295,153
M001302,2025-09-14,Direct,34476.7,257204,13880,152
M001303,2026-07-10,Instagram,35177.65,232593,10366,209
M001304,2024-10-01,Email,36688.39,287716,3002,113
M001305,2022-01-10,Google Ads,17105.23,35325,12442,220
M001306,2026-01-21,Direct,40790.75,296281,1916,60
M001307,2024-02-08,Organic Search,27030.17,235478,12833,28
M001308,2022-01-17,Instagram,9575.38,212982,7193,21
M001309,2022-11-03,Referral,17129.08,54135,7723,174
M001310,2024-11-26,Instagram,3357.17,123472,10034,58
M001311,2022-05-04,Affiliate,2145.33,254557,5634,24
M001312,2023-10-20,Direct,1638.71,199130,13919,226
M001313,2026-04-19,Organic Search,16945.57,150862,2655,5
M001314,2025-03-26,Affiliate,37487.59,221484,10726,29
M001315,2024-08-25,Meta Ads,2477.58,260640,4943,230
M001316,2023-05-03,Referral,24811.18,239532,8757,80
M001317,2022-02-24,Organic Search,23882.21,28385,6934,25
M001318,2024-04-27,Meta Ads,31297.86,27396,12720,37
M001319,2023-03-01,Email,26980.77,160443,5594,221
M001320,2023-01-12,Instagram,7993.48,119741,364,9
M001321,2022-06-25,Direct,35570.4,6677,2616,64
M001322,2025-01-31,Direct,10335.73,146954,9166,107
M001323,2023-05-14,Instagram,20276.32,36058,1341,181
M001324,2022-07-04,Google Ads,38750.22,23023,9808,225
M001325,2023-05-23,Affiliate,1674.89,258495,4607,182
M001326,2025-11-13,Affiliate,3490.14,270145,8517,206
M001327,2023-03-28,Instagram,30975.7,250246,5450,21
M001328,2025-10-05,Meta Ads,22794.92,125283,8007,117
M001329,2022-03-07,Organic Search,14603.41,191273,5676,180
M001330,2026-04-23,Organic Search,1431.74,20769,9780,243
M001331,2023-07-29,Organic Search,30354.41,231942,13901,41
M001332,2025-10-07,Instagram,11234.81,74062,6184,143
M001333,2025-12-16,Google Ads,22371.42,256432,13987,93
M001334,2026-06-12,Email,38332.96,231196,290,181
M001335,2023-10-01,Meta Ads,8601.0,103668,11835,90
M001336,2025-05-19,Meta Ads,19446.64,72572,166,212
M001337,2023-06-12,Organic Search,25888.95,220883,7522,202
M001338,2024-03-22,Email,21911.29,58768,926,69
M001339,2024-09-11,Google Ads,32912.95,21558,8754,156
M001340,2025-10-27,Meta Ads,18063.31,69646,10028,77
M001341,2024-06-07,Email,6698.05,246034,8023,150
M001342,2023-09-09,Affiliate,19123.92,73614,5843,37
M001343,2023-08-17,Referral,29622.29,53819,10141,63
M001344,2025-08-11,Affiliate,9062.94,21334,6107,96
M001345,2022-01-21,Meta Ads,20774.3,81733,901,56
M001346,2023-01-06,Affiliate,31324.22,51143,758,5
M001347,2024-05-03,Google Ads,7981.38,20134,4710,142
M001348,2023-12-20,Direct,2839.49,146858,7830,103
M001349,2025-12-09,Organic Search,23091.68,121066,13192,134
M001350,2026-04-13,Direct,27571.83,19786,6621,130
M001351,2025-12-21,Google Ads,1987.66,253046,7893,82
M001352,2025-05-29,Organic Search,16969.71,233902,12912,115
M001353,2022-10-19,Google Ads,8209.12,80906,5426,166
M001354,2025-05-23,Organic Search,40073.22,220846,645,55
M001355,2023-02-18,Organic Search,39619.17,31863,9084,92
M001356,2025-07-05,Meta Ads,4037.18,256791,2525,111
M001357,2024-12-12,Direct,3522.47,52884,9269,155
M001358,2022-03-26,Instagram,15303.55,32914,11100,234
M001359,2025-04-04,Affiliate,25035.43,207431,12971,215
M001360,2024-03-09,Affiliate,39732.51,201464,11881,119
M001361,2023-07-29,Referral,33639.44,226431,10521,248
M001362,2026-02-28,Meta Ads,15285.49,234532,499,118
M001363,2024-12-31,Affiliate,7137.33,202808,12034,101
M001364,2026-04-11,Affiliate,9751.85,266194,6069,230
M001365,2022-08-17,Referral,30898.02,119446,334,2
M001366,2023-05-06,Email,40964.47,50222,9495,93
M001367,2026-06-02,Meta Ads,1068.63,299475,12565,224
M001368,2024-03-28,Organic Search,40701.47,168310,2710,75
M001369,2022-08-26,Organic Search,37542.21,201021,181,102
M001370,2024-05-23,Affiliate,14500.3,177486,13795,225
M001371,2024-04-01,Referral,33060.66,264322,9825,191
M001372,2025-04-21,Organic Search,31185.64,64512,12327,149
M001373,2026-02-21,Instagram,28231.32,254508,9553,74
M001374,2023-10-23,Referral,12157.71,118688,11758,15
M001375,2023-01-16,Google Ads,21228.27,93942,12403,138
M001376,2024-08-10,Email,11528.26,215234,8167,64
M001377,2023-01-11,Meta Ads,11384.96,106708,13908,230
M001378,2023-07-04,Referral,28647.9,247116,7443,211
M001379,2022-11-11,Meta Ads,41668.97,67085,4242,105
M001380,2022-08-22,Direct,23575.68,44810,11357,200
M001381,2026-05-08,Meta Ads,3765.75,230847,8693,135
M001382,2026-06-03,Affiliate,28969.55,124793,13331,230
M001383,2025-11-06,Direct,10025.89,94266,3822,130
M001384,2026-06-06,Meta Ads,5477.25,11462,10996,56
M001385,2023-03-12,Organic Search,37198.83,128857,9112,173
M001386,2025-01-07,Organic Search,27321.06,255632,635,221
M001387,2026-04-17,Organic Search,9103.9,158382,5761,148
M001388,2024-02-06,Referral,32607.33,68321,6229,183
M001389,2024-04-05,Organic Search,40036.21,127934,12028,16
M001390,2024-06-18,Referral,25755.29,169485,8741,246
M001391,2026-08-01,Direct,35418.64,113835,12959,250
M001392,2026-07-10,Direct,22417.28,84629,12023,95
M001393,2025-03-31,Referral,6369.88,82753,3406,152
M001394,2024-12-15,Referral,30609.84,43742,12225,83
M001395,2022-06-23,Meta Ads,35887.5,284143,617,208
M001396,2026-07-18,Organic Search,10026.28,235636,8242,154
M001397,2024-10-01,Email,1282.41,114040,11136,138
M001398,2026-08-23,Direct,6722.38,114138,521,52
M001399,2024-03-23,Email,29485.75,214870,6138,2
M001400,2022-05-30,Referral,34151.85,170814,9663,208
M001401,2024-06-22,Instagram,9078.57,123372,4371,105
M001402,2025-12-11,Organic Search,4315.18,115891,2209,212
M001403,2023-08-15,Instagram,4478.78,234438,9174,7
M001404,2024-04-09,Referral,41458.08,294961,10396,83
M001405,2025-02-25,Referral,33586.02,103223,2887,208
M001406,2026-02-12,Meta Ads,4872.61,280559,13058,164
M001407,2022-10-15,Meta Ads,38095.94,77592,6969,233
M001408,2025-10-07,Instagram,33802.13,188992,10684,152
M001409,2024-09-20,Google Ads,1486.89,17246,6646,239
M001410,2022-02-27,Affiliate,28641.62,73214,7140,172
M001411,2025-03-18,Google Ads,16587.35,114849,8369,84
M001412,2025-11-15,Instagram,36130.07,29882,2876,172
M001413,2025-01-15,Meta Ads,13065.28,279571,9261,27
M001414,2024-02-29,Direct,29766.16,214230,4485,122
M001415,2023-11-02,Referral,27727.81,143928,5690,7
M001416,2025-07-25,Email,27658.87,242725,1485,225
M001417,2023-09-02,Meta Ads,13787.92,122677,11807,94
M001418,2022-12-08,Affiliate,37356.62,262137,1418,29
M001419,2025-04-29,Instagram,12189.62,293760,1030,85
M001420,2025-11-02,Affiliate,25575.86,12340,2555,161
M001421,2023-06-01,Instagram,3724.78,217907,12261,85
M001422,2023-03-17,Affiliate,2584.53,144047,11049,242
M001423,2025-11-13,Instagram,26130.8,237458,13485,126
M001424,2022-10-29,Google Ads,20861.18,211843,3507,192
M001425,2023-04-05,Instagram,40700.66,298215,4779,5
M001426,2025-06-03,Email,4903.19,102585,8337,31
M001427,2023-02-02,Meta Ads,27142.86,261044,11125,244
M001428,2024-01-16,Direct,21406.12,276771,6031,223
M001429,2025-08-10,Affiliate,36455.43,291971,4205,242
M001430,2023-12-21,Email,14716.42,125552,8645,172
M001431,2026-02-14,Meta Ads,37912.88,236067,9103,191
M001432,2022-04-08,Referral,38743.71,119257,4877,237
M001433,2023-12-26,Email,8447.95,123525,7613,115
M001434,2024-03-25,Referral,2639.73,63300,9765,95
M001435,2026-04-28,Affiliate,32615.22,49485,2251,35
M001436,2025-09-11,Meta Ads,17630.86,233383,6625,247
M001437,2025-12-09,Email,35269.44,256799,11139,139
M001438,2025-05-17,Organic Search,20381.54,56635,6971,18
M001439,2024-12-11,Google Ads,7143.67,72815,8404,243
M001440,2022-06-20,Affiliate,40157.22,96207,775,69
M001441,2024-06-26,Referral,3745.74,151264,9364,83
M001442,2024-07-17,Google Ads,17692.77,153500,7458,245
M001443,2022-03-06,Affiliate,14388.03,12531,12476,238
M001444,2026-05-11,Google Ads,25686.36,79480,3800,17
M001445,2024-02-05,Google Ads,827.68,130490,4347,224
M001446,2026-03-14,Meta Ads,4347.74,38430,7007,157
M001447,2024-06-15,Meta Ads,15573.24,47642,3160,23
M001448,2022-05-18,Affiliate,8675.92,138358,13253,40
M001449,2025-04-17,Meta Ads,10558.92,202699,12073,254
M001450,2022-03-04,Google Ads,34969.11,101515,2335,174
M001451,2022-08-06,Meta Ads,4856.56,54456,8172,127
M001452,2022-06-30,Email,17808.41,199819,7626,91
M001453,2022-11-25,Referral,35964.24,115400,5557,223
M001454,2023-06-01,Direct,38670.26,26127,3172,205
M001455,2023-02-11,Instagram,25184.42,114827,12668,203
M001456,2023-08-31,Meta Ads,37819.76,92695,6938,25
M001457,2024-10-03,Affiliate,34775.14,50124,9889,241
M001458,2025-12-24,Referral,41624.22,123111,7793,32
M001459,2023-07-17,Referral,20384.89,208675,6684,135
M001460,2024-09-19,Meta Ads,21093.24,128969,13679,136
M001461,2022-05-31,Affiliate,25754.73,177489,12778,50
M001462,2024-08-31,Affiliate,6329.45,296988,3386,7
M001463,2022-10-18,Direct,21877.05,15349,11718,213
M001464,2026-04-02,Organic Search,21689.05,10205,11446,55
M001465,2025-05-12,Organic Search,37290.66,10235,12622,78
M001466,2024-06-03,Direct,29428.52,248616,2194,188
M001467,2022-10-15,Google Ads,34088.35,168529,11763,68
M001468,2026-08-23,Organic Search,1580.87,292344,9640,150
M001469,2024-03-12,Google Ads,3918.24,180884,4628,131
M001470,2026-02-14,Google Ads,37797.15,240576,3037,93
M001471,2023-08-27,Direct,18186.93,282045,3460,150
M001472,2026-01-26,Direct,3196.67,58434,7998,45
M001473,2024-02-01,Instagram,4807.67,238487,5189,79
M001474,2022-01-01,Google Ads,20705.8,271958,1244,66
M001475,2026-03-13,Organic Search,37363.76,158213,3750,193
M001476,2023-07-14,Email,21552.62,138297,2967,99
M001477,2023-06-19,Affiliate,40303.1,109874,4727,138
M001478,2025-02-01,Affiliate,24460.64,22965,11691,228
M001479,2022-01-13,Referral,26304.39,158438,1632,15
M001480,2024-02-25,Instagram,28748.53,283772,2238,54
M001481,2026-01-18,Affiliate,35433.34,186703,5161,168
M001482,2025-05-25,Organic Search,19522.9,77346,1937,189
M001483,2025-12-14,Email,41777.89,115518,3961,95
M001484,2023-04-30,Instagram,40097.17,284174,6568,156
M001485,2026-02-15,Referral,39961.1,148970,4281,109
M001486,2023-12-01,Email,16399.36,268810,10642,44
M001487,2023-06-22,Meta Ads,22236.85,84743,1487,131
M001488,2023-09-12,Email,39606.8,132708,11928,188
M001489,2025-05-31,Affiliate,21076.37,171716,152,136
M001490,2026-08-26,Affiliate,39566.53,135404,7326,85
M001491,2022-01-21,Google Ads,41834.98,286361,4693,3
M001492,2025-01-29,Affiliate,5270.97,18820,6046,154
M001493,2022-01-11,Meta Ads,26760.3,190844,4845,25
M001494,2023-05-12,Direct,3586.1,273922,2002,190
M001495,2022-07-20,Referral,41213.6,52605,11342,90
M001496,2023-07-01,Referral,34711.46,54983,7089,63
M001497,2025-01-10,Affiliate,38415.57,98314,7753,41
M001498,2022-05-10,Instagram,23691.02,16820,690,24
M001499,2025-06-29,Email,6286.72,253880,8776,47
M001500,2022-03-18,Email,8347.63,225811,2196,45
M001501,2022-08-23,Email,34472.78,296446,1640,189
M001502,2024-12-22,Organic Search,27112.51,96280,12148,115
M001503,2025-10-09,Meta Ads,8589.53,198529,687,57
M001504,2022-02-19,Meta Ads,2332.94,112056,2365,99
M001505,2022-05-02,Google Ads,17068.32,48500,6901,161
M001506,2022-08-31,Instagram,26713.33,264584,11376,194
M001507,2025-03-03,Google Ads,34997.08,212598,6551,86
M001508,2024-02-18,Instagram,41386.78,176046,285,255
M001509,2026-08-22,Referral,32098.7,72833,5907,233
M001510,2025-02-17,Instagram,29210.75,128415,3629,102
M001511,2024-05-31,Google Ads,4394.5,109787,5268,89
M001512,2022-03-09,Meta Ads,12958.56,4796,11804,45
M001513,2022-07-06,Referral,36639.47,188091,1840,196
M001514,2024-07-30,Direct,5987.98,160421,7689,142
M001515,2023-04-08,Meta Ads,39572.93,85369,9156,256
M001516,2024-03-19,Direct,8047.85,63056,3209,87
M001517,2024-10-23,Organic Search,1966.33,180048,7930,187
M001518,2024-10-02,Direct,24077.57,296380,12738,225
M001519,2025-01-09,Affiliate,37286.17,125839,12528,100
M001520,2022-07-23,Email,16007.46,13110,3872,183
M001521,2022-07-26,Google Ads,3709.19,83399,8215,206
M001522,2025-01-26,Email,6396.98,269938,1495,19
M001523,2022-02-10,Affiliate,12635.34,140885,6926,171
M001524,2025-09-14,Meta Ads,36177.08,202412,2295,85
M001525,2025-02-03,Instagram,10023.46,189513,10985,227
M001526,2024-04-05,Instagram,27244.65,152445,987,57
M001527,2022-12-26,Direct,34084.15,36960,2675,40
M001528,2026-07-28,Direct,35289.53,284336,435,118
M001529,2022-06-28,Affiliate,37359.7,133862,2029,215
M001530,2022-05-28,Meta Ads,31444.86,32140,5613,145
M001531,2023-11-22,Affiliate,38252.57,63240,6733,179
M001532,2022-01-13,Referral,12681.53,120116,12424,79
M001533,2025-02-05,Instagram,22296.5,274763,12320,254
M001534,2025-03-17,Referral,1603.23,86825,4885,190
M001535,2022-01-25,Google Ads,14043.35,177068,6370,18
M001536,2025-10-19,Instagram,17104.06,185890,9218,28
M001537,2026-02-25,Affiliate,29349.87,128035,247,206
M001538,2024-05-25,Instagram,35165.03,29261,234,247
M001539,2026-01-13,Meta Ads,20341.93,160961,6579,222
M001540,2025-10-28,Meta Ads,28968.9,12169,6019,207
M001541,2023-11-19,Affiliate,33743.58,32113,3704,198
M001542,2022-05-19,Referral,7095.66,136029,3628,251
M001543,2024-09-03,Instagram,14408.26,224392,11460,105
M001544,2024-01-22,Email,2518.31,177370,6086,31
M001545,2023-09-25,Referral,27740.53,21904,13450,177
M001546,2025-01-25,Affiliate,5325.11,72074,3984,16
M001547,2023-01-10,Meta Ads,5293.26,244767,165,171
M001548,2023-12-24,Organic Search,11391.13,30519,915,256
M001549,2022-04-15,Meta Ads,29723.78,221882,13211,104
M001550,2025-02-18,Email,1950.58,146528,6939,171
M001551,2025-10-23,Instagram,39331.04,148896,10319,163
M001552,2022-09-06,Organic Search,6484.89,62914,8705,160
M001553,2023-05-02,Meta Ads,20898.99,265230,4966,36
M001554,2024-09-17,Affiliate,25429.35,89393,10182,129
M001555,2023-01-15,Referral,36664.99,58774,3119,242
M001556,2023-11-07,Google Ads,15117.33,286629,7832,154
M001557,2025-11-11,Google Ads,35830.28,126167,5042,68
M001558,2022-02-04,Meta Ads,16637.22,94218,4468,124
M001559,2024-06-21,Referral,7127.11,99109,5636,35
M001560,2024-12-15,Referral,30544.49,242843,8715,49
M001561,2023-03-31,Meta Ads,21568.62,229622,9414,242
M001562,2025-08-30,Meta Ads,10372.23,254918,2257,239
M001563,2022-05-10,Meta Ads,11625.09,273934,3331,135
M001564,2024-06-09,Email,970.83,107751,11686,180
M001565,2025-09-28,Email,14280.93,162416,7768,62
M001566,2025-07-22,Meta Ads,30571.49,225574,7531,18
M001567,2022-11-12,Meta Ads,5090.31,291566,6299,150
M001568,2022-09-09,Instagram,33352.11,271892,7311,135
M001569,2025-12-03,Organic Search,10822.77,21126,2189,2
M001570,2025-11-23,Referral,3494.95,150700,12483,168
M001571,2023-06-14,Organic Search,24455.41,83925,434,214
M001572,2026-05-26,Instagram,1798.59,166052,5983,247
M001573,2023-07-25,Meta Ads,9912.12,228435,11521,245
M001574,2025-07-01,Affiliate,16340.09,36472,1754,245
M001575,2024-08-23,Instagram,12282.93,219978,2498,6
M001576,2024-03-21,Organic Search,29084.08,19177,5429,167
M001577,2026-08-29,Affiliate,15945.52,47348,7964,137
M001578,2022-06-28,Direct,3257.24,152062,6527,183
M001579,2022-07-31,Google Ads,24188.54,214226,8818,31
M001580,2022-04-27,Direct,21674.47,285249,1949,75
M001581,2022-02-19,Direct,21503.01,289986,12075,203
M001582,2023-02-27,Meta Ads,36722.94,73179,1849,48
M001583,2024-06-28,Email,25683.2,242902,4420,190
M001584,2026-05-16,Referral,10322.7,121165,4361,185
M001585,2023-04-27,Direct,19346.37,62549,10615,204
M001586,2023-11-16,Google Ads,1916.69,206449,4171,103
M001587,2024-09-18,Direct,35113.16,63612,2303,144
M001588,2023-11-14,Meta Ads,19365.15,125733,12104,247
M001589,2022-12-06,Direct,8787.17,74759,12936,194
M001590,2022-10-22,Affiliate,24951.51,94623,3637,36
M001591,2026-04-11,Google Ads,37519.42,77566,130,102
M001592,2025-01-28,Meta Ads,9945.58,186704,8619,150
M001593,2025-07-22,Instagram,14768.72,47457,6934,242
M001594,2023-11-29,Meta Ads,36718.13,228518,7941,78
M001595,2022-07-24,Meta Ads,15769.3,289005,8478,85
M001596,2022-10-10,Organic Search,6439.19,226275,13827,221
M001597,2025-07-04,Direct,8808.99,61929,3030,173
M001598,2023-05-26,Email,2712.33,255337,7712,252
M001599,2026-05-17,Email,37791.51,291204,13153,26
M001600,2022-04-23,Organic Search,16689.06,111081,7328,210
M001601,2024-08-12,Affiliate,5247.41,202467,1147,22
M001602,2024-08-21,Direct,14072.51,135819,353,214
M001603,2024-06-06,Meta Ads,5222.89,157261,10504,162
M001604,2023-12-11,Affiliate,15197.95,230611,5564,176
M001605,2022-08-28,Affiliate,15026.69,256513,3145,224
M001606,2025-07-07,Affiliate,14776.63,281339,6729,78
M001607,2022-11-20,Referral,1719.6,25540,5650,51
M001608,2022-02-05,Meta Ads,1118.11,234659,12507,157
M001609,2026-06-09,Instagram,34568.85,155814,2380,2
M001610,2024-08-14,Email,6159.31,13047,6540,66
M001611,2022-03-23,Direct,26644.52,31447,9834,194
M001612,2024-07-09,Email,40367.01,264999,13342,169
M001613,2025-09-13,Meta Ads,30636.84,143233,7459,111
M001614,2025-07-05,Instagram,23771.57,186227,2365,100
M001615,2026-08-14,Direct,21948.32,222918,1597,93
M001616,2026-08-09,Affiliate,24978.72,207400,2204,16
M001617,2026-04-27,Direct,15779.92,95286,7275,46
M001618,2026-03-10,Organic Search,38417.41,263035,5163,72
M001619,2023-01-04,Google Ads,35532.06,220733,9679,15
M001620,2025-09-13,Referral,4044.11,148054,11731,54
M001621,2024-10-07,Referral,24862.92,275858,10831,62
M001622,2024-12-15,Affiliate,37659.68,263836,13772,71
M001623,2025-04-06,Meta Ads,20398.84,98729,9124,13
M001624,2026-02-04,Meta Ads,1240.3,229916,13950,114
M001625,2024-06-06,Referral,13677.04,278840,9483,184
M001626,2022-08-23,Email,4244.04,234220,11012,232
M001627,2022-04-28,Email,16678.89,4769,2929,116
M001628,2023-09-17,Direct,920.47,124497,6883,101
M001629,2023-12-20,Instagram,40183.2,294318,2352,130
M001630,2026-07-18,Meta Ads,40860.59,63843,435,197
M001631,2024-05-10,Direct,33174.81,224549,6142,168
M001632,2026-04-04,Email,38021.88,82684,8897,255
M001633,2025-11-14,Organic Search,9810.2,6351,3151,240
M001634,2024-02-14,Referral,38089.97,62032,10463,22
M001635,2024-12-14,Direct,40893.98,154934,11996,81
M001636,2022-05-12,Meta Ads,38426.31,266769,3917,63
M001637,2025-11-25,Referral,32613.26,60200,3299,18
M001638,2024-10-18,Affiliate,20769.25,9421,304,141
M001639,2022-04-09,Organic Search,13208.53,62637,1938,223
M001640,2022-09-09,Direct,13167.5,267609,4418,65
M001641,2024-03-31,Email,4712.47,135933,13086,76
M001642,2025-03-16,Referral,34421.04,187077,1378,243
M001643,2022-09-04,Organic Search,25895.62,135499,8024,239
M001644,2026-08-14,Affiliate,27026.47,216830,4485,184
M001645,2024-11-07,Referral,23805.93,4152,7332,200
M001646,2025-02-17,Referral,23095.64,259604,13388,86
M001647,2022-12-30,Referral,31977.22,90541,2743,203
M001648,2026-05-25,Affiliate,38900.87,61804,4583,186
M001649,2024-06-18,Referral,9459.91,18368,7953,149
M001650,2026-04-06,Instagram,27537.69,216386,3154,114
M001651,2022-11-22,Referral,38000.7,222349,9855,192
M001652,2022-03-21,Affiliate,25508.96,121865,10991,127
M001653,2024-03-19,Direct,32340.24,206006,13370,164
M001654,2026-04-11,Referral,10131.26,99538,13626,29
M001655,2023-09-21,Meta Ads,18470.04,117224,8431,168
M001656,2024-10-25,Instagram,34369.93,162184,3316,65
M001657,2026-07-24,Referral,890.41,243216,11392,169
M001658,2022-04-27,Email,39739.59,160536,308,219
M001659,2025-12-25,Google Ads,23683.33,102675,4081,252
M001660,2022-10-16,Email,41750.09,173658,4934,163
M001661,2023-08-08,Referral,28994.67,231626,13033,56
M001662,2024-12-20,Instagram,9157.54,11532,13717,39
M001663,2026-04-07,Referral,40649.37,297637,9886,44
M001664,2024-06-18,Direct,37061.38,106399,4737,58
M001665,2023-10-12,Google Ads,36686.92,212494,8302,244
M001666,2024-10-30,Email,9065.33,165921,10706,12
M001667,2025-07-01,Instagram,18777.45,131413,6097,64
M001668,2026-07-24,Referral,39533.5,119328,7334,107
M001669,2025-08-08,Instagram,10633.11,77227,5054,98
M001670,2022-09-26,Google Ads,34990.56,223160,12374,25
M001671,2025-02-11,Affiliate,19930.44,240942,8081,217
M001672,2022-02-16,Organic Search,16013.23,31885,3621,151
M001673,2024-07-11,Affiliate,6348.07,58549,11449,85
M001674,2025-07-29,Direct,26589.58,265743,13864,83
M001675,2025-02-06,Google Ads,36883.01,133180,1593,196
M001676,2023-05-10,Instagram,29630.12,139915,13585,155
M001677,2023-07-20,Instagram,6604.55,241512,7911,38
M001678,2023-10-03,Direct,5220.18,52525,1030,76
M001679,2024-06-27,Meta Ads,41852.83,20939,13126,79
M001680,2024-01-01,Instagram,32300.39,241953,8124,138
M001681,2022-02-21,Direct,874.58,133258,5951,127
M001682,2023-01-09,Organic Search,29080.31,238652,8948,104
M001683,2025-02-20,Referral,23563.62,164520,12316,131
M001684,2025-05-07,Meta Ads,24105.8,184279,1798,152
M001685,2026-08-19,Referral,26328.02,122517,10275,26
M001686,2022-12-21,Email,1760.41,237982,7806,152
M001687,2026-08-06,Referral,34864.48,12434,202,129
M001688,2023-09-03,Affiliate,13108.32,105470,1692,6
M001689,2024-05-20,Affiliate,32373.11,79925,4158,26
M001690,2023-04-23,Organic Search,21172.85,70408,12460,233
M001691,2022-02-03,Meta Ads,28454.07,66255,11802,10
M001692,2025-01-31,Direct,21211.34,128059,13209,141
M001693,2023-12-06,Referral,31662.57,296251,12493,210
M001694,2022-08-29,Organic Search,11848.42,10633,1855,161
M001695,2025-01-28,Affiliate,17520.94,165709,13932,145
M001696,2025-02-16,Affiliate,23864.04,237009,7620,167
M001697,2025-03-29,Email,30122.61,296737,4551,259
M001698,2022-11-16,Google Ads,20961.42,218786,4336,250
M001699,2022-01-22,Organic Search,10452.29,22620,7508,102
M001700,2026-08-29,Google Ads,23364.93,274828,12224,191
M001701,2024-01-21,Organic Search,19211.62,289067,9635,21
M001702,2023-06-16,Email,29131.46,24870,8879,58
M001703,2025-02-20,Organic Search,29284.19,106292,7454,7
M001704,2022-02-02,Affiliate,33898.16,60870,2124,253
M001705,2022-09-18,Direct,23268.86,297228,11113,240
M001706,2024-02-03,Referral,7752.27,178402,13474,134
M001707,2025-01-23,Instagram,4830.94,151409,3715,83
M001708,2022-09-14,Email,12152.41,135544,7339,15
M001709,2024-12-17,Google Ads,23922.82,121273,5313,137
M001710,2026-05-15,Referral,38452.38,91519,8064,101
M001711,2026-03-09,Google Ads,19925.14,22953,3848,216
M001712,2023-10-08,Direct,8220.46,138923,9088,202
M001713,2025-08-01,Organic Search,36893.23,132055,9861,92
M001714,2022-02-22,Instagram,16137.67,118928,5363,18
M001715,2022-06-03,Instagram,25229.53,269934,2102,161
M001716,2026-01-17,Organic Search,20695.17,187165,9831,65
M001717,2024-06-24,Referral,8900.83,260897,5612,253
M001718,2026-06-15,Email,38616.41,143000,11336,42
M001719,2023-06-09,Google Ads,2133.65,225485,9043,80
M001720,2023-07-26,Organic Search,22101.47,202425,2733,41
M001721,2024-03-29,Direct,34716.67,116877,9990,183
M001722,2025-08-04,Instagram,16680.61,45545,13586,233
M001723,2022-01-11,Email,15782.49,291137,13796,174
M001724,2024-09-03,Affiliate,1927.73,89574,1418,27
M001725,2024-11-03,Organic Search,41318.48,22931,11645,227
M001726,2023-04-23,Meta Ads,40983.14,122283,5856,131
M001727,2024-02-28,Referral,32625.36,78741,7053,204
M001728,2024-10-29,Organic Search,1168.66,154304,221,176
M001729,2022-07-17,Direct,23404.69,66295,11098,102
M001730,2025-08-02,Referral,1038.6,84691,7963,23
M001731,2026-04-06,Google Ads,39342.04,261388,11287,142
M001732,2024-12-21,Meta Ads,32328.62,143227,13964,68
M001733,2023-03-21,Instagram,2499.13,107487,5589,46
M001734,2025-08-16,Direct,4897.85,91726,5791,116
M001735,2026-02-11,Meta Ads,22916.86,242011,6537,203
M001736,2022-09-09,Email,27778.0,288181,5551,34
M001737,2022-06-02,Direct,21317.11,163682,711,138
M001738,2024-06-24,Google Ads,35173.14,277678,9618,163
M001739,2026-04-25,Direct,13547.46,284780,13478,116
M001740,2023-07-03,Instagram,40833.35,164224,12807,200
M001741,2024-07-05,Affiliate,28779.74,226097,13749,33
M001742,2025-04-27,Direct,11710.89,243613,5924,137
M001743,2022-10-29,Meta Ads,15856.69,47604,5069,126
M001744,2024-05-04,Referral,20418.73,149311,9947,56
M001745,2024-07-14,Affiliate,16004.17,243571,359,148
M001746,2022-06-01,Meta Ads,2466.02,286328,3755,48
M001747,2022-03-22,Instagram,30784.31,88649,6077,44
M001748,2025-03-17,Direct,23767.76,137761,258,4
M001749,2025-04-18,Affiliate,8571.74,112470,6542,123
M001750,2024-02-23,Organic Search,38759.6,83134,12876,25
M001751,2026-01-10,Affiliate,16880.67,220117,4303,75
M001752,2022-06-04,Email,29633.35,104944,7320,236
M001753,2026-08-16,Email,38071.92,272724,10748,190
M001754,2026-04-15,Meta Ads,34878.63,91423,4373,74
M001755,2024-06-18,Email,35762.41,68258,2766,180
M001756,2023-04-10,Google Ads,17212.72,122131,7785,222
M001757,2023-07-17,Organic Search,9837.24,88221,3457,168
M001758,2024-06-23,Email,31315.93,76584,3618,57
M001759,2024-11-27,Meta Ads,35857.11,256412,858,33
M001760,2024-02-28,Direct,17903.95,42658,1245,102
M001761,2024-11-14,Affiliate,21763.24,152892,8037,67
M001762,2022-09-17,Referral,19767.31,131323,9227,198
M001763,2025-04-08,Organic Search,730.8,197698,5721,69
M001764,2025-12-04,Meta Ads,29828.06,121585,1424,97
M001765,2022-09-24,Google Ads,15393.9,198676,1108,226
M001766,2025-12-28,Organic Search,15515.96,299473,8955,159
M001767,2022-09-12,Direct,23773.24,103604,12550,83
M001768,2025-07-28,Organic Search,10393.02,61634,13635,143
M001769,2022-10-29,Meta Ads,18238.69,239363,4620,241
M001770,2024-03-03,Affiliate,37383.7,81950,12731,155
M001771,2022-12-23,Google Ads,18371.0,271513,4293,251
M001772,2023-04-25,Meta Ads,2426.77,32828,1300,75
M001773,2026-03-05,Direct,2741.36,98084,2598,227
M001774,2022-04-10,Meta Ads,35287.42,81619,3344,239
M001775,2023-10-03,Direct,30094.34,152241,11505,142
M001776,2026-06-06,Affiliate,6601.87,142943,12814,222
M001777,2022-06-01,Organic Search,36518.55,216536,2442,57
M001778,2026-04-19,Instagram,29350.15,53831,4027,119
M001779,2024-07-01,Affiliate,34329.69,100339,11246,241
M001780,2024-04-28,Direct,19295.59,164449,10164,49
M001781,2024-07-17,Organic Search,40839.47,13692,4047,229
M001782,2025-06-29,Organic Search,18183.78,61914,7439,118
M001783,2026-06-06,Email,17767.38,112276,1732,5
M001784,2026-01-14,Referral,21626.34,214349,1305,149
M001785,2023-10-17,Direct,13471.22,180321,2982,218
M001786,2022-11-13,Instagram,27557.92,268141,12185,101
M001787,2023-08-23,Direct,18641.62,138554,3562,94
M001788,2024-12-11,Referral,40488.19,108611,5097,82
M001789,2026-04-20,Direct,29313.37,181895,6848,161
M001790,2023-04-29,Instagram,34664.4,186566,12600,206
M001791,2026-06-07,Referral,25875.29,122796,3908,181
M001792,2026-08-02,Affiliate,8400.81,100896,7255,169
M001793,2025-07-03,Organic Search,31419.38,210667,6084,239
M001794,2025-03-29,Email,27000.69,29689,12802,197
M001795,2025-06-20,Google Ads,17032.71,207762,9451,148
M001796,2026-04-15,Instagram,22665.08,86935,1601,113
M001797,2025-05-19,Meta Ads,17495.84,272232,13678,108
M001798,2022-06-19,Google Ads,30455.7,234981,11330,49
M001799,2025-08-10,Instagram,1393.01,43907,5654,50
M001800,2024-08-28,Affiliate,14234.99,249903,465,113
M001801,2025-09-10,Direct,40250.54,108654,2118,204
M001802,2025-05-28,Meta Ads,27231.56,230162,12453,123
M001803,2023-05-28,Direct,1535.09,183142,9585,38
M001804,2022-09-18,Email,40603.1,63104,13555,180
M001805,2022-10-06,Meta Ads,28969.57,297962,7190,163
M001806,2023-05-14,Referral,18084.83,75009,1317,78
M001807,2025-07-31,Email,1761.37,156655,6549,94
M001808,2026-08-12,Organic Search,18938.01,167063,542,253
M001809,2024-04-13,Email,6044.04,156760,6445,81
M001810,2025-09-24,Email,12196.74,270174,13871,69
M001811,2022-02-27,Google Ads,29620.42,121332,13047,197
M001812,2022-10-04,Direct,10246.2,274349,12043,158
M001813,2023-11-21,Meta Ads,3481.8,130824,7899,176
M001814,2025-03-16,Instagram,6096.83,59707,531,84
M001815,2026-06-11,Instagram,20116.36,195456,6646,63
M001816,2025-06-13,Email,3437.12,105603,5473,92
M001817,2022-09-24,Meta Ads,14519.95,235691,12974,96
M001818,2026-05-19,Direct,26696.37,207912,2813,97
M001819,2026-01-30,Meta Ads,4406.22,119204,8748,15
M001820,2022-02-03,Google Ads,11691.65,31701,13829,216
M001821,2022-10-24,Meta Ads,32498.35,176099,12493,4
M001822,2025-06-30,Google Ads,20324.96,159919,6686,18
M001823,2024-11-23,Affiliate,32440.27,87666,3289,214
M001824,2022-01-19,Email,892.73,14493,6867,139
M001825,2023-12-29,Referral,7550.63,288457,12032,6
M001826,2024-10-25,Direct,34334.34,140142,12396,159
M001827,2024-01-22,Referral,2105.07,151172,398,4
M001828,2023-04-27,Referral,18761.65,72153,8769,87
M001829,2026-03-15,Meta Ads,19976.35,196595,2378,119
M001830,2023-06-28,Email,40686.59,125358,9427,44
M001831,2026-01-13,Google Ads,22409.35,270534,609,219
M001832,2024-11-07,Direct,25162.05,209610,9006,139
M001833,2022-08-23,Instagram,4626.62,204772,12278,179
M001834,2024-04-08,Organic Search,4718.56,48603,11090,45
M001835,2024-06-16,Organic Search,6453.53,116669,11192,235
M001836,2025-08-19,Google Ads,17652.75,261104,1017,21
M001837,2022-11-01,Affiliate,17863.68,231875,13737,157
M001838,2023-12-28,Instagram,33164.67,38446,917,133
M001839,2025-11-18,Organic Search,27955.65,268822,4721,70
M001840,2025-11-04,Meta Ads,25589.76,59130,10398,212
M001841,2023-10-13,Instagram,1474.34,275858,5405,63
M001842,2026-02-22,Google Ads,28923.48,293375,2215,8
M001843,2022-02-26,Instagram,14651.25,277031,10349,220
M001844,2024-06-23,Instagram,5744.12,220438,12583,63
M001845,2022-11-02,Google Ads,9482.59,87788,12516,27
M001846,2024-12-03,Referral,19190.51,247572,11724,250
M001847,2025-05-31,Referral,30406.54,196490,5982,104
M001848,2025-10-26,Instagram,25453.67,208078,9924,162
M001849,2026-04-24,Affiliate,3780.84,35991,7497,27
M001850,2022-05-11,Google Ads,39835.13,26422,13749,190
M001851,2025-07-14,Email,7018.08,9124,8411,174
M001852,2024-11-03,Google Ads,10866.64,295258,6202,235
M001853,2024-03-18,Direct,4654.83,57879,275,147
M001854,2025-10-30,Affiliate,10624.96,191972,3892,38
M001855,2022-09-17,Direct,19744.82,22549,12221,185
M001856,2025-07-31,Affiliate,38528.55,160841,11706,33
M001857,2023-12-01,Instagram,36857.8,132751,4783,211
M001858,2024-03-12,Google Ads,8115.34,230407,13842,231
M001859,2025-02-02,Referral,14712.85,65513,10212,200
M001860,2022-10-09,Referral,34844.29,92067,6221,135
M001861,2025-04-25,Google Ads,11243.82,92853,6687,21
M001862,2022-05-22,Organic Search,41418.37,282623,12866,127
M001863,2024-09-27,Google Ads,6899.27,19587,5620,6
M001864,2023-04-19,Instagram,34960.15,133280,9734,42
M001865,2022-10-23,Email,32503.95,64026,7993,153
M001866,2025-12-02,Meta Ads,3835.95,179870,11832,122
M001867,2026-06-27,Meta Ads,14211.84,209666,7994,72
M001868,2024-09-12,Organic Search,1761.15,119647,8331,79
M001869,2024-06-22,Affiliate,2272.04,59215,11433,82
M001870,2024-04-04,Organic Search,36864.59,201798,3552,187
M001871,2024-02-19,Direct,30298.21,216460,8672,138
M001872,2026-07-20,Email,2274.46,11911,269,233
M001873,2022-05-22,Meta Ads,12845.96,134515,10802,203
M001874,2023-01-03,Referral,14723.27,287881,12346,80
M001875,2024-04-15,Email,4365.02,132507,5297,140
M001876,2024-05-07,Email,31780.08,216102,2020,176
M001877,2023-01-30,Organic Search,8460.4,73083,7088,170
M001878,2023-06-13,Organic Search,28172.15,230135,12869,3
M001879,2023-04-03,Email,13168.62,196492,1818,15
M001880,2023-03-11,Organic Search,13104.08,63247,6576,119
M001881,2023-12-30,Direct,7139.55,56070,9105,18
M001882,2023-07-13,Referral,10063.59,175836,5971,84
M001883,2023-11-22,Instagram,12446.99,200514,6070,30
M001884,2022-11-01,Email,14639.92,216439,4381,203
M001885,2023-06-09,Organic Search,36846.32,298754,12675,15
M001886,2023-08-07,Direct,14422.32,261774,7707,160
M001887,2024-12-24,Instagram,23610.0,66684,4050,38
M001888,2025-12-21,Organic Search,32470.5,139238,6334,105
M001889,2024-07-27,Affiliate,12541.14,191589,8215,206
M001890,2023-06-08,Google Ads,28455.93,279698,9429,51
M001891,2025-03-09,Instagram,24594.66,79773,499,143
M001892,2025-09-21,Meta Ads,17112.12,56332,4160,224
M001893,2025-10-15,Meta Ads,12690.13,179028,11081,89
M001894,2025-08-14,Google Ads,19296.8,80287,1758,130
M001895,2022-08-10,Email,19394.04,246571,5430,92
M001896,2024-05-15,Meta Ads,11273.73,121212,3970,92
M001897,2022-03-02,Affiliate,37775.55,231474,7845,215
M001898,2024-08-06,Email,14988.19,252985,13808,60
M001899,2022-03-02,Email,3101.7,147778,7100,36
M001900,2025-04-14,Affiliate,15666.77,197787,3133,136
M001901,2025-11-12,Organic Search,33126.91,52162,10488,65
M001902,2026-06-14,Meta Ads,19409.77,215258,12536,124
M001903,2022-11-21,Referral,36321.79,224074,6215,159
M001904,2024-02-09,Meta Ads,8208.66,266609,10187,148
M001905,2023-06-26,Google Ads,14681.97,120960,7773,26
M001906,2025-01-02,Meta Ads,17648.72,171059,10570,80
M001907,2023-10-14,Email,32087.99,211575,10571,117
M001908,2022-08-29,Direct,30099.04,144870,1101,248
M001909,2023-03-28,Email,33073.1,169065,8585,197
M001910,2024-01-12,Meta Ads,27354.36,256354,8216,156
M001911,2023-04-20,Email,37507.53,104715,2012,147
M001912,2025-09-30,Meta Ads,3091.95,296913,7789,94
M001913,2024-06-12,Email,41466.48,90560,12614,71
M001914,2026-04-11,Affiliate,23052.97,167724,6803,27
M001915,2025-04-26,Instagram,25275.78,188519,5589,212
M001916,2024-12-11,Organic Search,25303.76,79703,6532,16
M001917,2023-12-30,Affiliate,34096.52,72756,2484,102
M001918,2023-06-11,Affiliate,17410.73,63555,5489,71
M001919,2023-05-20,Meta Ads,18906.4,40263,10142,203
M001920,2023-04-25,Referral,8969.42,18038,8757,3
M001921,2026-01-22,Instagram,21307.15,4975,7924,98
M001922,2025-10-13,Referral,2658.76,14082,10850,25
M001923,2022-08-28,Organic Search,8393.48,110667,2345,3
M001924,2025-12-20,Affiliate,16751.67,80138,5176,195
M001925,2026-07-15,Email,35202.42,117025,1252,259
M001926,2024-06-20,Referral,35144.37,35772,9713,259
M001927,2022-10-10,Instagram,22465.29,47869,4102,89
M001928,2024-01-19,Email,39779.78,257335,10883,208
M001929,2023-08-14,Organic Search,25667.89,168300,11665,238
M001930,2022-10-02,Google Ads,30603.9,10548,12738,191
M001931,2022-08-28,Direct,6475.06,241005,4619,100
M001932,2023-10-21,Direct,27641.53,173122,300,228
M001933,2022-12-20,Instagram,38180.72,25881,1653,83
M001934,2023-09-21,Referral,17777.21,234434,4761,181
M001935,2023-01-21,Affiliate,41192.16,32343,13999,32
M001936,2025-08-27,Organic Search,11519.76,267431,11023,149
M001937,2022-01-14,Referral,41170.23,247933,5169,234
M001938,2025-10-08,Email,31642.93,234777,13771,228
M001939,2024-11-08,Referral,9484.85,277417,13591,156
M001940,2022-04-07,Email,29565.07,7291,10383,37
M001941,2023-09-04,Organic Search,5822.93,132159,5026,12
M001942,2026-07-28,Meta Ads,15240.13,106033,13435,89
M001943,2024-08-27,Affiliate,38304.02,67718,13707,151
M001944,2024-01-20,Email,26198.53,273462,751,144
M001945,2022-07-10,Email,27668.09,93022,4149,7
M001946,2024-11-13,Meta Ads,20803.8,225221,10940,118
M001947,2023-02-12,Google Ads,40593.71,61716,4643,198
M001948,2022-06-19,Instagram,41288.33,241074,9885,220
M001949,2025-01-17,Email,19433.21,48152,10620,130
M001950,2025-05-26,Google Ads,37864.34,266528,3254,164
M001951,2025-07-25,Instagram,36985.43,240461,6665,116
M001952,2023-11-25,Direct,39689.5,54030,4928,197
M001953,2023-12-05,Affiliate,38185.41,99854,8560,108
M001954,2024-07-23,Google Ads,34769.16,204484,5842,216
M001955,2026-08-31,Referral,17627.71,73059,9672,257
M001956,2023-08-30,Organic Search,37576.3,263902,10143,42
M001957,2026-06-22,Direct,40107.56,231937,8880,57
M001958,2024-12-16,Affiliate,8917.01,15758,7168,217
M001959,2024-12-04,Email,10389.5,255758,4448,98
M001960,2025-03-17,Affiliate,32131.47,127867,5471,193
M001961,2022-03-10,Organic Search,33646.54,37035,6307,59
M001962,2026-04-30,Meta Ads,38582.43,36331,9773,238
M001963,2022-08-31,Meta Ads,7628.36,241296,6253,35
M001964,2023-04-27,Organic Search,35095.0,275078,1364,207
M001965,2023-08-04,Google Ads,13781.28,59652,9588,33
M001966,2022-07-27,Meta Ads,19906.94,90546,10420,41
M001967,2022-11-04,Referral,6040.33,235208,8882,168
M001968,2022-12-25,Meta Ads,11909.93,81284,5622,234
M001969,2025-06-23,Google Ads,14964.6,195484,11075,219
M001970,2025-04-13,Meta Ads,7185.63,137089,12555,103
M001971,2025-08-31,Referral,23455.71,31686,7702,152
M001972,2026-05-15,Google Ads,15381.45,56318,12478,54
M001973,2023-07-17,Email,34994.7,261896,4578,52
M001974,2025-04-28,Meta Ads,35283.5,28847,5829,180
M001975,2023-06-25,Referral,25204.0,232412,9002,131
M001976,2025-10-05,Organic Search,23518.27,106600,10263,210
M001977,2026-06-07,Instagram,35705.74,176580,8746,127
M001978,2024-07-19,Meta Ads,25279.86,176750,7729,151
M001979,2023-09-13,Email,41641.31,213765,11420,111
M001980,2024-07-16,Referral,41367.6,191393,9956,185
M001981,2025-05-12,Referral,16726.37,252664,13289,19
M001982,2024-10-08,Email,33667.49,46367,6538,135
M001983,2022-10-21,Email,5955.23,59961,7722,230
M001984,2023-03-25,Affiliate,20634.29,167867,1258,68
M001985,2023-10-24,Direct,37429.9,112725,6495,253
M001986,2023-05-13,Referral,1626.27,139434,12887,68
M001987,2025-03-21,Email,8327.83,261389,5301,44
M001988,2022-11-22,Google Ads,29362.94,223056,13075,66
M001989,2026-05-12,Instagram,17624.09,94655,8079,130
M001990,2024-07-14,Email,30272.93,258002,2379,239
M001991,2023-09-02,Google Ads,22898.31,234806,6278,177
M001992,2022-02-18,Email,21949.82,167841,7487,226
M001993,2022-08-12,Organic Search,10516.95,170168,824,166
M001994,2023-07-10,Referral,31773.29,97828,13263,135
M001995,2025-02-11,Affiliate,12900.91,72228,7264,156
M001996,2026-02-07,Google Ads,19507.68,97438,13846,56
M001997,2023-10-19,Email,15937.47,188156,7494,236
M001998,2023-07-31,Email,22763.69,31795,5633,39
M001999,2023-07-20,Direct,10129.6,223329,1206,77
M002000,2022-01-02,Direct,17028.78,23493,5315,167
M002001,2026-03-21,Meta Ads,15749.11,29861,4577,31
M002002,2024-04-03,Referral,37954.54,152988,7265,130
M002003,2026-05-10,Email,18299.0,245955,5418,34
M002004,2023-07-14,Instagram,8571.07,292458,12556,4
M002005,2023-10-20,Google Ads,9711.79,171559,11265,14
M002006,2025-05-15,Meta Ads,21506.13,108259,3678,112
M002007,2023-10-20,Meta Ads,41368.2,81226,7536,257
M002008,2023-10-29,Direct,38642.82,153177,3032,234
M002009,2023-06-10,Meta Ads,1949.46,209811,4717,30
M002010,2026-05-08,Meta Ads,39208.52,183927,11663,123
M002011,2022-04-20,Organic Search,28286.06,62753,7531,204
M002012,2022-12-19,Referral,9986.78,80483,5719,44
M002013,2024-09-02,Direct,13884.35,195846,803,45
M002014,2024-12-14,Meta Ads,26445.37,114146,6458,31
M002015,2022-09-05,Referral,12030.4,184598,3977,172
M002016,2024-10-06,Meta Ads,22015.12,114127,895,97
M002017,2023-02-12,Email,23395.19,239704,6689,81
M002018,2023-09-29,Email,25040.2,198953,4774,253
M002019,2026-06-29,Email,23825.8,127642,3614,42
M002020,2024-05-05,Direct,8449.08,142841,1614,165
M002021,2025-08-30,Google Ads,14861.03,256597,5771,169
M002022,2022-06-12,Organic Search,22615.87,134761,13309,32
M002023,2022-02-28,Instagram,37509.78,35403,4564,56
M002024,2023-05-12,Organic Search,11403.51,97690,7575,90
M002025,2025-09-18,Email,16381.94,94553,9277,98
M002026,2024-02-05,Email,28451.08,14089,1281,86
M002027,2026-08-18,Direct,8034.91,287278,10082,133
M002028,2024-09-21,Email,3290.19,73105,8336,229
M002029,2026-06-28,Referral,4841.63,98562,8013,111
M002030,2022-06-07,Referral,929.1,171928,1916,154
M002031,2023-06-23,Email,3505.89,59472,9940,61
M002032,2026-04-06,Meta Ads,32125.62,124209,7661,214
M002033,2024-10-02,Organic Search,38695.46,240524,6133,97
M002034,2024-01-26,Organic Search,13152.16,227345,5886,232
M002035,2026-04-14,Google Ads,2413.96,151658,3838,46
M002036,2026-02-06,Referral,31140.14,156043,4970,25
M002037,2023-07-29,Email,39289.91,233153,13491,177
M002038,2025-09-11,Referral,14656.52,245973,7717,196
M002039,2023-10-08,Google Ads,33190.69,123617,3537,184
M002040,2024-05-12,Meta Ads,13260.43,246268,6290,25
M002041,2023-04-08,Instagram,28741.95,245807,1094,121
M002042,2022-11-24,Email,12756.87,46280,6742,40
M002043,2023-04-02,Affiliate,25375.47,61895,11347,213
M002044,2025-06-23,Organic Search,21984.94,241298,12718,227
M002045,2024-11-05,Email,5824.77,105090,12265,42
M002046,2023-12-09,Referral,22115.58,119583,6408,204
M002047,2023-07-28,Organic Search,13536.01,271036,9064,156
M002048,2024-03-20,Google Ads,9954.69,291975,776,132
M002049,2024-02-20,Direct,5014.56,54318,9090,28
M002050,2024-02-10,Referral,1287.83,24511,8261,134
M002051,2022-07-27,Direct,15968.14,142512,9416,76
M002052,2026-02-06,Instagram,33905.97,266257,520,29
M002053,2023-11-15,Email,31286.29,128079,8634,228
M002054,2022-09-15,Affiliate,15798.73,22481,1620,29
M002055,2024-08-29,Email,21369.63,10932,1886,242
M002056,2024-10-19,Meta Ads,17280.64,118996,5844,67
M002057,2026-04-27,Email,23129.17,258831,491,85
M002058,2022-04-11,Organic Search,33782.16,43308,1640,90
M002059,2026-05-12,Email,13836.48,81074,432,41
M002060,2026-07-28,Organic Search,20271.65,247614,8446,178
M002061,2022-07-10,Instagram,40390.22,58944,10244,198
M002062,2024-04-29,Meta Ads,39225.67,142454,9950,56
M002063,2025-07-03,Direct,14255.86,170566,8569,38
M002064,2024-04-26,Google Ads,12098.93,133433,210,6
M002065,2026-04-30,Email,39711.07,245927,588,56
M002066,2024-12-29,Google Ads,36000.68,84661,11855,217
M002067,2025-01-18,Google Ads,21141.48,128071,4362,64
M002068,2022-01-19,Direct,32711.18,22568,380,122
M002069,2022-10-18,Referral,5552.49,287246,3350,171
M002070,2024-12-26,Instagram,39730.58,263857,8873,80
M002071,2022-08-09,Affiliate,30512.59,217370,9906,24
M002072,2022-12-17,Email,37575.26,102020,10596,202
M002073,2025-04-03,Affiliate,34794.85,135655,11200,167
M002074,2025-07-01,Email,38089.87,170628,13907,149
M002075,2025-04-10,Referral,11625.19,67310,13167,163
M002076,2022-03-23,Email,18265.16,122234,4727,155
M002077,2022-06-28,Organic Search,25915.6,34153,11042,126
M002078,2024-05-02,Affiliate,18363.2,146943,6165,182
M002079,2023-07-12,Affiliate,1032.97,176128,752,163
M002080,2022-08-22,Meta Ads,2753.6,225022,8368,213
M002081,2025-04-22,Direct,17235.71,210070,4747,88
M002082,2024-08-30,Direct,30393.54,105255,6255,95
M002083,2025-08-04,Meta Ads,6966.21,52816,12235,96
M002084,2024-08-28,Google Ads,27942.62,5143,9838,3
M002085,2023-09-12,Affiliate,12066.11,167913,9899,144
M002086,2023-10-09,Google Ads,1233.2,48521,13099,226
M002087,2023-02-02,Organic Search,17102.96,136827,11231,79
M002088,2024-05-21,Instagram,10806.01,20808,7909,181
M002089,2024-10-19,Direct,41343.45,172424,11205,55
M002090,2024-01-11,Meta Ads,792.18,164778,9730,215
M002091,2022-07-06,Referral,17440.94,156127,8772,93
M002092,2024-07-27,Referral,2773.09,157020,11191,159
M002093,2024-10-18,Email,31185.95,102905,7595,228
M002094,2025-12-10,Direct,1084.95,242831,2492,117
M002095,2022-08-27,Organic Search,36695.91,186477,1704,172
M002096,2023-02-13,Email,1104.42,225157,1547,9
M002097,2024-03-14,Referral,38129.24,228954,7631,59
M002098,2022-07-23,Meta Ads,19039.06,283242,4518,81
M002099,2023-06-18,Direct,30372.56,157398,9350,191
M002100,2026-07-23,Referral,17369.76,295233,8436,120
M002101,2024-01-01,Instagram,29955.07,180540,2305,62
M002102,2025-08-05,Email,8131.45,130837,1041,201
M002103,2025-06-11,Referral,21456.36,124335,3904,131
M002104,2024-08-25,Referral,5825.39,232325,1049,143
M002105,2025-06-22,Organic Search,27527.24,246513,372,105
M002106,2022-06-16,Direct,6060.54,150871,8765,77
M002107,2023-03-13,Direct,15314.72,250430,11886,84
M002108,2025-04-04,Organic Search,2403.26,122886,9428,53
M002109,2022-01-21,Instagram,9177.16,168833,6329,46
M002110,2024-07-12,Affiliate,2536.29,200309,178,103
M002111,2026-05-08,Organic Search,26743.46,52311,3937,148
M002112,2025-10-15,Meta Ads,2755.9,252788,12087,88
M002113,2023-08-29,Organic Search,35510.38,121718,2317,204
M002114,2025-06-02,Instagram,17062.08,130641,4500,51
M002115,2025-08-02,Affiliate,4866.71,250204,2551,118
M002116,2026-03-29,Affiliate,27339.59,92409,11308,105
M002117,2024-09-06,Referral,27788.02,153814,7653,104
M002118,2023-03-04,Instagram,12891.09,186789,11985,145
M002119,2024-11-10,Direct,32802.41,135141,11915,123
M002120,2024-08-06,Direct,33412.65,233506,13752,120
M002121,2026-05-15,Affiliate,12716.75,3896,3030,158
M002122,2023-04-06,Direct,29842.04,234337,9192,213
M002123,2025-03-18,Direct,11023.61,186754,8896,55
M002124,2024-05-21,Meta Ads,17681.3,22768,10149,242
M002125,2023-12-19,Referral,11954.91,299311,7379,148
M002126,2026-01-24,Organic Search,11685.67,19750,5306,161
M002127,2025-05-03,Meta Ads,28481.2,128157,2576,253
M002128,2024-02-23,Google Ads,37268.3,128883,5410,213
M002129,2026-08-19,Affiliate,32878.28,203909,6559,68
M002130,2026-08-22,Google Ads,25324.38,208593,369,236
M002131,2026-06-16,Direct,22136.0,25462,3613,180
M002132,2022-06-26,Google Ads,18953.88,256426,9539,246
M002133,2022-02-20,Google Ads,24314.25,33736,10104,235
M002134,2022-08-10,Instagram,8073.85,193237,4968,158
M002135,2023-07-23,Google Ads,26614.76,15655,295,68
M002136,2026-06-02,Direct,27708.27,267706,7954,103
M002137,2022-11-16,Email,32949.38,188270,10186,9
M002138,2025-07-23,Affiliate,38931.57,48663,467,33
M002139,2022-08-05,Affiliate,17789.71,137261,6066,193
M002140,2025-04-06,Organic Search,36331.71,205143,1008,223
M002141,2023-09-04,Organic Search,41719.46,94619,5865,102
M002142,2023-12-22,Google Ads,31750.79,253569,12895,18
M002143,2024-02-21,Affiliate,18544.84,52622,1634,169
M002144,2022-12-11,Direct,33420.11,268790,10717,4
M002145,2024-10-06,Instagram,2691.35,199806,5103,200
M002146,2022-01-10,Email,40146.76,17588,6828,230
M002147,2022-05-30,Referral,40382.81,281258,132,219
M002148,2024-03-21,Direct,9794.43,283776,6669,206
M002149,2022-09-10,Referral,20070.1,88877,10139,38
M002150,2025-03-23,Referral,40205.74,220837,2907,220
M002151,2025-10-02,Email,30316.03,139395,2051,156
M002152,2025-10-10,Meta Ads,31225.19,4214,12572,179
M002153,2025-05-24,Referral,38196.64,38209,7430,149
M002154,2026-05-26,Instagram,7601.85,7402,12901,44
M002155,2025-04-16,Referral,18496.21,174445,5602,149
M002156,2026-08-30,Meta Ads,11697.15,169140,9222,175
M002157,2022-05-15,Referral,1327.9,156182,11687,175
M002158,2024-05-24,Instagram,5560.3,184099,13717,49
M002159,2024-07-09,Organic Search,37392.44,170265,444,144
M002160,2026-06-16,Instagram,36693.42,101037,13765,204
M002161,2025-12-26,Direct,27774.74,130039,10627,226
M002162,2026-07-31,Google Ads,23084.65,127241,10290,43
M002163,2025-09-28,Direct,40968.68,219023,11828,203
M002164,2023-02-19,Instagram,1846.44,222470,11757,41
M002165,2022-10-28,Referral,7400.59,54273,7370,188
M002166,2025-10-06,Meta Ads,31506.54,86325,13342,247
M002167,2025-08-18,Affiliate,20797.44,202948,11517,147
M002168,2024-01-15,Email,24812.25,298699,9913,89
M002169,2023-06-14,Direct,8034.13,254181,2389,8
M002170,2023-01-06,Meta Ads,18868.85,148777,10511,112
M002171,2025-07-20,Instagram,23962.65,156047,5478,228
M002172,2023-01-29,Google Ads,4945.97,252366,5107,200
M002173,2024-08-18,Direct,25603.8,69509,2472,43
M002174,2024-08-22,Google Ads,25124.32,98061,3039,186
M002175,2026-01-08,Instagram,30160.66,268842,6705,233
M002176,2024-08-31,Instagram,8554.3,168116,843,97
M002177,2023-04-05,Direct,10786.12,233105,3131,157
M002178,2022-09-05,Instagram,39891.85,124045,2095,191
M002179,2026-04-07,Email,10697.25,150820,9644,22
M002180,2024-08-28,Affiliate,29974.0,196648,12657,173
M002181,2022-02-25,Email,27787.8,171627,4696,80
M002182,2022-02-10,Email,11278.26,159115,12292,241
M002183,2025-06-18,Direct,40619.66,137121,9935,224
M002184,2026-04-01,Instagram,26205.06,16971,1208,213
M002185,2026-03-05,Direct,26095.42,113392,5781,220
M002186,2023-09-16,Google Ads,17634.46,230849,6139,109
M002187,2024-07-23,Organic Search,5295.01,113888,12642,67
M002188,2026-06-23,Referral,6921.06,82443,12632,188
M002189,2022-09-02,Google Ads,11193.68,179557,11652,53
M002190,2024-06-30,Affiliate,40444.81,125780,11783,216
M002191,2023-05-04,Email,24933.15,223082,5980,129
M002192,2022-02-19,Instagram,22609.17,51203,12847,138
M002193,2025-09-26,Instagram,38935.78,68795,11441,57
M002194,2025-03-17,Email,23505.1,15897,868,71
M002195,2023-12-14,Organic Search,37227.09,240774,11029,41
M002196,2025-02-10,Instagram,33830.81,298536,3167,149
M002197,2025-02-28,Direct,22356.43,276662,7943,20
M002198,2024-09-21,Organic Search,918.34,69833,4641,47
M002199,2025-04-06,Instagram,41026.6,278539,668,234
M002200,2024-10-26,Organic Search,35319.38,125749,13653,101
M002201,2024-07-05,Affiliate,32042.04,264342,10394,29
M002202,2024-10-19,Affiliate,41236.36,215826,7649,105
M002203,2025-01-09,Email,34425.73,173840,7687,217
M002204,2023-05-06,Referral,664.63,201360,294,138
M002205,2025-03-12,Google Ads,40021.78,24571,9300,225
M002206,2026-05-20,Meta Ads,26022.95,104540,3794,242
M002207,2022-12-06,Email,4797.36,262080,374,172
M002208,2023-05-06,Direct,37159.78,115516,8154,153
M002209,2024-11-30,Meta Ads,3353.53,294056,4941,58
M002210,2025-09-29,Direct,27003.73,184971,8934,22
M002211,2024-08-13,Google Ads,30487.88,246229,5159,99
M002212,2026-04-12,Email,40117.75,98172,12193,80
M002213,2026-05-27,Email,23137.6,278030,7980,92
M002214,2023-06-25,Direct,32327.06,31232,4981,130
M002215,2023-11-19,Organic Search,27717.5,27670,4944,249
M002216,2022-08-13,Meta Ads,34785.84,94418,12843,182
M002217,2023-12-14,Google Ads,7780.46,189648,11492,197
M002218,2025-01-31,Direct,19809.6,213342,11181,140
M002219,2023-06-23,Google Ads,31170.6,113493,10308,216
M002220,2023-12-07,Affiliate,15436.59,17233,3522,183
M002221,2025-07-15,Email,38019.99,112019,5736,205
M002222,2022-04-21,Meta Ads,39515.29,137263,1315,182
M002223,2026-07-03,Direct,3587.3,138307,2754,65
M002224,2026-03-01,Direct,29100.67,283255,5146,118
M002225,2024-04-14,Email,11160.1,201478,2879,203
M002226,2025-03-05,Google Ads,25742.11,88296,9317,103
M002227,2023-02-15,Google Ads,27893.41,146910,6138,255
M002228,2026-02-11,Email,39524.27,134269,4887,249
M002229,2026-04-12,Organic Search,25182.98,94222,13894,113
M002230,2023-10-22,Affiliate,25222.73,190338,11237,68
M002231,2025-10-05,Affiliate,37410.06,239689,6355,110
M002232,2022-11-14,Email,29181.59,6075,204,88
M002233,2026-03-19,Google Ads,38414.43,274791,6604,249
M002234,2026-01-12,Instagram,40894.34,263916,8616,253
M002235,2025-01-31,Organic Search,33143.33,153398,7371,162
M002236,2023-07-17,Meta Ads,18357.77,34837,4027,12
M002237,2025-11-03,Direct,33664.02,14491,2609,85
M002238,2022-07-25,Meta Ads,4363.53,223640,11565,66
M002239,2023-11-22,Organic Search,9458.44,182276,13188,199
M002240,2024-06-13,Direct,41228.91,99582,10655,253
M002241,2022-07-17,Organic Search,21897.13,136660,13010,178
M002242,2024-04-06,Affiliate,33876.59,235221,13251,118
M002243,2025-05-02,Meta Ads,6526.74,39588,1797,10
M002244,2023-09-20,Organic Search,29290.14,4305,2736,95
M002245,2025-05-30,Affiliate,28338.38,269205,10181,204
M002246,2024-04-23,Referral,17198.08,255389,8632,110
M002247,2023-03-17,Affiliate,37311.12,238802,202,30
M002248,2024-12-27,Organic Search,9548.46,189011,8011,147
M002249,2022-04-02,Meta Ads,11088.01,32664,1506,14
M002250,2022-05-26,Organic Search,731.46,14715,13935,42
M002251,2023-11-07,Affiliate,30481.33,125523,1893,176
M002252,2024-06-04,Organic Search,33397.57,268530,1228,33
M002253,2022-02-01,Google Ads,39978.86,139235,4891,42
M002254,2024-12-24,Google Ads,40417.35,111977,12262,124
M002255,2022-07-09,Affiliate,19493.2,32837,11481,143
M002256,2024-01-19,Affiliate,17658.1,285968,10652,193
M002257,2024-10-28,Meta Ads,28607.01,207451,12913,37
M002258,2024-06-29,Affiliate,21490.57,27556,8350,104
M002259,2025-10-21,Email,10686.93,123647,7984,244
M002260,2024-03-27,Email,36989.95,175614,6792,177
M002261,2023-02-14,Google Ads,38760.76,215474,6019,52
M002262,2023-05-15,Organic Search,38191.11,124089,5746,82
M002263,2023-08-18,Email,5217.56,228858,2079,47
M002264,2023-12-18,Organic Search,12802.7,35636,13090,145
M002265,2026-02-04,Direct,36382.54,151724,4722,92
M002266,2022-02-04,Instagram,20641.67,62100,5753,257
M002267,2023-11-08,Affiliate,39123.05,119995,1557,27
M002268,2025-06-21,Affiliate,21454.01,14065,13328,5
M002269,2022-03-28,Direct,32339.45,87524,950,239
M002270,2022-08-08,Meta Ads,29056.03,48829,3578,128
M002271,2023-10-07,Direct,4035.54,235369,537,174
M002272,2025-05-09,Organic Search,13698.19,201488,11753,179
M002273,2023-09-03,Google Ads,17340.68,260834,2802,24
M002274,2023-11-10,Meta Ads,32951.79,244221,1609,28
M002275,2024-03-10,Affiliate,34634.74,83287,8396,93
M002276,2024-11-15,Email,16456.1,246423,13982,138
M002277,2025-04-09,Email,24523.81,289126,1763,143
M002278,2024-01-28,Google Ads,15658.55,92856,11406,105
M002279,2023-03-30,Google Ads,12379.57,80614,9951,239
M002280,2024-12-13,Meta Ads,39732.56,56572,5409,131
M002281,2025-12-23,Meta Ads,27635.13,70336,287,89
M002282,2024-10-27,Google Ads,32431.21,93824,6375,6
M002283,2022-10-11,Referral,38510.32,234026,2004,27
M002284,2022-01-25,Instagram,20414.57,207535,12303,5
M002285,2025-05-24,Instagram,18273.85,153707,6051,134
M002286,2025-05-29,Organic Search,8138.82,91123,7438,142
M002287,2026-02-12,Direct,16918.53,179205,4472,206
M002288,2025-07-06,Instagram,27459.09,214695,943,116
M002289,2022-08-29,Google Ads,40657.88,180107,6540,204
M002290,2025-10-23,Organic Search,37414.26,30641,9207,234
M002291,2025-08-21,Google Ads,3212.01,216483,8087,178
M002292,2022-03-30,Referral,37188.8,81836,764,141
M002293,2022-10-10,Affiliate,27556.98,155653,2441,229
M002294,2026-07-24,Email,10621.34,257735,3925,248
M002295,2026-04-01,Google Ads,20441.69,33473,4680,26
M002296,2025-01-02,Google Ads,11691.22,25474,4640,193
M002297,2022-10-24,Google Ads,15208.49,197608,7849,57
M002298,2024-09-26,Referral,11156.16,91011,7977,59
M002299,2026-08-29,Referral,41314.74,190580,5374,49
M002300,2023-08-29,Email,3793.65,68890,4974,125
M002301,2026-07-21,Affiliate,4947.52,158829,12135,95
M002302,2024-02-14,Google Ads,23648.83,112435,7598,30
M002303,2022-03-25,Direct,16302.76,206371,4616,31
M002304,2023-10-06,Email,37049.7,49621,6965,37
M002305,2023-12-24,Referral,7273.16,275994,6751,224
M002306,2024-12-10,Direct,21595.34,18176,7798,240
M002307,2023-10-12,Organic Search,33977.23,122276,13005,57
M002308,2025-01-16,Organic Search,40460.22,224586,2314,241
M002309,2026-06-08,Email,25016.87,232710,9311,253
M002310,2023-10-14,Instagram,21306.69,251771,5323,100
M002311,2022-01-08,Affiliate,35000.14,110644,5171,178
M002312,2024-08-03,Meta Ads,12748.43,71258,9875,205
M002313,2023-12-01,Instagram,4168.62,157665,6131,36
M002314,2025-11-03,Meta Ads,676.19,153161,13431,242
M002315,2026-02-04,Referral,6050.62,28086,12197,183
M002316,2026-08-22,Email,39302.61,128974,1558,124
M002317,2022-05-23,Referral,32056.09,100952,11237,167
M002318,2025-08-20,Referral,24094.44,40424,2379,205
M002319,2025-02-28,Email,8094.01,177519,9553,181
M002320,2024-03-12,Instagram,12786.96,222085,12360,109
M002321,2026-07-31,Referral,11745.55,121214,9245,160
M002322,2023-08-10,Meta Ads,39005.49,236579,826,40
M002323,2025-09-05,Google Ads,1847.21,200851,5650,19
M002324,2024-07-18,Google Ads,34235.14,293610,5979,212
M002325,2022-12-07,Google Ads,1375.22,290622,11951,124
M002326,2022-01-12,Affiliate,16722.87,230220,10784,41
M002327,2025-12-08,Organic Search,28465.35,156272,10511,97
M002328,2026-01-15,Instagram,27290.18,9983,4823,35
M002329,2025-11-04,Referral,11695.25,174447,11645,228
M002330,2026-03-21,Direct,5902.34,200169,7543,171
M002331,2026-04-17,Direct,2864.8,233501,10541,164
M002332,2026-07-08,Direct,24337.12,101373,13024,172
M002333,2024-09-30,Meta Ads,35479.13,75066,8022,147
M002334,2025-04-07,Email,31713.83,59110,5132,135
M002335,2022-12-17,Direct,29537.19,172210,9599,195
M002336,2026-03-10,Direct,20637.84,96622,8377,21
M002337,2024-03-31,Affiliate,16528.2,164598,6984,160
M002338,2026-08-13,Google Ads,40865.84,33242,12258,139
M002339,2026-06-13,Organic Search,26799.58,203024,7628,61
M002340,2024-08-13,Direct,4195.84,63642,5451,22
M002341,2026-08-29,Organic Search,8159.53,253746,4490,145
M002342,2025-02-24,Google Ads,14977.17,89950,8400,125
M002343,2022-09-25,Affiliate,16010.04,259386,1428,173
M002344,2024-02-06,Email,34162.07,187096,7545,66
M002345,2023-07-29,Affiliate,39840.57,290134,8604,258
M002346,2022-10-01,Organic Search,36595.1,154238,2799,234
M002347,2024-10-15,Affiliate,6218.73,95258,3517,165
M002348,2025-05-06,Referral,11803.9,241215,5185,211
M002349,2026-05-06,Meta Ads,7484.29,8777,11883,4
M002350,2025-04-10,Email,5400.47,110544,2217,210
M002351,2022-05-11,Meta Ads,26030.27,159139,7793,54
M002352,2026-04-01,Instagram,37304.17,66147,13001,204
M002353,2023-03-05,Email,18551.49,178638,1318,131
M002354,2022-06-13,Google Ads,19277.69,213036,3777,71
M002355,2022-07-04,Google Ads,26170.18,211886,5352,30
M002356,2024-12-03,Direct,32982.52,88168,6819,256
M002357,2025-04-25,Direct,36114.16,38595,3995,187
M002358,2023-11-17,Email,28417.03,175117,8879,243
M002359,2023-03-26,Organic Search,7546.55,125259,4464,201
M002360,2024-06-12,Referral,35355.22,18280,695,26
M002361,2022-01-15,Direct,8803.75,82726,13437,97
M002362,2026-04-08,Google Ads,13953.2,291631,8065,103
M002363,2023-01-21,Referral,3421.87,16606,1435,39
M002364,2026-05-01,Direct,20202.03,64413,10152,231
M002365,2024-02-23,Email,1537.52,183180,10937,249
M002366,2025-11-15,Google Ads,32676.87,249379,9198,58
M002367,2025-03-04,Direct,17650.35,235000,5506,110
M002368,2024-03-18,Google Ads,33131.81,170386,10501,161
M002369,2024-12-15,Organic Search,28710.08,241298,13212,220
M002370,2025-09-29,Direct,29495.29,160531,7974,10
M002371,2022-11-21,Meta Ads,41505.74,27608,996,111
M002372,2026-05-30,Affiliate,23688.06,285848,5669,121
M002373,2025-11-08,Affiliate,27486.68,40607,5581,126
M002374,2022-04-08,Instagram,18307.92,251129,12255,144
M002375,2025-10-27,Affiliate,33815.4,269108,5638,104
M002376,2025-05-05,Direct,38258.73,14462,4520,137
M002377,2026-06-02,Affiliate,21906.76,213309,3534,54
M002378,2025-06-09,Affiliate,40749.26,254341,9323,106
M002379,2024-03-02,Direct,10082.8,57904,5647,177
M002380,2025-05-31,Google Ads,32155.23,222515,9544,186
M002381,2026-02-26,Meta Ads,22628.85,12830,8021,220
M002382,2023-06-18,Google Ads,27193.58,293292,1933,168
M002383,2026-04-25,Direct,24775.77,63999,13747,150
M002384,2025-01-13,Instagram,34143.65,233519,12790,255
M002385,2024-07-14,Referral,12067.06,99937,12274,6
M002386,2025-12-12,Organic Search,25540.62,212093,6415,119
M002387,2025-08-09,Email,14294.8,45158,10750,32
M002388,2025-11-30,Instagram,5068.76,270145,5931,218
M002389,2026-07-20,Affiliate,15558.12,235414,11639,145
M002390,2024-07-21,Organic Search,30261.68,81185,10539,22
M002391,2024-07-19,Meta Ads,12832.22,211073,4361,41
M002392,2024-07-26,Email,17046.86,130201,3288,246
M002393,2023-10-01,Email,41410.12,204418,7487,60
M002394,2024-01-16,Google Ads,39519.78,18631,8208,52
M002395,2025-09-28,Organic Search,3981.95,205964,13962,70
M002396,2024-07-15,Referral,41633.0,284530,8665,49
M002397,2024-10-18,Referral,14753.65,293723,9376,104
M002398,2026-06-03,Organic Search,18733.76,166683,11421,140
M002399,2022-07-06,Email,29875.39,284730,9614,163
M002400,2026-06-25,Affiliate,15240.61,291576,11621,204
M002401,2023-10-21,Google Ads,23251.86,277531,12566,83
M002402,2024-05-16,Referral,35527.43,108763,7956,86
M002403,2024-03-25,Google Ads,41881.99,230329,5500,216
M002404,2024-05-20,Google Ads,15707.17,266056,4468,174
M002405,2022-04-03,Meta Ads,18912.73,116398,11567,94
M002406,2025-05-28,Referral,33341.4,206621,7921,250
M002407,2022-02-15,Email,15783.11,277661,7052,94
M002408,2026-01-08,Referral,8531.75,173065,2197,218
M002409,2025-09-16,Instagram,17081.71,242459,2745,109
M002410,2022-06-19,Organic Search,9268.34,274533,829,77
M002411,2023-04-16,Meta Ads,32390.32,213933,4401,199
M002412,2022-04-08,Affiliate,12822.0,204778,5548,180
M002413,2023-05-25,Google Ads,10426.84,136694,11078,8
M002414,2022-11-08,Meta Ads,27377.08,26991,6048,59
M002415,2022-04-22,Meta Ads,9280.63,218741,13287,42
M002416,2022-09-05,Meta Ads,795.21,236987,5873,2
M002417,2023-07-26,Affiliate,40901.17,120452,13761,179
M002418,2023-04-01,Instagram,36698.36,43542,11777,35
M002419,2023-05-03,Meta Ads,2806.54,163972,3207,163
M002420,2022-06-26,Referral,30197.49,94513,10370,226
M002421,2022-08-16,Google Ads,7514.54,151525,9284,222
M002422,2022-05-02,Direct,22502.22,275214,13118,101
M002423,2023-11-01,Affiliate,2293.9,224335,10439,3
M002424,2023-12-15,Meta Ads,27650.22,94801,6674,159
M002425,2025-02-24,Affiliate,32089.62,252381,11838,127
M002426,2023-01-31,Referral,23467.72,240434,9409,24
M002427,2023-08-26,Direct,24751.99,115940,8018,249
M002428,2022-01-08,Organic Search,36659.67,223385,5458,248
M002429,2022-05-03,Email,12858.38,299154,8170,54
M002430,2022-07-01,Google Ads,13165.72,150018,5467,59
M002431,2023-02-03,Direct,11846.51,111069,7823,70
M002432,2024-09-26,Google Ads,38187.97,182976,7164,131
M002433,2025-01-13,Instagram,9737.69,103382,10323,125
M002434,2025-09-13,Google Ads,10344.35,38950,10952,15
M002435,2025-10-13,Google Ads,7353.15,29935,873,168
M002436,2023-04-12,Google Ads,3705.61,248996,13907,9
M002437,2024-10-07,Meta Ads,32973.65,131076,7353,159
M002438,2024-02-16,Direct,25999.05,198662,3933,206
M002439,2023-03-07,Direct,37254.44,51258,2392,6
M002440,2025-05-20,Referral,39181.88,108763,6675,154
M002441,2025-07-15,Organic Search,18934.46,222027,4914,257
M002442,2025-01-19,Email,5388.92,252871,9544,145
M002443,2026-07-17,Referral,39024.32,234588,6864,34
M002444,2024-06-07,Organic Search,11740.9,257306,1724,79
M002445,2025-07-01,Meta Ads,26989.13,199992,2994,89
M002446,2023-10-13,Direct,17582.72,292982,13179,170
M002447,2025-02-26,Meta Ads,8307.41,40044,2776,232
M002448,2026-08-23,Email,37619.06,19294,6849,52
M002449,2024-06-23,Organic Search,13172.99,222088,12863,28
M002450,2024-10-13,Instagram,33352.11,296013,11614,58
M002451,2022-11-10,Affiliate,14877.17,76595,5293,246
M002452,2022-06-04,Organic Search,33655.92,295855,8805,114
M002453,2024-11-18,Instagram,26801.76,177428,7936,174
M002454,2022-08-13,Referral,35919.42,199120,13848,105
M002455,2024-09-21,Referral,14485.03,81852,10592,219
M002456,2024-11-04,Google Ads,11667.54,151813,1838,100
M002457,2022-07-03,Referral,10980.17,256278,731,69
M002458,2022-12-14,Email,1689.16,69557,13641,122
M002459,2025-09-23,Organic Search,1947.37,241387,5175,39
M002460,2024-01-12,Direct,21720.6,120298,6183,233
M002461,2024-08-10,Instagram,39389.27,111496,11029,45
M002462,2024-08-11,Email,28689.31,189340,3349,240
M002463,2026-03-03,Google Ads,23378.66,178022,7133,29
M002464,2026-03-25,Google Ads,36785.33,217539,3488,76
M002465,2023-10-01,Meta Ads,15052.76,253085,12667,67
M002466,2026-06-21,Organic Search,19868.48,282087,6956,177
M002467,2026-08-24,Meta Ads,15063.78,264531,3182,34
M002468,2023-01-21,Email,32168.41,46212,1817,223
M002469,2023-08-24,Referral,40491.4,181716,11870,107
M002470,2025-01-09,Meta Ads,27955.97,95465,1116,46
M002471,2024-06-10,Direct,23065.96,158869,10611,49
M002472,2025-08-25,Direct,37170.18,52890,10728,183
M002473,2022-07-30,Email,2129.58,247810,13999,244
M002474,2026-05-17,Email,6490.33,137716,4530,150
M002475,2024-11-05,Google Ads,9069.44,33938,10358,179
M002476,2022-07-22,Google Ads,4908.26,281151,1929,256
M002477,2024-04-05,Meta Ads,11963.13,243613,8647,2
M002478,2026-07-28,Direct,15517.45,137819,3759,92
M002479,2024-06-13,Referral,23675.7,273113,5186,108
M002480,2024-12-22,Google Ads,1174.86,149328,8106,97
M002481,2023-10-08,Referral,30525.75,237762,1012,25
M002482,2024-05-28,Organic Search,7326.42,96460,842,201
M002483,2025-06-30,Referral,37165.16,74925,2840,249
M002484,2024-03-01,Instagram,29469.15,233469,4723,92
M002485,2022-01-21,Meta Ads,39457.63,5272,3895,103
M002486,2022-09-25,Referral,30180.92,198636,4953,95
M002487,2022-04-07,Affiliate,4339.73,8459,9298,232
M002488,2023-03-10,Referral,15625.28,5381,13343,220
M002489,2024-05-30,Affiliate,26477.21,195710,1951,234
M002490,2024-04-29,Instagram,9543.0,32184,8427,164
M002491,2025-05-02,Instagram,18543.79,165681,4709,225
M002492,2024-09-05,Google Ads,40778.3,273585,7145,125
M002493,2025-07-10,Referral,37737.32,136675,10431,148
M002494,2023-07-27,Instagram,2769.28,109303,3639,256
M002495,2026-01-09,Organic Search,17898.38,292528,4887,158
M002496,2022-09-23,Google Ads,38554.65,37391,4805,126
M002497,2023-12-16,Email,15267.79,82305,12126,12
M002498,2026-02-23,Google Ads,41911.94,157825,9039,210
M002499,2023-06-02,Direct,17908.62,285298,7558,184
M002500,2022-09-22,Meta Ads,20020.9,221698,1919,20
M002501,2024-03-05,Organic Search,16042.5,231418,6992,218
M002502,2023-06-29,Direct,5359.91,121105,10333,209
M002503,2023-11-13,Direct,30908.56,135945,10724,234
M002504,2026-05-23,Email,29632.37,182519,3062,83
M002505,2024-12-29,Referral,978.21,257730,5743,98
M002506,2026-07-10,Direct,10311.95,81925,7594,70
M002507,2022-12-07,Email,26083.0,84516,732,125
M002508,2026-04-17,Email,29868.63,6791,11265,109
M002509,2022-11-28,Google Ads,38812.01,39780,3241,70
M002510,2024-06-21,Google Ads,15320.37,172532,10780,192
M002511,2024-07-25,Instagram,10402.98,244066,1216,28
M002512,2022-12-04,Email,5464.67,213161,5292,175
M002513,2024-09-23,Organic Search,25863.33,72983,10470,200
M002514,2023-12-14,Instagram,7432.15,122015,12819,162
M002515,2026-07-17,Google Ads,13601.79,42251,12970,165
M002516,2026-07-29,Organic Search,28319.98,77686,11876,59
M002517,2024-01-21,Organic Search,38966.62,145994,11715,187
M002518,2023-10-18,Email,39053.29,16297,12012,21
M002519,2022-04-11,Affiliate,41803.88,122158,3660,89
M002520,2022-05-26,Google Ads,15460.73,219919,12007,252
M002521,2025-04-15,Email,6198.94,131668,5588,57
M002522,2023-06-28,Google Ads,22484.07,246844,11912,240
M002523,2022-02-03,Instagram,37641.52,228753,7908,199
M002524,2026-02-03,Direct,22395.61,237987,1261,223
M002525,2023-12-30,Meta Ads,39751.36,25651,1783,151
M002526,2023-08-17,Instagram,12326.91,271723,10935,22
M002527,2022-05-26,Instagram,32797.5,118424,4727,111
M002528,2025-01-27,Email,21505.7,64770,5524,113
M002529,2026-05-09,Referral,6812.48,167088,12346,125
M002530,2023-11-22,Referral,7629.55,210568,3761,119
M002531,2023-06-08,Instagram,20407.67,167763,6353,85
M002532,2024-08-30,Email,37439.09,168248,10185,153
M002533,2026-01-02,Instagram,41946.6,196836,1483,13
M002534,2025-02-14,Direct,7395.45,191009,4303,49
M002535,2022-03-22,Affiliate,36933.68,256503,395,110
M002536,2022-08-22,Google Ads,2280.1,160590,7549,153
M002537,2023-03-31,Google Ads,3682.44,263671,1945,89
M002538,2024-12-04,Direct,10716.5,220913,4725,129
M002539,2025-11-14,Organic Search,16979.17,140281,7116,116
M002540,2025-06-09,Organic Search,9919.26,137070,3590,112
M002541,2022-03-12,Google Ads,33258.56,81651,8955,169
M002542,2025-07-16,Instagram,21874.47,227508,7337,21
M002543,2022-12-10,Instagram,7434.64,74935,8751,8
M002544,2023-03-09,Instagram,41904.51,75275,7374,254
M002545,2024-08-29,Direct,25568.36,165250,2554,88
M002546,2023-12-05,Organic Search,12725.79,248936,3895,116
M002547,2026-06-02,Meta Ads,29962.34,157255,4516,58
M002548,2026-05-03,Meta Ads,41676.49,275912,5230,168
M002549,2025-08-06,Affiliate,38946.35,267418,10940,134
M002550,2026-04-22,Email,20943.39,189982,11369,107
M002551,2026-06-02,Meta Ads,6977.33,235259,9484,146
M002552,2026-04-25,Organic Search,40168.25,119333,6399,239
M002553,2025-09-20,Instagram,33382.64,78833,452,111
M002554,2022-09-08,Organic Search,14596.65,20948,9562,165
M002555,2026-06-13,Email,34060.99,223163,5495,165
M002556,2024-02-05,Affiliate,36261.48,65231,7058,235
M002557,2024-05-04,Direct,17013.43,87594,3769,138
M002558,2022-12-10,Meta Ads,7780.06,64850,10012,208
M002559,2023-06-19,Google Ads,15927.09,128314,13571,4
M002560,2026-03-29,Meta Ads,29977.27,6698,12519,117
M002561,2023-10-06,Google Ads,37255.72,292136,1678,243
M002562,2024-11-25,Google Ads,4314.03,103866,5529,91
M002563,2026-04-27,Meta Ads,27758.31,101894,7360,224
M002564,2023-02-18,Organic Search,16268.27,188025,10976,84
M002565,2026-04-02,Instagram,31839.87,206662,1392,100
M002566,2022-12-14,Instagram,5197.47,288099,2888,201
M002567,2025-05-28,Meta Ads,21628.75,24090,8356,73
M002568,2022-09-12,Affiliate,39011.29,140145,4887,130
M002569,2025-10-22,Meta Ads,14341.11,66825,7263,98
M002570,2025-12-24,Affiliate,19084.13,142898,7285,215
M002571,2024-07-20,Google Ads,15179.16,169320,11496,96
M002572,2025-12-27,Google Ads,24551.47,36330,8732,170
M002573,2025-10-27,Affiliate,40675.11,16112,5915,7
M002574,2022-08-17,Referral,25263.28,15763,4759,59
M002575,2025-04-14,Meta Ads,33549.49,216453,4435,18
M002576,2024-06-30,Instagram,5787.02,287490,9253,94
M002577,2024-07-27,Google Ads,15538.88,263308,5528,63
M002578,2026-05-30,Direct,6504.75,109328,4192,137
M002579,2023-11-09,Affiliate,24839.55,268125,9463,185
M002580,2022-05-06,Instagram,13060.06,252777,6452,75
M002581,2026-01-27,Meta Ads,17052.89,54823,8613,155
M002582,2024-10-02,Email,7354.9,167796,7159,98
M002583,2023-05-11,Google Ads,4762.98,108223,7670,94
M002584,2024-06-03,Organic Search,26221.46,196954,935,213
M002585,2022-03-09,Organic Search,11687.53,113278,4282,91
M002586,2023-10-20,Affiliate,29959.54,257628,6895,89
M002587,2022-03-02,Direct,15476.2,147929,5432,156
M002588,2024-08-18,Google Ads,26183.36,191532,540,43
M002589,2022-01-10,Affiliate,37591.45,238644,7912,188
M002590,2025-09-25,Meta Ads,30740.22,173872,122,81
M002591,2025-09-07,Instagram,22633.28,247414,13383,241
M002592,2023-03-21,Referral,9044.05,25153,12152,50
M002593,2026-03-13,Organic Search,37857.72,284553,13853,14
M002594,2022-04-02,Meta Ads,37915.59,278418,13976,255
M002595,2025-06-03,Referral,5983.43,273165,5089,120
M002596,2024-05-24,Affiliate,35733.16,119819,6508,100
M002597,2025-08-21,Affiliate,2637.06,219882,10459,149
M002598,2025-11-24,Affiliate,4741.42,274748,1553,180
M002599,2022-01-25,Organic Search,16199.84,99075,11799,217
M002600,2026-08-02,Organic Search,4578.34,167438,8654,5
M002601,2025-05-25,Direct,32994.58,221800,931,94
M002602,2023-11-25,Affiliate,29816.38,272772,8318,246
M002603,2022-04-30,Affiliate,6261.01,36592,9580,170
M002604,2025-06-21,Organic Search,12135.11,224957,5530,228
M002605,2023-08-12,Direct,2444.65,268582,7699,254
M002606,2022-10-26,Email,40740.68,60102,9664,124
M002607,2024-11-30,Affiliate,26201.36,179391,8190,210
M002608,2022-10-27,Email,21371.89,12647,8649,168
M002609,2024-08-08,Instagram,21985.11,245496,476,158
M002610,2024-04-30,Affiliate,3269.74,145740,8013,91
M002611,2024-12-04,Organic Search,8272.88,99905,8272,161
M002612,2022-02-21,Affiliate,4971.72,211486,3109,74
M002613,2024-11-23,Meta Ads,27917.51,49747,5024,31
M002614,2022-05-17,Google Ads,2545.92,248583,3553,207
M002615,2023-04-04,Referral,4525.31,225391,7906,146
M002616,2023-02-07,Instagram,7946.18,55294,8429,224
M002617,2024-10-27,Affiliate,5734.58,126705,4807,92
M002618,2025-10-17,Affiliate,24462.62,30572,1720,215
M002619,2024-04-05,Instagram,26747.85,146323,1909,216
M002620,2022-12-12,Organic Search,40621.32,9591,7035,155
M002621,2025-11-20,Email,20691.74,136836,383,86
M002622,2024-08-05,Email,7350.03,140005,2794,17
M002623,2024-09-14,Affiliate,671.55,250310,9802,162
M002624,2026-01-15,Google Ads,33237.04,13473,151,205
M002625,2025-08-23,Affiliate,27504.92,279401,10782,56
M002626,2023-08-18,Organic Search,18665.93,265002,13770,234
M002627,2025-05-28,Google Ads,34658.7,205046,6678,228
M002628,2026-08-28,Instagram,16244.99,251134,13478,252
M002629,2023-10-04,Email,14408.47,48303,1174,128
M002630,2025-11-21,Email,37707.26,145238,7290,7
M002631,2022-01-08,Affiliate,33603.0,201202,13756,109
M002632,2025-08-22,Google Ads,2461.07,141982,12052,174
M002633,2024-05-07,Organic Search,7861.76,248606,7290,57
M002634,2023-05-05,Meta Ads,38868.79,155051,11190,203
M002635,2025-10-11,Affiliate,24531.62,275197,930,73
M002636,2026-04-17,Meta Ads,23808.89,255319,1396,221
M002637,2026-04-04,Instagram,33529.23,14398,12044,151
M002638,2022-03-31,Referral,9747.49,121210,9804,49
M002639,2023-04-19,Direct,33227.13,201005,3695,38
M002640,2023-08-12,Affiliate,15171.01,163613,5297,144
M002641,2023-09-29,Affiliate,2128.68,175274,3593,116
M002642,2022-07-27,Email,2459.49,15495,13721,147
M002643,2025-06-06,Referral,20264.17,269582,6041,259
M002644,2025-06-29,Affiliate,11272.01,162168,4569,155
M002645,2026-05-16,Referral,9381.13,86515,11026,111
M002646,2025-03-13,Google Ads,1387.34,132965,3934,185
M002647,2023-09-25,Google Ads,35569.08,252180,12807,110
M002648,2023-09-16,Google Ads,38420.59,263865,11502,153
M002649,2023-09-29,Instagram,1108.8,255444,7453,232
M002650,2025-05-09,Referral,36934.61,162324,11721,23
M002651,2024-04-22,Meta Ads,25344.63,165519,1696,87
M002652,2022-11-21,Referral,16112.23,146609,11341,134
M002653,2025-07-24,Email,40066.02,46783,13812,34
M002654,2025-04-15,Referral,17052.9,172258,6934,28
M002655,2022-10-13,Referral,7263.08,148674,857,51
M002656,2022-10-01,Meta Ads,33680.58,147087,13294,172
M002657,2025-06-27,Meta Ads,25888.4,224037,2372,43
M002658,2026-08-27,Affiliate,16531.74,276769,13809,114
M002659,2025-04-25,Referral,37025.64,178353,1287,64
M002660,2025-08-28,Affiliate,25086.85,278638,2998,213
M002661,2025-12-20,Meta Ads,25986.33,140522,7257,235
M002662,2023-07-25,Google Ads,11606.77,245884,742,136
M002663,2022-06-17,Direct,40011.73,18947,3706,111
M002664,2024-10-23,Organic Search,24756.41,253279,1093,200
M002665,2025-08-10,Email,12709.83,164047,7964,127
M002666,2022-10-01,Direct,13004.65,64368,4612,47
M002667,2022-09-21,Email,4386.24,190213,5066,75
M002668,2026-05-16,Google Ads,41382.67,265949,13394,228
M002669,2023-01-29,Email,34024.5,81575,13529,216
M002670,2022-09-16,Meta Ads,4604.64,258703,6399,243
M002671,2023-05-17,Instagram,3183.62,249731,3478,158
M002672,2023-07-10,Organic Search,37167.99,248271,8508,212
M002673,2026-05-31,Google Ads,13980.65,292779,11975,3
M002674,2024-06-27,Referral,15816.02,255101,468,259
M002675,2022-04-13,Direct,22320.9,125506,13690,120
M002676,2023-07-06,Direct,18866.73,293345,2977,121
M002677,2022-06-20,Referral,33346.35,50871,7460,55
M002678,2024-04-26,Affiliate,17191.11,216050,11700,82
M002679,2022-12-27,Affiliate,41604.27,3558,11585,106
M002680,2026-05-21,Direct,40753.11,38256,13712,230
M002681,2022-01-29,Referral,38941.08,288750,6669,163
M002682,2024-07-17,Meta Ads,7071.34,70134,7015,78
M002683,2024-07-04,Organic Search,17636.17,22815,11157,42
M002684,2023-04-29,Direct,10434.09,146712,11883,196
M002685,2023-05-20,Referral,41198.66,14875,290,51
M002686,2024-12-10,Referral,20727.92,273440,8506,94
M002687,2024-04-27,Email,34168.9,19695,5979,77
M002688,2024-02-14,Referral,39887.36,113395,5914,163
M002689,2024-09-08,Affiliate,23436.35,214530,1624,186
M002690,2025-02-05,Direct,22413.6,158666,9658,174
M002691,2026-07-18,Google Ads,27584.46,36321,7281,86
M002692,2025-11-17,Affiliate,15687.45,218234,12075,65
M002693,2024-07-31,Affiliate,18810.61,268098,10966,155
M002694,2022-03-27,Affiliate,5532.05,157563,8634,176
M002695,2024-10-14,Email,20841.17,156829,8158,188
M002696,2023-08-17,Referral,18558.64,284178,11009,127
M002697,2024-04-10,Instagram,36629.64,207541,11477,107
M002698,2026-02-04,Referral,14144.54,34786,8117,217
M002699,2023-03-19,Email,24423.97,28210,2454,156
M002700,2025-03-24,Referral,25528.07,45854,9103,147
M002701,2024-03-25,Referral,16441.64,114069,8286,188
M002702,2026-05-27,Google Ads,19215.03,150127,10529,214
M002703,2022-12-04,Direct,16966.09,137699,7052,86
M002704,2022-02-17,Referral,13600.1,147407,298,214
M002705,2024-04-23,Referral,26848.64,116920,2088,50
M002706,2023-05-30,Affiliate,28182.39,119624,10340,27
M002707,2026-08-06,Instagram,16801.88,32234,6101,40
M002708,2022-12-13,Direct,15002.08,294089,2316,112
M002709,2025-10-24,Instagram,15777.42,52939,3618,114
M002710,2024-06-05,Direct,35731.56,236828,10385,76
M002711,2026-05-26,Organic Search,38380.66,61938,6433,155
M002712,2026-01-31,Instagram,11367.01,37910,2773,224
M002713,2024-01-12,Instagram,4530.17,220743,6279,138
M002714,2023-04-07,Direct,7506.18,204212,2124,118
M002715,2022-03-27,Affiliate,39585.46,67911,13377,216
M002716,2023-04-21,Instagram,1950.25,169231,2683,100
M002717,2023-01-27,Organic Search,1159.27,127214,1862,105
M002718,2024-03-18,Meta Ads,13613.78,69784,12909,229
M002719,2026-05-25,Referral,9975.91,144411,13603,223
M002720,2024-05-06,Google Ads,11798.52,174738,12092,160
M002721,2022-03-07,Organic Search,23467.97,180436,1654,255
M002722,2023-09-30,Referral,29577.36,229516,7081,222
M002723,2022-06-29,Direct,23199.86,117242,2877,242
M002724,2023-10-02,Affiliate,34188.36,267664,2758,21
M002725,2025-09-30,Organic Search,41187.27,277920,1590,255
M002726,2025-03-25,Direct,6496.24,26488,9797,33
M002727,2025-09-05,Direct,10463.32,292336,3850,55
M002728,2023-12-04,Google Ads,32102.08,220069,4749,31
M002729,2022-11-15,Google Ads,15365.93,223815,797,97
M002730,2023-07-03,Instagram,6420.45,18399,5274,184
M002731,2022-07-02,Google Ads,9586.83,199382,1279,232
M002732,2022-09-30,Email,15949.09,195750,6525,109
M002733,2026-07-25,Meta Ads,7178.44,267789,6413,232
M002734,2023-02-05,Google Ads,3562.34,152143,7356,81
M002735,2026-01-18,Organic Search,20771.17,133275,3316,221
M002736,2023-12-30,Email,4591.49,138077,4525,84
M002737,2025-05-01,Instagram,20927.67,87704,9654,15
M002738,2022-04-29,Google Ads,27209.46,24132,10366,81
M002739,2024-08-30,Email,842.37,132718,9618,100
M002740,2024-12-16,Google Ads,24009.0,88516,6281,158
M002741,2026-04-16,Affiliate,14656.76,122171,13774,46
M002742,2025-04-01,Organic Search,39897.58,299024,4288,56
M002743,2025-03-29,Referral,6285.11,271770,2357,174
M002744,2024-06-14,Affiliate,24756.94,133973,9222,17
M002745,2023-03-27,Organic Search,2416.0,7215,2357,142
M002746,2023-12-10,Email,15673.12,92716,409,122
M002747,2024-12-19,Direct,31243.06,250803,13480,183
M002748,2026-07-01,Referral,6084.6,77968,9800,29
M002749,2024-04-24,Organic Search,39539.33,263734,13048,227
M002750,2022-03-22,Meta Ads,18133.7,147139,13644,126
M002751,2025-12-17,Affiliate,25041.53,125106,8764,102
M002752,2023-09-20,Instagram,19317.04,187860,11469,41
M002753,2022-04-20,Organic Search,28463.1,222861,10925,191
M002754,2025-10-03,Organic Search,20743.72,156993,12209,231
M002755,2022-03-14,Affiliate,14024.48,61201,2730,160
M002756,2026-07-02,Affiliate,32456.74,198673,2492,97
M002757,2022-08-24,Meta Ads,8959.58,117062,3145,110
M002758,2022-10-19,Meta Ads,28888.44,251293,7918,85
M002759,2026-05-25,Meta Ads,29698.93,136970,9833,226
M002760,2025-06-10,Meta Ads,25999.6,214941,4919,69
M002761,2024-11-30,Meta Ads,22855.88,214708,5577,74
M002762,2022-02-28,Meta Ads,27449.18,136674,8349,58
M002763,2024-11-23,Referral,11198.66,30803,4844,173
M002764,2026-01-12,Instagram,31419.59,49557,13413,44
M002765,2022-05-25,Direct,4381.03,9512,2317,69
M002766,2024-05-12,Google Ads,37284.1,15627,1847,84
M002767,2026-05-07,Organic Search,1567.95,271902,13614,208
M002768,2026-01-28,Email,11132.64,252049,876,34
M002769,2025-06-20,Affiliate,33358.4,21118,4213,111
M002770,2025-02-27,Referral,32420.1,246331,11511,100
M002771,2026-08-19,Google Ads,3651.95,107739,4868,70
M002772,2022-04-13,Email,28599.59,89219,11388,15
M002773,2026-01-23,Google Ads,19419.02,278581,10661,11
M002774,2024-03-13,Email,27095.65,174830,8159,97
M002775,2024-01-10,Referral,21989.71,20189,747,206
M002776,2022-04-11,Affiliate,30556.03,49472,3922,20
M002777,2026-06-17,Direct,22374.44,47776,10555,112
M002778,2025-07-04,Direct,19303.48,175541,9185,238
M002779,2024-06-02,Meta Ads,11321.05,293326,13054,83
M002780,2025-04-10,Affiliate,1630.99,78566,11897,255
M002781,2026-03-14,Organic Search,6197.75,92899,11799,2
M002782,2024-12-30,Referral,8216.25,205404,907,8
M002783,2025-06-26,Google Ads,28331.36,95671,6742,246
M002784,2023-12-15,Instagram,34904.16,287048,13808,241
M002785,2024-03-20,Google Ads,24380.58,86611,664,110
M002786,2023-03-23,Google Ads,20118.03,71594,2666,194
M002787,2024-09-19,Organic Search,28045.67,266874,9694,25
M002788,2024-08-07,Email,17731.7,31733,1968,85
M002789,2022-08-27,Affiliate,36831.14,163206,6066,17
M002790,2025-03-26,Google Ads,22065.97,105955,469,102
M002791,2024-08-17,Referral,19160.92,198060,8012,257
M002792,2022-09-24,Email,1317.95,137941,8399,134
M002793,2024-12-18,Referral,13807.29,39727,1328,243
M002794,2025-09-23,Google Ads,31006.49,61447,1526,125
M002795,2023-04-01,Referral,29747.3,218028,3826,91
M002796,2023-08-10,Organic Search,7825.0,100534,10740,120
M002797,2023-09-03,Affiliate,24964.53,187132,2590,257
M002798,2024-03-21,Google Ads,27172.81,233956,350,154
M002799,2024-10-31,Referral,31674.22,211886,12745,6
M002800,2022-12-29,Email,1320.99,101984,11773,141
M002801,2025-08-12,Google Ads,35064.21,67094,1464,58
M002802,2025-02-13,Email,30615.88,89624,3466,94
M002803,2025-05-06,Referral,41316.35,230959,10332,141
M002804,2025-08-17,Instagram,19537.28,65995,13600,123
M002805,2022-08-02,Affiliate,2324.79,183225,13071,55
M002806,2023-12-06,Referral,14506.33,160950,10287,80
M002807,2024-08-06,Instagram,37021.82,28141,7759,116
M002808,2023-02-15,Affiliate,32850.34,231722,769,108
M002809,2025-07-19,Instagram,20504.14,283470,12989,140
M002810,2023-07-07,Affiliate,7386.31,100063,1674,227
M002811,2022-09-28,Direct,777.21,203583,13548,95
M002812,2024-09-01,Referral,28993.7,118246,8184,222
M002813,2022-01-12,Direct,31796.45,299501,2493,223
M002814,2024-09-03,Email,16435.35,114298,8505,227
M002815,2024-11-07,Affiliate,29258.83,258610,5394,88
M002816,2024-03-14,Direct,12829.86,234656,3507,76
M002817,2025-12-05,Email,35842.1,157358,7678,28
M002818,2026-06-12,Email,34824.58,183221,13148,91
M002819,2025-03-07,Organic Search,40603.33,207089,527,14
M002820,2026-04-27,Email,19167.2,138243,6405,51
M002821,2022-01-02,Meta Ads,34952.71,130710,5430,99
M002822,2025-03-06,Google Ads,7073.23,153267,513,12
M002823,2022-01-15,Organic Search,27708.23,135564,5472,161
M002824,2025-08-03,Google Ads,9508.3,144450,13409,122
M002825,2022-11-06,Direct,9759.47,40991,10471,231
M002826,2026-01-09,Referral,11525.89,168850,8743,238
M002827,2025-04-20,Referral,3485.81,9750,6250,193
M002828,2022-10-29,Email,15050.14,141911,7243,66
M002829,2022-11-25,Google Ads,7759.96,187621,3754,170
M002830,2025-10-17,Affiliate,41744.79,272957,6786,132
M002831,2025-10-01,Email,32775.88,258476,3222,122
M002832,2025-09-27,Meta Ads,28333.85,47327,9757,103
M002833,2024-08-23,Direct,13301.49,298753,2302,50
M002834,2026-02-27,Email,18400.11,253533,4543,159
M002835,2025-02-02,Instagram,15658.18,67815,12042,7
M002836,2023-10-31,Instagram,7846.74,108862,8939,155
M002837,2026-06-06,Referral,717.4,200092,8711,121
M002838,2025-03-12,Referral,36755.65,112174,5796,168
M002839,2024-08-19,Meta Ads,6190.45,123554,1432,2
M002840,2022-07-08,Referral,21661.18,233447,2313,148
M002841,2026-02-25,Email,16595.75,216364,10273,72
M002842,2024-06-14,Direct,13582.16,260435,10367,44
M002843,2024-07-11,Organic Search,17967.01,159520,9859,37
M002844,2022-09-26,Google Ads,41716.55,245426,3051,192
M002845,2024-03-11,Email,39036.87,12751,10026,45
M002846,2026-07-23,Instagram,10634.61,127161,5049,180
M002847,2024-04-05,Instagram,19685.04,4807,4485,7
M002848,2025-10-07,Google Ads,24973.54,276811,6570,189
M002849,2023-01-15,Organic Search,2761.96,106853,11568,165
M002850,2025-08-19,Google Ads,1169.02,47955,13318,255
M002851,2024-09-23,Email,11526.36,162861,13254,257
M002852,2026-01-16,Referral,20981.5,50330,12014,16
M002853,2026-03-22,Referral,19488.55,283731,3398,82
M002854,2026-06-01,Organic Search,35452.82,3583,9835,104
M002855,2023-11-10,Meta Ads,7879.66,233337,11508,170
M002856,2022-06-01,Organic Search,2894.18,8518,3439,178
M002857,2024-05-12,Meta Ads,31493.32,164766,9382,77
M002858,2022-04-06,Google Ads,3755.08,279331,6429,158
M002859,2024-10-27,Referral,27025.15,284954,13093,133
M002860,2026-01-15,Meta Ads,31749.33,207791,8823,198
M002861,2026-08-19,Referral,774.73,186167,1322,79
M002862,2026-03-18,Referral,37404.56,68597,4463,256
M002863,2025-02-13,Email,34175.79,43476,10533,249
M002864,2023-02-18,Referral,31879.54,253706,9263,49
M002865,2025-03-01,Direct,22973.12,16064,13207,84
M002866,2026-06-18,Google Ads,14566.33,299599,2091,51
M002867,2022-07-16,Referral,21835.27,116263,949,248
M002868,2023-01-10,Direct,2979.06,173387,12993,55
M002869,2026-04-19,Instagram,12260.07,253493,12365,127
M002870,2025-03-20,Email,6461.61,256084,5546,12
M002871,2022-11-17,Instagram,23073.25,147723,1493,17
M002872,2022-08-25,Google Ads,34579.75,289754,4563,131
M002873,2022-03-20,Organic Search,27853.62,211539,446,223
M002874,2026-06-14,Organic Search,39565.66,216710,1417,22
M002875,2026-03-13,Meta Ads,23452.73,10241,1204,39
M002876,2024-05-21,Affiliate,2047.61,19099,11939,202
M002877,2023-05-18,Instagram,18133.41,118626,13929,253
M002878,2023-11-07,Referral,27130.01,26305,12502,85
M002879,2025-05-10,Referral,26747.05,135903,1126,249
M002880,2023-06-29,Meta Ads,24181.28,231609,2065,165
M002881,2022-07-13,Direct,26943.62,91138,8973,177
M002882,2022-11-28,Email,18051.13,299571,11296,256
M002883,2024-02-28,Email,35479.58,164293,12652,170
M002884,2025-04-27,Meta Ads,38873.52,86437,3519,215
M002885,2022-10-30,Direct,9411.19,185123,11864,245
M002886,2026-02-08,Meta Ads,25205.73,298421,6712,207
M002887,2022-02-17,Direct,40221.64,176605,4004,61
M002888,2023-03-25,Direct,3247.58,178249,10529,182
M002889,2022-09-20,Affiliate,15321.95,215305,11774,103
M002890,2024-01-29,Instagram,2943.09,15898,10298,132
M002891,2025-06-19,Instagram,13104.97,277746,7951,139
M002892,2026-01-29,Email,7380.69,249373,752,66
M002893,2023-02-04,Direct,3443.43,101785,5702,151
M002894,2024-07-27,Affiliate,17669.51,37184,11772,225
M002895,2025-01-27,Affiliate,17123.54,132984,2305,249
M002896,2024-06-10,Affiliate,14537.61,189724,6889,42
M002897,2022-05-20,Email,32461.31,114819,4318,228
M002898,2023-05-29,Referral,10469.65,180813,1609,27
M002899,2024-03-28,Instagram,41311.16,94676,3043,182
M002900,2022-07-25,Affiliate,36400.41,123400,10935,75
M002901,2024-12-28,Direct,22980.1,236720,3122,212
M002902,2022-09-15,Meta Ads,12165.33,120611,5263,120
M002903,2025-08-29,Instagram,26951.99,62741,4061,140
M002904,2022-06-08,Meta Ads,30265.4,258037,12044,235
M002905,2023-08-25,Google Ads,40855.51,126950,3743,67
M002906,2024-02-08,Email,32951.84,237437,5636,110
M002907,2023-08-06,Affiliate,13860.71,71832,2395,207
M002908,2023-05-04,Direct,21846.34,284026,1488,224
M002909,2024-03-07,Email,11834.71,147275,8038,167
M002910,2026-05-23,Google Ads,25530.03,21028,985,148
M002911,2022-06-26,Instagram,2626.44,78560,4959,116
M002912,2025-07-24,Organic Search,35553.11,46018,2308,138
M002913,2023-02-24,Meta Ads,39308.59,112675,4707,15
M002914,2023-06-12,Organic Search,18914.31,231551,3355,121
M002915,2025-03-27,Instagram,11361.0,20600,4529,4
M002916,2024-04-18,Google Ads,7715.5,281309,489,201
M002917,2023-11-28,Email,18999.21,93858,7831,27
M002918,2023-11-26,Meta Ads,37134.69,77180,1343,185
M002919,2023-11-16,Meta Ads,33983.62,14442,11835,201
M002920,2025-10-30,Instagram,40062.68,183805,12274,124
M002921,2023-04-06,Meta Ads,2372.02,272174,3862,258
M002922,2022-09-06,Meta Ads,27741.8,56054,12326,251
M002923,2025-07-24,Google Ads,21022.33,190894,4640,135
M002924,2025-12-05,Email,26101.28,254443,1410,224
M002925,2024-02-13,Referral,19635.39,255986,12014,177
M002926,2024-05-26,Instagram,7779.85,157346,12550,85
M002927,2024-07-08,Affiliate,18584.09,284466,4186,117
M002928,2025-02-07,Email,4445.08,58436,1708,237
M002929,2024-09-03,Affiliate,4047.64,5983,2893,114
M002930,2026-03-15,Meta Ads,12967.41,208638,6760,190
M002931,2025-07-07,Organic Search,21519.49,128484,5688,179
M002932,2023-09-18,Organic Search,40084.37,12143,10620,57
M002933,2023-08-08,Referral,7675.29,255545,10006,26
M002934,2024-07-21,Organic Search,22974.8,60915,8355,245
M002935,2024-12-21,Referral,35254.52,106009,8147,204
M002936,2022-07-28,Affiliate,40353.56,221783,13362,33
M002937,2025-05-12,Direct,34623.97,118171,12888,193
M002938,2022-08-29,Direct,9960.62,247826,3825,245
M002939,2025-08-14,Instagram,6459.19,50070,10400,80
M002940,2025-03-17,Email,20772.59,251633,11989,69
M002941,2022-03-26,Instagram,40413.41,283056,5996,246
M002942,2025-01-06,Email,9378.27,106875,1940,143
M002943,2023-02-26,Google Ads,36446.55,222008,2250,200
M002944,2022-03-30,Meta Ads,17798.43,135458,9333,237
M002945,2022-03-23,Meta Ads,6922.37,237483,9927,244
M002946,2024-03-06,Email,5495.26,170461,2870,172
M002947,2023-04-09,Meta Ads,9750.82,61083,13567,35
M002948,2023-05-20,Meta Ads,8908.53,227695,11271,149
M002949,2022-06-08,Direct,24381.82,54503,228,190
M002950,2024-07-03,Meta Ads,6046.55,120861,5733,181
M002951,2026-05-08,Google Ads,7896.33,128262,5678,241
M002952,2026-01-11,Instagram,25337.08,128113,9232,40
M002953,2026-03-23,Direct,14380.45,210028,7994,223
M002954,2022-02-27,Affiliate,30606.81,252966,5998,140
M002955,2023-06-08,Instagram,13744.4,50370,9639,31
M002956,2026-07-07,Direct,5860.61,220249,10685,130
M002957,2022-12-02,Referral,2009.6,10528,13918,89
M002958,2022-05-10,Instagram,31757.17,295272,9022,197
M002959,2022-08-04,Organic Search,31144.98,224150,1207,147
M002960,2025-01-04,Organic Search,5986.62,70826,5158,210
M002961,2024-06-06,Referral,33677.31,101011,10930,65
M002962,2025-01-03,Organic Search,24442.1,70980,5420,231
M002963,2023-06-07,Referral,15728.15,11143,12617,120
M002964,2023-02-26,Referral,35203.78,282460,2446,224
M002965,2026-07-24,Affiliate,8684.18,22278,10475,118
M002966,2024-10-12,Direct,13261.81,166890,4557,95
M002967,2022-05-11,Direct,28169.01,63650,1533,35
M002968,2022-10-22,Google Ads,22705.5,51458,8989,90
M002969,2025-02-11,Email,16538.19,228348,6614,57
M002970,2025-07-29,Google Ads,5908.6,68510,2394,187
M002971,2025-04-14,Affiliate,40953.97,118995,10821,184
M002972,2022-06-11,Email,39123.79,299960,295,209
M002973,2022-12-22,Affiliate,39337.78,58218,1390,54
M002974,2024-04-17,Direct,35980.38,209763,10148,218
M002975,2024-03-10,Referral,19881.21,44594,12387,219
M002976,2025-06-29,Instagram,7896.45,189218,6619,53
M002977,2022-01-07,Meta Ads,18144.85,163216,7160,34
M002978,2023-04-16,Direct,29304.57,37805,11624,157
M002979,2025-10-13,Affiliate,35368.29,104972,888,52
M002980,2024-04-26,Organic Search,1140.48,92394,4179,27
M002981,2024-04-17,Meta Ads,10111.07,5377,8862,60
M002982,2025-03-06,Google Ads,9801.76,267685,8886,45
M002983,2022-02-03,Email,29755.43,186585,10762,129
M002984,2022-04-13,Referral,32776.62,76331,7051,3
M002985,2022-04-22,Email,39042.45,253613,884,210
M002986,2025-01-01,Instagram,36558.52,233598,7661,97
M002987,2025-10-13,Direct,5442.12,262569,5555,256
M002988,2022-02-27,Referral,2699.84,258847,2740,57
M002989,2026-05-15,Referral,25927.1,55948,4492,78
M002990,2022-09-19,Email,14269.26,162950,2280,69
M002991,2023-05-12,Instagram,24042.51,97268,7065,195
M002992,2022-01-02,Google Ads,22621.7,206021,9979,187
M002993,2025-04-21,Google Ads,27135.62,238484,8198,158
M002994,2025-02-25,Meta Ads,4487.76,128142,11405,18
M002995,2024-12-05,Instagram,12024.95,8016,8838,21
M002996,2022-04-24,Affiliate,16475.09,13180,6332,49
M002997,2022-11-24,Google Ads,6211.22,57101,3605,158
M002998,2024-09-15,Direct,22158.53,89741,638,9
M002999,2023-09-13,Meta Ads,22493.05,182433,11553,197
M003000,2024-01-30,Google Ads,34511.79,97401,3766,70
M003001,2025-10-25,Email,28835.73,130170,8248,182
M003002,2022-06-15,Organic Search,21491.32,54499,5984,145
M003003,2025-03-14,Instagram,12791.68,4834,11887,183
M003004,2025-05-24,Email,35521.83,216290,8588,203
M003005,2022-12-10,Google Ads,26896.64,231700,7737,44
M003006,2022-08-18,Email,3208.03,212847,1489,257
M003007,2022-08-02,Google Ads,24712.46,191757,7287,203
M003008,2025-06-19,Organic Search,35668.91,259754,7912,157
M003009,2025-03-25,Organic Search,3151.72,158587,11821,89
M003010,2023-09-30,Referral,33867.85,76705,3256,156
M003011,2022-07-08,Email,20024.29,120029,10275,221
M003012,2024-09-18,Google Ads,26593.69,78990,305,5
M003013,2026-05-24,Email,1607.73,82256,10687,235
M003014,2023-11-17,Instagram,19677.78,270074,3180,197
M003015,2025-05-31,Email,10538.18,262120,2592,115
M003016,2025-03-19,Instagram,29121.32,152483,10988,183
M003017,2025-04-21,Email,4694.32,14916,996,66
M003018,2023-05-06,Referral,9759.31,196764,3081,49
M003019,2022-09-27,Meta Ads,7984.14,71307,8154,76
M003020,2023-05-08,Email,36068.81,230685,5457,34
M003021,2024-04-29,Direct,35971.37,251238,1419,51
M003022,2022-04-29,Instagram,3695.27,147080,2175,183
M003023,2023-08-10,Direct,25600.82,137109,10097,205
M003024,2023-03-06,Referral,14336.2,107583,5021,36
M003025,2022-09-29,Direct,8238.96,267896,821,118
M003026,2024-11-01,Organic Search,9604.76,251857,7717,35
M003027,2022-02-24,Referral,5051.53,177350,1359,44
M003028,2024-02-03,Email,34505.63,128679,1770,143
M003029,2024-07-04,Referral,2531.32,72812,7181,117
M003030,2024-12-29,Google Ads,1959.23,90913,982,198
M003031,2026-05-21,Affiliate,13734.74,141798,10463,56
M003032,2023-10-08,Instagram,35727.58,233491,2932,49
M003033,2025-08-16,Referral,40763.83,61460,4017,138
M003034,2023-05-29,Meta Ads,10275.07,230732,7969,14
M003035,2023-12-14,Meta Ads,35996.14,218331,9415,113
M003036,2022-10-15,Meta Ads,38798.54,172892,6295,173
M003037,2025-10-26,Direct,21728.66,180610,299,110
M003038,2025-09-30,Referral,14602.74,297991,7805,87
M003039,2022-01-25,Meta Ads,1807.2,25893,3269,90
M003040,2025-09-28,Email,21860.67,142592,11530,79
M003041,2022-03-29,Affiliate,38103.87,48396,281,7
M003042,2022-05-20,Direct,3442.68,296488,13910,227
M003043,2023-04-03,Organic Search,24201.28,114982,13220,153
M003044,2025-03-15,Instagram,37365.95,40403,10081,140
M003045,2025-02-05,Direct,40184.06,80162,8367,70
M003046,2022-02-20,Organic Search,29219.12,130461,11552,225
M003047,2026-03-16,Instagram,41330.08,116582,3090,168
M003048,2023-05-10,Referral,6413.04,30308,4831,237
M003049,2025-10-26,Instagram,13210.79,32476,6232,19
M003050,2025-07-01,Organic Search,25053.55,241311,3470,103
M003051,2022-12-01,Meta Ads,15453.0,123308,6481,202
M003052,2025-01-30,Referral,15652.34,246815,4139,55
M003053,2024-06-28,Email,9485.44,176390,9315,109
M003054,2025-07-01,Organic Search,5661.83,149072,12382,240
M003055,2024-02-19,Referral,20028.09,283503,5242,79
M003056,2022-04-08,Email,9084.03,215052,6022,175
M003057,2024-08-05,Google Ads,36110.38,268948,3177,141
M003058,2025-11-09,Direct,11532.21,149932,11440,22
M003059,2025-06-16,Affiliate,6921.85,212720,11926,141
M003060,2022-12-11,Organic Search,29813.14,276221,7526,221
M003061,2026-07-08,Referral,37287.27,190233,13837,214
M003062,2023-10-20,Google Ads,32291.72,106297,13759,15
M003063,2024-07-27,Organic Search,28381.95,169883,13758,208
M003064,2022-08-12,Affiliate,32834.01,90017,8692,177
M003065,2024-07-09,Direct,38684.23,51562,3236,112
M003066,2022-11-21,Direct,6476.8,231152,490,4
M003067,2024-01-13,Referral,22039.63,93335,13777,56
M003068,2024-08-24,Direct,9638.11,8521,12143,134
M003069,2022-03-15,Referral,38644.43,202478,13746,89
M003070,2025-12-26,Organic Search,17671.8,17051,8706,84
M003071,2025-09-22,Direct,28471.7,81354,634,166
M003072,2026-02-03,Meta Ads,22787.19,33443,12740,157
M003073,2025-10-18,Referral,14933.2,279466,1931,44
M003074,2025-01-29,Meta Ads,34938.16,171028,8652,196
M003075,2023-03-07,Affiliate,29871.2,145048,3474,30
M003076,2025-12-27,Direct,41431.48,262048,2679,53
M003077,2024-05-14,Direct,28058.78,93812,562,162
M003078,2022-12-22,Affiliate,14003.72,178497,7173,38
M003079,2024-05-19,Instagram,15855.05,34357,12841,205
M003080,2022-01-29,Organic Search,4350.34,203341,13996,109
M003081,2026-07-12,Instagram,6207.1,156473,13522,241
M003082,2022-09-02,Referral,31846.71,134218,5859,142
M003083,2025-12-24,Affiliate,5049.49,34366,12450,72
M003084,2025-09-07,Affiliate,2809.55,264368,5587,12
M003085,2022-12-16,Email,22974.99,63834,4647,144
M003086,2022-01-21,Affiliate,1819.84,75150,9746,172
M003087,2024-02-08,Referral,1704.39,89207,1146,167
M003088,2025-08-18,Instagram,22455.83,109082,3664,201
M003089,2024-09-16,Affiliate,13667.49,134877,6863,164
M003090,2024-03-28,Meta Ads,15240.27,152493,8009,192
M003091,2023-11-07,Referral,11448.22,45882,10880,232
M003092,2026-08-13,Referral,29702.11,4033,961,169
M003093,2026-01-28,Email,8339.28,200985,12461,159
M003094,2023-03-24,Organic Search,34549.15,255620,11745,203
M003095,2026-02-25,Meta Ads,28338.54,202332,12647,78
M003096,2024-10-06,Meta Ads,1601.16,79964,4527,38
M003097,2025-01-23,Referral,33518.75,143239,601,183
M003098,2022-11-01,Referral,41012.53,45592,5093,255
M003099,2024-04-22,Email,22915.31,46411,11257,258
M003100,2023-08-05,Affiliate,18456.87,183918,6653,72
M003101,2023-05-25,Email,23921.18,245128,8181,59
M003102,2023-06-22,Referral,26451.88,119631,2288,91
M003103,2025-04-14,Meta Ads,9855.75,242762,11257,247
M003104,2022-11-06,Email,29026.36,19340,1767,197
M003105,2024-06-03,Referral,13011.32,61725,9683,143
M003106,2022-06-24,Instagram,39032.32,114061,2875,135
M003107,2024-11-20,Instagram,15344.94,262787,4889,176
M003108,2023-09-30,Direct,36336.35,247283,12910,185
M003109,2026-07-12,Meta Ads,12633.84,128820,13970,232
M003110,2024-01-24,Direct,11781.01,29163,3726,178
M003111,2023-01-29,Referral,22546.17,216334,9188,168
M003112,2023-10-30,Meta Ads,41809.41,147399,4636,134
M003113,2026-02-11,Organic Search,14245.03,76206,11586,220
M003114,2026-04-09,Meta Ads,3797.37,233257,3542,46
M003115,2023-08-21,Affiliate,15330.5,51711,8824,238
M003116,2024-04-14,Google Ads,10683.28,37183,5269,98
M003117,2026-04-15,Instagram,7748.63,116706,8724,103
M003118,2026-06-27,Organic Search,12065.07,136340,9532,21
M003119,2026-01-04,Affiliate,37349.61,12073,10075,259
M003120,2026-04-07,Referral,10721.17,265108,3132,228
M003121,2024-10-21,Google Ads,18820.16,66631,1353,213
M003122,2025-03-24,Instagram,25644.8,38550,2016,145
M003123,2025-03-29,Affiliate,12584.55,120429,1387,131
M003124,2025-10-14,Organic Search,8848.17,108057,1170,230
M003125,2023-12-20,Organic Search,5821.58,209661,4241,252
M003126,2025-09-12,Referral,18339.22,245921,2018,99
M003127,2023-03-01,Affiliate,13792.16,207591,10453,223
M003128,2025-09-12,Organic Search,22451.83,265095,5177,109
M003129,2024-09-12,Affiliate,24357.28,177847,6720,7
M003130,2023-03-02,Google Ads,19866.52,26202,8164,84
M003131,2025-02-12,Meta Ads,35927.15,221130,974,155
M003132,2023-06-26,Affiliate,41866.44,5229,913,27
M003133,2025-11-18,Direct,13474.25,109263,6470,83
M003134,2023-10-21,Email,10844.65,103349,10550,250
M003135,2025-10-13,Affiliate,3210.68,52669,13450,114
M003136,2022-01-21,Organic Search,1517.92,195034,8806,213
M003137,2026-08-08,Organic Search,7327.09,77885,2365,135
M003138,2023-01-09,Instagram,36201.37,189224,9773,141
M003139,2022-10-19,Instagram,12939.86,188935,10611,51
M003140,2023-08-18,Email,12210.48,130637,6367,238
M003141,2024-02-27,Meta Ads,10537.1,254574,9467,103
M003142,2022-11-27,Organic Search,23324.44,193264,3383,106
M003143,2026-06-16,Google Ads,27138.53,164821,11853,200
M003144,2024-03-18,Email,26471.88,74210,12625,105
M003145,2024-12-24,Organic Search,39437.2,235160,7427,231
M003146,2026-03-21,Referral,18929.78,90880,10570,218
M003147,2022-12-29,Email,8073.95,161573,332,136
M003148,2022-11-10,Referral,23709.1,204879,493,28
M003149,2023-06-10,Email,4014.9,256574,6622,228
M003150,2022-05-17,Direct,32858.39,128688,7846,257
M003151,2022-03-12,Organic Search,21461.57,235306,13772,117
M003152,2022-08-16,Affiliate,1764.93,109638,1568,6
M003153,2023-10-20,Organic Search,23225.49,287099,5538,45
M003154,2023-01-05,Organic Search,32857.04,27504,10366,23
M003155,2025-07-01,Meta Ads,7614.46,110854,2186,11
M003156,2022-11-11,Organic Search,40476.35,261149,1519,174
M003157,2025-03-30,Email,33808.85,3011,1968,159
M003158,2022-03-25,Organic Search,38108.87,63594,3926,15
M003159,2026-06-24,Meta Ads,8333.04,8691,3139,142
M003160,2022-05-19,Meta Ads,9905.28,260954,9887,113
M003161,2025-03-20,Meta Ads,35932.8,45946,8869,158
M003162,2025-06-14,Referral,5576.64,87496,5868,81
M003163,2023-08-18,Meta Ads,20131.78,18542,7097,200
M003164,2025-03-20,Google Ads,29261.4,265071,1961,67
M003165,2022-05-14,Organic Search,12443.85,228807,8687,222
M003166,2026-04-15,Meta Ads,16279.09,90968,11966,93
M003167,2022-09-23,Email,18351.45,229945,6419,124
M003168,2023-10-03,Direct,26956.03,120305,5596,128
M003169,2024-02-19,Organic Search,14433.28,221798,11444,249
M003170,2025-04-04,Google Ads,31453.82,143939,3379,218
M003171,2025-03-20,Direct,35013.13,290702,6197,175
M003172,2025-05-10,Referral,6283.9,253538,4230,228
M003173,2026-07-14,Affiliate,6360.99,115368,11804,256
M003174,2024-01-27,Email,27521.67,229471,500,135
M003175,2024-12-19,Email,34682.15,74390,10765,179
M003176,2025-09-10,Google Ads,30254.34,78821,10272,233
M003177,2024-01-07,Affiliate,21975.3,234042,13348,217
M003178,2024-01-04,Email,27996.03,266842,10961,37
M003179,2025-04-30,Affiliate,9859.58,155127,13712,138
M003180,2026-02-24,Meta Ads,30594.27,135427,13516,169
M003181,2026-01-11,Direct,16336.23,96374,9857,246
M003182,2025-03-25,Meta Ads,31646.69,35722,5613,199
M003183,2025-10-13,Referral,5838.39,138617,6511,245
M003184,2025-08-16,Direct,37854.22,106442,9498,157
M003185,2024-09-07,Affiliate,5324.91,231808,6501,178
M003186,2026-05-29,Affiliate,35538.16,235928,13196,228
M003187,2023-11-11,Referral,38071.61,68134,6344,207
M003188,2022-05-10,Referral,12442.92,258905,4574,19
M003189,2025-02-18,Email,10187.27,75673,719,14
M003190,2023-12-26,Affiliate,25215.97,123575,3144,249
M003191,2024-02-24,Email,32632.24,182489,2025,241
M003192,2022-04-02,Meta Ads,40329.0,25614,11689,174
M003193,2022-08-11,Organic Search,2203.58,204014,7817,70
M003194,2022-11-17,Affiliate,23165.8,150685,13120,172
M003195,2022-10-21,Google Ads,25985.3,212020,6018,123
M003196,2022-04-21,Organic Search,727.93,247152,10918,230
M003197,2025-06-28,Direct,12443.88,236956,2841,162
M003198,2026-08-09,Instagram,26228.17,158449,8845,14
M003199,2026-04-09,Referral,36698.01,280854,2117,94
M003200,2024-03-26,Affiliate,32413.05,152433,938,257
M003201,2024-08-14,Instagram,3689.44,35445,13551,186
M003202,2023-09-09,Email,23028.34,128326,4791,218
M003203,2023-11-14,Organic Search,27682.14,7307,5356,121
M003204,2025-08-10,Affiliate,22679.69,48044,1822,38
M003205,2025-12-16,Direct,40226.13,11658,5999,252
M003206,2022-09-04,Meta Ads,29248.38,234534,9653,193
M003207,2023-05-10,Referral,29656.66,72864,2477,65
M003208,2024-01-01,Direct,25274.71,275989,466,30
M003209,2024-02-21,Organic Search,7724.42,186084,6984,49
M003210,2024-02-25,Referral,35895.94,38337,5916,67
M003211,2024-02-04,Affiliate,26893.48,268930,6832,230
M003212,2022-09-22,Affiliate,4375.05,266697,4787,229
M003213,2025-12-26,Google Ads,22349.92,158156,12734,112
M003214,2024-06-27,Affiliate,18938.6,115821,13924,215
M003215,2025-11-19,Google Ads,9257.63,154438,13654,195
M003216,2022-05-31,Email,10790.64,117907,8279,161
M003217,2026-03-12,Email,17145.12,7622,2264,122
M003218,2023-02-28,Organic Search,27885.88,216234,231,241
M003219,2022-03-09,Referral,17474.61,47010,1335,220
M003220,2026-04-18,Referral,21317.98,238412,10421,101
M003221,2022-08-18,Instagram,13656.65,199163,12738,115
M003222,2023-08-15,Google Ads,11216.56,76949,7055,189
M003223,2024-05-03,Direct,27565.36,60251,6507,21
M003224,2024-01-27,Google Ads,11765.16,63183,4520,192
M003225,2026-03-01,Affiliate,22043.28,272832,5148,193
M003226,2025-05-24,Organic Search,19446.04,72046,1675,225
M003227,2024-08-03,Meta Ads,40155.87,288709,10567,190
M003228,2025-06-14,Instagram,38923.93,263691,13763,90
M003229,2023-12-06,Google Ads,14885.52,137711,4681,59
M003230,2023-06-08,Direct,28834.36,236382,2951,59
M003231,2025-02-10,Instagram,29042.36,32185,3655,16
M003232,2024-08-15,Meta Ads,8047.83,159728,12052,75
M003233,2024-11-12,Email,5111.86,271983,4660,186
M003234,2024-08-03,Meta Ads,15326.18,55091,11760,245
M003235,2024-04-06,Google Ads,16786.2,160658,13720,127
M003236,2022-09-24,Google Ads,15447.9,143221,668,57
M003237,2024-06-18,Referral,3356.43,61550,8571,78
M003238,2022-11-09,Instagram,17177.09,242847,11820,5
M003239,2025-06-29,Affiliate,1768.68,166012,2587,77
M003240,2022-12-09,Direct,15106.92,84687,5682,87
M003241,2022-06-16,Meta Ads,37906.07,84757,4649,122
M003242,2022-10-30,Google Ads,9449.14,143344,8436,34
M003243,2025-06-21,Google Ads,5792.9,87415,10398,226
M003244,2023-10-10,Instagram,1748.46,146908,9867,231
M003245,2022-12-29,Instagram,25325.54,220555,13036,48
M003246,2023-05-05,Google Ads,36866.1,274999,11765,185
M003247,2025-02-19,Meta Ads,32222.13,282410,13116,51
M003248,2024-09-05,Meta Ads,11111.47,156573,2646,69
M003249,2023-10-06,Organic Search,11589.65,163965,10081,182
M003250,2023-12-07,Organic Search,18345.23,102297,10646,111
M003251,2025-03-30,Organic Search,2720.29,288759,10213,115
M003252,2025-10-04,Instagram,20889.17,32040,7191,113
M003253,2022-03-26,Referral,18272.78,71231,414,196
M003254,2022-03-03,Direct,4754.77,21122,8238,9
M003255,2022-09-19,Referral,1303.56,126657,238,220
M003256,2022-06-30,Google Ads,34990.32,37460,11952,142
M003257,2022-12-19,Direct,12830.8,46108,12971,184
M003258,2023-04-16,Instagram,12399.27,216744,7834,165
M003259,2022-01-07,Direct,9953.22,244151,12856,157
M003260,2023-07-15,Organic Search,33167.2,160196,3385,140
M003261,2024-11-17,Meta Ads,21015.33,179728,9877,207
M003262,2023-08-20,Direct,5621.71,121792,291,62
M003263,2025-06-21,Affiliate,24594.78,242304,6028,114
M003264,2025-10-16,Referral,12798.78,45734,8534,257
M003265,2024-02-22,Organic Search,15800.95,200804,3818,86
M003266,2024-02-03,Instagram,11598.99,184775,13215,149
M003267,2026-04-19,Google Ads,36608.65,93371,1479,47
M003268,2023-02-07,Referral,29818.55,161879,8369,39
M003269,2022-01-13,Meta Ads,5012.51,196225,2216,104
M003270,2023-08-16,Instagram,30152.26,120805,5850,36
M003271,2022-06-09,Email,15212.46,112424,790,35
M003272,2026-04-27,Affiliate,37992.48,159058,8954,60
M003273,2023-05-10,Referral,665.88,78319,12888,78
M003274,2022-11-13,Meta Ads,32360.41,274846,11810,46
M003275,2022-05-12,Referral,1893.13,230593,5323,16
M003276,2022-12-23,Direct,39838.39,81871,8848,252
M003277,2022-10-29,Direct,4151.31,119404,5717,175
M003278,2026-06-26,Direct,31753.36,131676,1828,47
M003279,2023-11-08,Meta Ads,10011.87,15501,6566,187
M003280,2024-08-28,Affiliate,27729.38,82528,6612,259
M003281,2023-03-06,Organic Search,18458.56,133091,7394,137
M003282,2026-02-18,Instagram,20110.2,73171,7731,215
M003283,2022-08-18,Email,11871.57,231048,13929,163
M003284,2022-08-07,Email,29094.09,175428,12576,120
M003285,2024-01-31,Affiliate,15614.99,80048,599,196
M003286,2024-07-29,Email,20066.11,255750,6669,254
M003287,2024-02-09,Email,33515.34,249795,9377,258
M003288,2023-02-21,Organic Search,10283.17,191764,5986,130
M003289,2023-12-27,Affiliate,17217.73,131030,7695,158
M003290,2026-05-08,Instagram,7538.29,148404,3127,156
M003291,2024-11-26,Google Ads,19655.16,40045,2434,221
M003292,2023-07-02,Meta Ads,37283.19,128437,291,212
M003293,2023-11-03,Instagram,38493.35,130653,7226,80
M003294,2024-02-09,Instagram,21200.47,156212,12764,25
M003295,2022-11-30,Direct,41443.12,200067,12482,156
M003296,2024-08-14,Organic Search,24261.5,263102,11502,35
M003297,2025-02-21,Email,26613.59,209410,5771,237
M003298,2025-12-06,Referral,13816.94,6838,7852,5
M003299,2023-07-21,Organic Search,37565.5,280765,10519,80
M003300,2026-07-03,Instagram,34497.89,46484,9322,118
M003301,2024-06-25,Affiliate,23235.79,61418,13840,203
M003302,2024-06-17,Direct,9899.29,13928,12014,195
M003303,2024-07-15,Meta Ads,5410.42,211148,9092,92
M003304,2025-09-16,Affiliate,25221.95,87422,4325,33
M003305,2023-08-14,Organic Search,14792.89,133534,3009,41
M003306,2023-06-08,Direct,36772.67,162177,2154,224
M003307,2022-04-30,Email,11930.35,206884,7347,67
M003308,2023-01-15,Instagram,40755.81,280637,6578,117
M003309,2025-07-03,Email,37381.16,273565,6449,110
M003310,2022-02-01,Direct,33930.77,93356,559,255
M003311,2025-12-31,Meta Ads,7569.67,272589,1678,126
M003312,2024-08-23,Affiliate,9576.02,90466,1104,97
M003313,2026-03-05,Affiliate,34727.73,241486,920,139
M003314,2025-10-19,Affiliate,10812.66,98658,6897,228
M003315,2022-12-20,Organic Search,26062.6,88179,5527,93
M003316,2022-10-14,Google Ads,39466.49,72441,7718,219
M003317,2024-04-03,Meta Ads,12197.77,237351,4499,137
M003318,2022-02-17,Email,11111.0,119495,2800,192
M003319,2026-06-27,Instagram,14718.41,35215,1056,180
M003320,2024-07-03,Instagram,30535.68,207003,3340,149
M003321,2023-01-01,Instagram,2818.52,101874,9329,207
M003322,2023-10-28,Direct,6144.42,87318,9845,54
M003323,2024-09-20,Google Ads,32876.94,37280,3152,147
M003324,2026-02-14,Referral,25479.2,247115,12788,226
M003325,2024-07-13,Meta Ads,24943.18,196224,7590,252
M003326,2022-04-12,Google Ads,39812.52,141468,10117,188
M003327,2026-05-06,Referral,14263.65,271273,758,143
M003328,2026-05-10,Affiliate,20899.68,91371,7714,112
M003329,2023-04-15,Organic Search,22686.59,282000,2764,24
M003330,2022-11-27,Meta Ads,15226.47,280053,4252,218
M003331,2026-02-09,Instagram,37068.09,195891,8910,214
M003332,2026-01-23,Meta Ads,36185.67,225754,9306,154
M003333,2022-04-25,Google Ads,41734.61,115428,7963,229
M003334,2024-01-28,Meta Ads,10483.21,129557,5477,6
M003335,2025-08-27,Email,16183.57,204930,11519,92
M003336,2022-07-07,Organic Search,19356.06,33450,10981,232
M003337,2026-07-24,Direct,8422.08,109243,12933,61
M003338,2025-05-02,Direct,19089.36,297695,6018,174
M003339,2026-02-03,Referral,7594.86,23237,1804,117
M003340,2025-04-28,Instagram,1949.47,17975,1390,62
M003341,2024-09-14,Google Ads,25723.9,51091,4498,39
M003342,2025-10-24,Email,41471.35,228545,11330,34
M003343,2023-12-11,Direct,27093.06,12884,4306,151
M003344,2022-10-05,Direct,40398.57,19576,6180,102
M003345,2024-08-16,Instagram,15434.68,42721,3428,244
M003346,2024-09-02,Referral,34402.96,264829,11112,121
M003347,2026-07-17,Affiliate,38068.69,145887,10344,255
M003348,2024-06-30,Organic Search,21964.53,233741,12257,19
M003349,2026-06-23,Email,41838.68,73777,2253,41
M003350,2024-04-14,Direct,1124.72,110046,4854,52
M003351,2022-10-27,Instagram,6025.17,225694,3826,210
M003352,2023-04-26,Email,40919.04,180762,7096,114
M003353,2026-08-15,Affiliate,15145.24,161865,9786,227
M003354,2024-12-08,Instagram,24014.92,251916,2280,30
M003355,2024-03-30,Google Ads,29806.74,56848,10357,210
M003356,2023-10-17,Referral,3129.47,121150,9229,74
M003357,2025-09-10,Referral,30786.2,285844,12327,196
M003358,2026-04-26,Meta Ads,9187.73,176701,11015,68
M003359,2022-07-21,Meta Ads,15872.99,179134,10630,250
M003360,2025-03-14,Organic Search,29207.64,187063,291,186
M003361,2026-06-10,Referral,37361.67,44561,10787,40
M003362,2022-01-16,Referral,20748.25,213364,4993,127
M003363,2024-02-26,Referral,2298.45,90297,13021,69
M003364,2025-02-25,Organic Search,13228.84,241075,5368,200
M003365,2023-08-08,Affiliate,40773.67,179980,9636,222
M003366,2024-06-04,Google Ads,11968.06,143901,7911,220
M003367,2022-10-10,Instagram,26194.46,41380,7338,202
M003368,2024-08-17,Referral,14055.4,182526,1932,213
M003369,2022-03-22,Referral,21348.56,118740,7659,165
M003370,2023-12-15,Email,968.08,27490,2026,125
M003371,2025-08-28,Affiliate,31259.67,81365,9033,81
M003372,2022-07-22,Google Ads,8753.66,29513,7100,141
M003373,2024-10-01,Referral,20217.79,241206,9392,61
M003374,2023-10-10,Direct,7903.17,44574,5057,93
M003375,2026-03-26,Instagram,6664.37,236684,3633,221
M003376,2022-12-21,Email,5749.96,11039,11624,17
M003377,2023-02-01,Meta Ads,40217.64,243451,8082,233
M003378,2025-06-02,Organic Search,13059.93,264030,6729,84
M003379,2023-08-13,Organic Search,16004.61,14477,9139,173
M003380,2024-06-28,Direct,12356.23,148207,5153,71
M003381,2024-07-29,Affiliate,8119.97,168156,3963,184
M003382,2022-06-18,Meta Ads,21035.83,173127,9036,119
M003383,2026-07-06,Google Ads,26152.41,70868,3883,206
M003384,2022-09-05,Email,35706.59,206894,3387,68
M003385,2022-05-13,Meta Ads,16564.18,141086,10506,238
M003386,2023-04-22,Email,19313.44,112657,13370,52
M003387,2026-05-04,Instagram,23931.99,84916,13780,255
M003388,2025-10-12,Email,25768.61,143583,3484,46
M003389,2022-12-12,Meta Ads,23987.92,161294,10767,54
M003390,2025-06-29,Organic Search,6705.4,26083,13966,163
M003391,2023-07-07,Instagram,15440.27,57961,3222,21
M003392,2024-10-23,Organic Search,33325.72,95561,11552,69
M003393,2025-06-23,Meta Ads,38991.06,233492,436,91
M003394,2025-03-09,Google Ads,38219.43,222533,7954,17
M003395,2025-04-02,Email,27733.14,168207,4429,13
M003396,2024-11-07,Affiliate,4915.46,46791,9284,6
M003397,2023-07-12,Meta Ads,8568.13,121484,1798,128
M003398,2025-07-05,Affiliate,6189.49,37355,13321,163
M003399,2026-07-28,Google Ads,32552.54,129174,12457,218
M003400,2024-04-27,Instagram,33332.51,285681,8764,135
M003401,2024-07-29,Google Ads,18328.38,189688,9110,170
M003402,2024-02-14,Instagram,14123.01,229328,7853,153
M003403,2022-12-20,Direct,39986.06,64116,5567,113
M003404,2022-12-12,Instagram,35275.39,91680,5199,84
M003405,2026-02-13,Referral,38540.88,8477,6869,192
M003406,2025-07-21,Instagram,3946.09,152813,2000,11
M003407,2025-01-27,Organic Search,10659.49,163552,6729,86
M003408,2023-07-08,Direct,20071.06,174352,11811,185
M003409,2023-04-16,Instagram,11383.54,219899,2028,27
M003410,2025-01-22,Instagram,38515.83,266864,13647,119
M003411,2022-04-29,Affiliate,19499.1,199927,181,39
M003412,2025-12-12,Direct,18240.63,267228,6719,93
M003413,2025-02-22,Email,2290.95,120318,402,191
M003414,2023-03-23,Google Ads,5312.29,183059,908,226
M003415,2025-07-22,Organic Search,25497.73,222404,7886,36
M003416,2025-12-12,Instagram,11947.17,283829,12605,251
M003417,2022-05-06,Google Ads,31788.69,294921,5212,46
M003418,2023-08-19,Email,17847.82,191457,510,69
M003419,2025-05-23,Direct,5392.12,228522,1084,106
M003420,2022-11-11,Referral,10664.09,137098,7992,245
M003421,2023-01-31,Instagram,21297.35,216480,6509,125
M003422,2024-10-23,Referral,17036.27,20802,12712,192
M003423,2023-05-02,Google Ads,35066.34,250946,7107,180
M003424,2025-11-02,Meta Ads,12232.51,149925,7714,19
M003425,2024-03-05,Google Ads,26680.15,157193,11262,186
M003426,2024-01-11,Referral,37320.91,192198,13445,70
M003427,2025-06-08,Instagram,28548.96,60919,10306,186
M003428,2022-02-20,Instagram,20901.19,251025,6035,204
M003429,2025-06-28,Email,32743.5,295998,4547,200
M003430,2022-02-02,Organic Search,37192.32,57422,2628,179
M003431,2023-11-25,Organic Search,40995.17,290725,8769,74
M003432,2026-05-28,Meta Ads,36554.78,75966,9582,149
M003433,2024-02-24,Email,36702.53,165280,229,116
M003434,2023-04-08,Google Ads,37310.18,214371,8435,98
M003435,2023-01-23,Affiliate,30406.35,294548,10348,142
M003436,2024-05-06,Meta Ads,10174.93,136241,400,188
M003437,2025-10-27,Referral,14760.48,27567,1287,193
M003438,2025-10-28,Affiliate,7818.46,185925,13520,51
M003439,2025-03-04,Affiliate,29877.64,106190,4651,81
M003440,2023-06-26,Meta Ads,22568.18,13699,5682,10
M003441,2025-08-15,Meta Ads,24999.51,148167,7175,193
M003442,2022-06-04,Instagram,17256.49,109896,9374,173
M003443,2026-02-20,Referral,11063.1,107938,8104,220
M003444,2024-03-16,Affiliate,12601.42,245238,13105,192
M003445,2022-02-23,Affiliate,10404.74,251548,1204,74
M003446,2024-05-06,Meta Ads,40638.1,233190,7086,43
M003447,2024-03-26,Referral,31798.38,148720,5190,172
M003448,2024-04-28,Organic Search,9204.92,65359,11311,194
M003449,2023-07-01,Referral,1490.25,49487,9588,168
M003450,2025-06-21,Instagram,15769.28,130524,10811,139
M003451,2025-08-13,Referral,11991.97,87569,5148,186
M003452,2026-04-08,Referral,40364.97,105354,1758,161
M003453,2024-12-25,Email,26004.18,211272,6715,116
M003454,2023-03-25,Email,32712.1,275364,9447,129
M003455,2023-01-23,Referral,41077.81,45352,7515,133
M003456,2022-07-05,Email,4001.64,213093,8365,87
M003457,2025-09-13,Google Ads,5221.24,270905,4854,157
M003458,2024-01-09,Meta Ads,41698.39,81800,12163,201
M003459,2023-05-14,Organic Search,17687.21,183370,8815,216
M003460,2022-08-10,Affiliate,10134.2,120064,9645,62
M003461,2023-09-13,Direct,32313.57,119666,5846,125
M003462,2023-03-09,Referral,36197.53,272696,226,200
M003463,2026-03-26,Referral,15671.87,240991,9146,16
M003464,2024-05-04,Email,13536.12,236778,4662,61
M003465,2026-03-18,Instagram,27564.11,261857,9984,28
M003466,2023-02-21,Email,17599.56,158354,7601,23
M003467,2026-01-28,Google Ads,5136.13,152000,9426,160
M003468,2024-01-20,Meta Ads,13519.28,137308,11245,94
M003469,2025-09-15,Instagram,8354.98,140740,3973,7
M003470,2023-03-14,Organic Search,29344.31,42925,659,224
M003471,2022-10-28,Affiliate,3171.96,246147,12061,249
M003472,2023-07-03,Meta Ads,25899.45,243262,7041,2
M003473,2024-01-29,Email,36153.09,45684,1545,40
M003474,2022-05-04,Affiliate,31356.04,103960,5474,61
M003475,2023-01-25,Referral,6906.46,242548,3057,163
M003476,2022-06-21,Referral,26605.82,250834,3314,187
M003477,2024-04-25,Direct,6666.87,10532,4173,28
M003478,2026-05-13,Affiliate,21646.49,60725,12012,25
M003479,2026-08-27,Google Ads,22257.59,87222,11423,104
M003480,2026-08-08,Organic Search,33701.68,267640,210,33
M003481,2023-11-07,Email,5318.2,257582,4652,90
M003482,2022-06-06,Google Ads,23093.33,15414,5553,63
M003483,2023-11-02,Meta Ads,13996.72,36051,6974,209
M003484,2023-12-23,Referral,9985.27,127556,9118,61
M003485,2024-08-09,Organic Search,18099.22,186367,11722,97
M003486,2024-10-26,Email,7521.06,201222,6214,53
M003487,2024-01-21,Direct,27412.8,69004,1244,241
M003488,2022-09-07,Meta Ads,15781.0,55068,1538,115
M003489,2025-07-27,Meta Ads,1103.88,180570,11409,136
M003490,2022-10-16,Affiliate,17819.47,274299,7020,127
M003491,2025-01-28,Instagram,20385.25,296987,8034,185
M003492,2025-09-16,Email,41564.71,209333,12434,239
M003493,2024-05-15,Direct,28570.66,89023,13904,150
M003494,2026-08-14,Direct,1871.1,36404,7176,198
M003495,2024-03-07,Google Ads,32902.99,29606,10378,83
M003496,2026-01-23,Meta Ads,28732.92,189494,7206,95
M003497,2026-06-01,Email,15738.78,178589,808,223
M003498,2022-08-10,Meta Ads,661.89,268578,6238,8
M003499,2022-04-09,Referral,15946.38,52842,823,177
M003500,2024-10-20,Organic Search,25463.69,176728,5677,224
M003501,2025-02-15,Affiliate,10646.09,286459,10606,221
M003502,2024-06-24,Affiliate,22151.36,112730,9217,205
M003503,2023-09-23,Referral,25951.42,46028,12067,187
M003504,2022-01-31,Email,3486.95,112696,10335,16
M003505,2022-01-13,Email,38973.56,31062,1564,252
M003506,2025-12-11,Instagram,6539.15,202997,10905,189
M003507,2022-08-14,Organic Search,7720.25,247643,7456,225
M003508,2026-08-21,Meta Ads,34996.09,260747,200,93
M003509,2026-08-15,Meta Ads,20853.92,293246,2149,15
M003510,2026-08-05,Referral,38773.84,40448,13990,102
M003511,2025-03-31,Email,13125.04,56676,8098,12
M003512,2025-11-14,Google Ads,20065.81,219354,6518,134
M003513,2024-12-16,Google Ads,2070.51,188214,5103,20
M003514,2025-03-31,Meta Ads,32318.01,25308,153,237
M003515,2022-06-21,Email,30945.01,32915,11520,258
M003516,2024-12-05,Affiliate,39052.32,270712,9071,140
M003517,2022-08-17,Email,36541.03,179953,10227,255
M003518,2026-07-16,Instagram,2415.96,169965,5844,119
M003519,2024-10-23,Affiliate,20394.16,243230,8202,250
M003520,2026-07-10,Organic Search,4910.92,146753,5106,12
M003521,2024-01-09,Affiliate,7723.66,161379,8263,64
M003522,2026-08-22,Referral,7375.4,171968,2394,154
M003523,2023-07-10,Direct,6450.12,33080,8103,94
M003524,2022-12-09,Affiliate,9303.16,196753,12287,189
M003525,2023-11-05,Instagram,31913.99,28492,1280,201
M003526,2025-01-24,Referral,10614.5,222023,7835,215
M003527,2023-01-19,Meta Ads,19139.58,211751,1773,85
M003528,2023-12-08,Instagram,16441.25,179195,4426,210
M003529,2025-07-08,Email,28834.19,249605,10418,46
M003530,2026-06-26,Meta Ads,35231.66,241114,4381,138
M003531,2025-04-10,Direct,18698.85,165757,2343,240
M003532,2023-07-15,Organic Search,6409.16,54018,3594,56
M003533,2022-11-10,Affiliate,41075.44,85738,11068,163
M003534,2024-03-16,Google Ads,36968.16,25394,8773,142
M003535,2022-06-04,Google Ads,16077.29,221153,5061,94
M003536,2024-07-22,Affiliate,38306.13,297161,13319,144
M003537,2025-01-07,Google Ads,20631.14,213921,6399,180
M003538,2022-08-10,Affiliate,12370.33,111037,11979,163
M003539,2025-10-31,Referral,10356.29,213617,2094,145
M003540,2023-10-08,Instagram,30078.83,166116,9660,78
M003541,2025-02-18,Email,19491.02,145255,9610,210
M003542,2024-02-28,Email,33275.78,287089,11845,72
M003543,2023-05-16,Email,3223.94,197385,4201,40
M003544,2024-07-27,Direct,15297.31,129220,7445,253
M003545,2022-01-15,Instagram,10694.12,251328,3439,86
M003546,2023-03-21,Email,15871.73,44514,10740,111
M003547,2024-12-07,Google Ads,26207.68,209641,13204,39
M003548,2023-07-23,Meta Ads,32448.28,78140,10880,193
M003549,2026-07-08,Google Ads,24570.41,54931,6899,179
M003550,2026-05-26,Meta Ads,20099.04,267989,5229,186
M003551,2025-07-25,Meta Ads,6971.01,278502,11691,22
M003552,2023-07-20,Affiliate,30155.77,276221,10752,101
M003553,2023-05-24,Organic Search,1965.92,106040,9864,171
M003554,2026-08-30,Instagram,12962.5,212710,8923,84
M003555,2024-07-06,Direct,17326.7,232047,6082,250
M003556,2026-06-21,Direct,16448.36,116877,10315,251
M003557,2023-08-29,Meta Ads,36456.38,51930,3911,136
M003558,2024-05-04,Direct,27799.55,222352,7336,111
M003559,2022-06-08,Meta Ads,34009.89,277627,12522,200
M003560,2026-01-16,Google Ads,23037.51,48887,5202,11
M003561,2025-02-24,Email,29209.33,150599,13776,106
M003562,2026-04-10,Referral,12909.94,48698,2113,193
M003563,2025-01-25,Organic Search,7720.1,157121,7968,243
M003564,2026-03-25,Google Ads,34408.89,85029,10081,214
M003565,2026-08-29,Email,20778.76,270923,1517,233
M003566,2024-04-08,Referral,17048.2,198763,12815,124
M003567,2024-03-09,Affiliate,10477.23,268994,10626,142
M003568,2024-06-03,Direct,29161.95,183647,876,178
M003569,2023-10-02,Instagram,30686.06,76293,6837,189
M003570,2023-06-16,Direct,40632.43,169851,5315,76
M003571,2023-10-01,Direct,31057.83,94848,4047,71
M003572,2024-02-02,Referral,11146.21,239803,6467,247
M003573,2022-08-14,Meta Ads,11387.59,64006,8536,5
M003574,2024-10-15,Instagram,34250.72,199105,6220,50
M003575,2026-08-13,Affiliate,4879.72,291059,10023,31
M003576,2024-06-01,Instagram,2841.85,177225,6942,235
M003577,2026-07-02,Google Ads,30553.05,60886,8959,175
M003578,2022-07-31,Instagram,29998.22,170338,8836,221
M003579,2025-08-19,Direct,32520.71,21547,10325,209
M003580,2022-12-15,Affiliate,31596.06,250442,13636,216
M003581,2023-12-05,Instagram,7783.98,190657,11612,50
M003582,2022-05-01,Google Ads,24786.56,46754,7186,69
M003583,2023-04-14,Email,14100.89,222924,9008,14
M003584,2025-03-12,Affiliate,8549.93,13262,12510,137
M003585,2022-11-12,Organic Search,14768.1,290418,1088,83
M003586,2025-11-03,Affiliate,11842.95,212943,734,90
M003587,2026-03-05,Affiliate,18457.29,168328,936,93
M003588,2022-04-13,Affiliate,29211.09,26413,11365,186
M003589,2025-10-13,Affiliate,33028.26,144462,10414,21
M003590,2022-07-25,Instagram,25732.82,36129,9659,198
M003591,2026-01-05,Direct,20677.06,131063,10382,19
M003592,2022-05-09,Meta Ads,7160.04,185585,10214,63
M003593,2025-08-06,Instagram,32230.13,237651,9882,104
M003594,2026-08-07,Meta Ads,3440.98,213675,410,165
M003595,2026-05-18,Google Ads,4023.34,51768,9875,148
M003596,2026-05-10,Google Ads,28179.82,163154,9871,208
M003597,2022-11-04,Referral,4803.25,180770,13195,234
M003598,2025-07-16,Affiliate,25509.99,261327,696,128
M003599,2022-01-17,Meta Ads,20905.11,68934,5916,77
M003600,2026-03-30,Instagram,34498.41,61551,10421,41
M003601,2023-02-10,Affiliate,32446.61,33392,13525,131
M003602,2024-10-31,Referral,23450.33,105543,13051,115
M003603,2026-05-05,Direct,12480.24,33153,12247,173
M003604,2024-11-23,Meta Ads,17532.42,121785,6548,147
M003605,2022-08-05,Google Ads,32053.23,198825,5636,114
M003606,2022-07-22,Referral,4938.71,79245,11374,140
M003607,2024-08-21,Meta Ads,40308.17,284165,13225,38
M003608,2022-09-19,Meta Ads,3765.19,73661,11790,40
M003609,2023-09-01,Affiliate,37317.82,198512,11051,253
M003610,2026-08-23,Direct,18325.35,138036,11803,192
M003611,2022-07-25,Referral,32763.54,184399,3026,74
M003612,2024-12-31,Instagram,3063.19,33297,13371,86
M003613,2023-09-02,Google Ads,11954.99,95173,13988,119
M003614,2025-01-21,Google Ads,39327.22,198455,442,169
M003615,2022-09-18,Google Ads,24825.46,143490,9424,108
M003616,2024-06-30,Referral,1073.09,23240,2969,40
M003617,2022-07-06,Affiliate,19178.06,211432,9162,116
M003618,2025-07-22,Referral,32867.03,40172,5202,201
M003619,2023-03-20,Instagram,16908.25,216339,11684,41
M003620,2024-06-29,Affiliate,16035.42,78761,3721,167
M003621,2025-02-17,Referral,38023.66,48913,7845,167
M003622,2024-06-20,Instagram,35281.18,230333,669,18
M003623,2022-08-18,Instagram,34035.19,274197,669,36
M003624,2025-09-03,Instagram,11780.6,8018,5615,205
M003625,2022-09-08,Google Ads,22341.22,56723,5523,246
M003626,2022-09-27,Email,14235.32,265746,2495,224
M003627,2022-04-02,Email,23236.57,191921,10435,108
M003628,2022-06-26,Google Ads,31158.97,22207,9511,149
M003629,2023-05-20,Google Ads,28361.26,44953,7228,29
M003630,2025-01-21,Email,26819.59,118802,1221,219
M003631,2022-07-18,Affiliate,30885.89,84185,5416,251
M003632,2025-07-12,Google Ads,31479.42,75263,1354,220
M003633,2023-01-29,Organic Search,25768.6,236090,1256,134
M003634,2026-07-12,Email,39324.95,117712,8962,212
M003635,2022-05-28,Referral,32231.48,181066,13390,24
M003636,2023-10-26,Referral,34055.63,68915,1283,112
M003637,2022-09-21,Referral,5015.54,134964,12528,187
M003638,2022-04-13,Meta Ads,7493.69,10113,8849,251
M003639,2024-10-15,Direct,602.61,18196,1903,34
M003640,2026-04-18,Organic Search,16726.3,13252,9495,194
M003641,2025-07-02,Organic Search,2390.14,86137,13876,180
M003642,2026-08-12,Google Ads,3653.02,242982,7367,246
M003643,2023-01-30,Google Ads,899.34,217577,220,84
M003644,2024-09-14,Google Ads,22132.14,253083,7262,54
M003645,2026-04-23,Google Ads,3280.32,283770,5737,119
M003646,2024-08-09,Organic Search,20702.89,26750,9430,6
M003647,2024-08-02,Meta Ads,37127.25,92456,8798,192
M003648,2022-07-07,Email,7784.79,130878,3481,41
M003649,2022-12-13,Referral,37960.68,212377,2258,189
M003650,2023-05-03,Affiliate,29115.5,249346,11448,121
M003651,2022-06-14,Google Ads,35097.21,217670,9325,85
M003652,2024-10-01,Organic Search,7581.75,12479,13035,21
M003653,2022-11-29,Affiliate,19309.15,181274,4767,231
M003654,2023-12-28,Affiliate,2013.33,139251,10327,91
M003655,2024-02-19,Referral,35041.96,79227,7872,156
M003656,2022-09-12,Referral,6899.74,99849,4554,228
M003657,2026-07-13,Google Ads,35195.68,225551,5760,238
M003658,2025-03-12,Email,5945.56,160894,2571,17
M003659,2025-09-21,Instagram,16375.19,286353,2521,232
M003660,2024-12-04,Meta Ads,39303.17,295317,10972,143
M003661,2022-07-07,Direct,36959.19,235043,6407,188
M003662,2022-01-28,Direct,26014.24,225759,3271,114
M003663,2024-07-04,Direct,6421.99,41972,2902,119
M003664,2023-11-05,Referral,4728.18,201526,7268,217
M003665,2026-01-25,Referral,28330.95,99727,10842,231
M003666,2022-04-20,Instagram,27773.79,199980,3574,77
M003667,2024-02-27,Email,7007.13,202119,5023,69
M003668,2023-03-14,Affiliate,5746.58,248265,7715,103
M003669,2022-01-16,Affiliate,40763.54,254515,5985,12
M003670,2026-08-20,Email,29989.01,124914,12366,138
M003671,2025-05-18,Direct,20148.55,12404,7888,205
M003672,2023-06-01,Google Ads,13279.24,250512,5955,28
M003673,2026-01-03,Instagram,29985.88,279138,4205,195
M003674,2026-02-15,Instagram,38561.76,231593,3023,26
M003675,2026-08-05,Referral,5285.56,185020,3357,75
M003676,2022-08-16,Organic Search,39178.9,142789,2057,120
M003677,2023-07-24,Meta Ads,40512.36,47793,10765,28
M003678,2023-11-27,Instagram,11312.95,236606,2047,48
M003679,2024-04-29,Meta Ads,37810.34,108617,3335,46
M003680,2022-08-01,Affiliate,32956.71,280366,8444,226
M003681,2025-03-15,Email,10118.48,132577,9820,53
M003682,2024-08-02,Referral,4602.69,54804,11723,179
M003683,2022-12-12,Referral,893.55,69111,8393,89
M003684,2025-11-05,Google Ads,35038.74,42822,11709,59
M003685,2025-11-24,Affiliate,32749.8,147741,10481,61
M003686,2026-04-05,Instagram,25425.85,256694,12424,92
M003687,2023-08-14,Affiliate,36512.8,49437,3052,210
M003688,2022-01-25,Organic Search,13391.69,216426,5930,37
M003689,2026-04-07,Direct,9585.63,266880,7338,21
M003690,2023-06-21,Instagram,23565.02,193172,5405,140
M003691,2025-11-24,Direct,15859.65,277633,1444,215
M003692,2024-06-07,Referral,41406.5,43392,5701,83
M003693,2022-03-24,Direct,23930.22,125633,7990,170
M003694,2022-02-12,Affiliate,26825.33,258129,5353,153
M003695,2023-11-19,Direct,29926.08,182299,11569,107
M003696,2022-02-03,Instagram,38424.9,249027,13829,163
M003697,2026-06-21,Instagram,10633.7,41584,7223,187
M003698,2024-02-05,Google Ads,28542.14,166675,9096,22
M003699,2022-12-11,Email,5772.48,213632,13350,211
M003700,2025-02-16,Direct,34178.54,243746,1855,214
M003701,2024-08-09,Affiliate,25149.01,222027,927,225
M003702,2024-07-21,Referral,10264.05,211799,11097,103
M003703,2025-01-17,Affiliate,34934.88,66356,1387,72
M003704,2024-10-22,Email,31465.64,26663,1236,151
M003705,2025-06-13,Google Ads,15017.15,104660,11476,167
M003706,2023-11-24,Organic Search,29123.29,155047,7449,230
M003707,2025-09-07,Instagram,34342.42,233470,8072,179
M003708,2022-02-20,Direct,2598.42,68371,1714,63
M003709,2022-05-06,Organic Search,24901.06,295440,3645,165
M003710,2024-10-23,Direct,2909.76,146976,3107,50
M003711,2025-11-06,Referral,3299.62,190804,2782,79
M003712,2022-07-30,Organic Search,12306.67,273946,7868,176
M003713,2025-09-04,Email,32472.97,19380,10459,198
M003714,2025-09-02,Direct,41285.94,279432,8115,237
M003715,2022-08-24,Email,14182.66,259032,5134,220
M003716,2022-05-10,Instagram,12972.36,237932,1071,243
M003717,2024-04-14,Direct,19224.63,13779,11504,223
M003718,2023-11-29,Meta Ads,16020.08,240974,1805,59
M003719,2026-06-19,Google Ads,22410.97,202310,7487,2
M003720,2025-05-09,Organic Search,20008.6,163468,6975,23
M003721,2023-05-07,Affiliate,4869.71,49724,3856,114
M003722,2025-10-09,Meta Ads,26099.69,210074,12534,110
M003723,2022-05-11,Email,11980.58,210336,1537,130
M003724,2022-03-05,Referral,32787.37,194987,4052,51
M003725,2022-07-15,Instagram,16830.11,107236,5430,162
M003726,2026-03-05,Direct,8633.21,214848,3744,90
M003727,2025-10-31,Email,3860.69,87768,13593,212
M003728,2022-03-14,Direct,22787.88,76016,5292,81
M003729,2022-11-14,Instagram,26157.62,178789,13160,147
M003730,2024-11-15,Organic Search,26514.43,163067,13668,240
M003731,2023-10-17,Meta Ads,5506.29,49334,11798,32
M003732,2022-09-29,Referral,6059.69,260981,10724,100
M003733,2022-06-04,Email,16507.74,67650,6406,170
M003734,2026-07-06,Instagram,24219.86,285715,3411,132
M003735,2023-11-28,Instagram,22235.06,159232,1962,134
M003736,2022-06-18,Instagram,17461.17,252241,10063,11
M003737,2025-02-16,Google Ads,7078.73,95981,11014,47
M003738,2023-05-02,Direct,41473.94,34972,12384,64
M003739,2022-09-17,Meta Ads,18480.76,20887,5370,5
M003740,2023-11-25,Affiliate,28669.09,42874,5053,138
M003741,2022-12-20,Meta Ads,41864.38,55624,4755,22
M003742,2026-05-10,Direct,10916.98,61581,8956,182
M003743,2025-09-09,Google Ads,13013.23,97197,500,233
M003744,2025-04-16,Email,21961.4,264285,2357,174
M003745,2022-05-28,Instagram,34949.86,20091,1485,87
M003746,2025-09-20,Instagram,36277.82,40426,6537,61
M003747,2025-11-21,Email,24784.62,71462,4980,180
M003748,2022-10-14,Affiliate,21888.51,224389,7634,206
M003749,2024-07-31,Referral,33733.31,121746,7553,11
M003750,2022-08-12,Google Ads,13942.42,87543,5304,140
M003751,2023-11-13,Email,7702.84,6465,9804,94
M003752,2022-05-05,Organic Search,4992.28,21438,11538,73
M003753,2022-12-06,Instagram,27449.42,208800,1118,227
M003754,2022-10-14,Affiliate,35879.24,40724,9838,89
M003755,2022-11-26,Email,14712.16,69102,3134,98
M003756,2025-06-08,Referral,25761.4,65995,1625,161
M003757,2025-12-16,Instagram,39712.12,43877,9295,162
M003758,2022-12-15,Affiliate,26161.83,53322,5654,120
M003759,2022-03-03,Email,5411.0,145187,301,208
M003760,2026-03-02,Affiliate,33797.14,237499,298,155
M003761,2023-07-21,Meta Ads,27585.15,8840,10974,183
M003762,2026-05-28,Instagram,6088.19,57150,9439,146
M003763,2025-12-30,Referral,9487.33,167766,4487,254
M003764,2023-08-05,Google Ads,20193.05,9184,13350,112
M003765,2023-01-28,Email,23591.14,13811,5509,105
M003766,2026-07-03,Affiliate,34844.51,158276,13727,228
M003767,2023-04-10,Instagram,29252.68,277912,13039,189
M003768,2026-04-01,Meta Ads,6697.24,225305,1149,90
M003769,2026-05-15,Google Ads,39166.45,140972,7247,136
M003770,2023-10-23,Referral,1583.46,296906,6385,171
M003771,2025-08-04,Referral,10572.85,44361,2064,182
M003772,2024-10-22,Organic Search,20904.25,189062,11321,22
M003773,2026-02-10,Affiliate,21626.51,286616,6273,214
M003774,2026-03-07,Referral,4465.76,88991,8415,68
M003775,2023-11-19,Direct,36616.63,8899,3395,9
M003776,2023-06-21,Instagram,5453.8,98248,12093,199
M003777,2023-02-22,Meta Ads,18236.5,79954,5586,241
M003778,2023-08-28,Affiliate,31191.45,245080,385,154
M003779,2023-05-18,Meta Ads,25327.21,298011,1390,185
M003780,2022-10-02,Meta Ads,7383.5,251844,10596,205
M003781,2023-06-17,Instagram,37527.18,64507,4788,145
M003782,2025-02-15,Meta Ads,20533.81,60916,2409,222
M003783,2026-02-06,Direct,40973.69,176358,11379,161
M003784,2022-04-07,Google Ads,8956.65,35259,6905,10
M003785,2025-03-02,Organic Search,29368.37,131492,6631,79
M003786,2022-10-06,Direct,14882.88,177928,6116,103
M003787,2024-01-10,Email,24733.39,136524,4241,203
M003788,2022-10-13,Organic Search,19884.98,101963,13599,5
M003789,2024-05-21,Instagram,3691.37,94416,829,157
M003790,2022-08-24,Affiliate,12626.66,280902,8928,47
M003791,2023-09-23,Referral,28915.31,145708,6789,156
M003792,2022-05-17,Meta Ads,5348.97,27686,11723,21
M003793,2023-12-12,Instagram,35275.14,295151,3251,10
M003794,2025-05-28,Google Ads,14550.99,175250,8990,96
M003795,2023-09-29,Organic Search,26140.33,147444,3545,219
M003796,2025-06-30,Direct,17176.0,61241,12636,111
M003797,2022-10-23,Organic Search,18186.35,124129,10900,238
M003798,2024-02-16,Meta Ads,13910.55,164013,7307,64
M003799,2024-12-14,Meta Ads,21162.55,194422,2524,217
M003800,2025-01-31,Referral,1379.38,187316,10960,158
M003801,2025-11-26,Instagram,33523.48,113721,7401,200
M003802,2025-05-10,Email,21204.56,203373,5222,184
M003803,2023-05-28,Organic Search,25698.12,155939,2022,76
M003804,2022-05-28,Affiliate,12806.48,237664,365,137
M003805,2024-12-29,Instagram,33380.37,54266,2224,140
M003806,2025-05-22,Direct,11374.27,244307,5130,244
M003807,2024-10-16,Email,24097.91,54787,9135,149
M003808,2026-07-28,Meta Ads,31985.25,281741,3324,111
M003809,2025-03-18,Email,6165.03,103760,8539,176
M003810,2025-12-17,Google Ads,41474.77,172077,7563,27
M003811,2026-01-03,Referral,28204.34,34162,11922,56
M003812,2025-11-24,Organic Search,12439.32,30451,5817,19
M003813,2023-01-17,Meta Ads,14531.11,181856,8154,97
M003814,2025-03-04,Email,38569.13,288145,7131,136
M003815,2024-11-12,Referral,6900.82,298523,4607,238
M003816,2026-08-11,Email,3129.56,150554,12076,104
M003817,2025-01-05,Affiliate,6907.54,13016,7776,48
M003818,2025-04-24,Instagram,40152.84,215522,2043,72
M003819,2025-07-26,Referral,24852.18,294352,6152,116
M003820,2023-10-15,Meta Ads,5293.04,76029,3958,39
M003821,2024-10-22,Direct,20133.55,10580,1028,17
M003822,2025-01-16,Google Ads,14128.96,104218,8325,209
M003823,2023-02-18,Instagram,9709.11,103194,6767,193
M003824,2022-12-03,Instagram,29338.75,10043,2012,76
M003825,2022-09-03,Organic Search,4036.74,22483,12092,69
M003826,2022-11-24,Email,28713.02,216355,2799,171
M003827,2022-10-16,Referral,10181.78,95915,9665,9
M003828,2026-08-27,Instagram,30482.75,96619,7051,231
M003829,2025-06-18,Direct,14926.51,159599,3604,34
M003830,2024-11-07,Affiliate,4147.8,250629,5508,59
M003831,2026-02-25,Email,15566.43,161678,8906,235
M003832,2025-10-17,Meta Ads,11010.09,144301,2197,90
M003833,2023-09-23,Direct,4068.38,182848,629,204
M003834,2026-01-27,Google Ads,14502.13,158170,8052,240
M003835,2025-08-17,Email,7281.74,293961,1294,130
M003836,2025-08-07,Organic Search,22608.42,82536,1969,164
M003837,2023-12-22,Affiliate,37978.64,225516,12710,81
M003838,2025-03-28,Referral,37733.61,77853,5030,215
M003839,2023-01-10,Google Ads,24638.35,123863,1653,65
M003840,2024-02-09,Meta Ads,29390.81,16855,12986,138
M003841,2025-06-12,Direct,13648.68,259613,11069,204
M003842,2024-06-04,Direct,34896.35,43727,1149,119
M003843,2023-06-17,Referral,3599.48,110497,3066,163
M003844,2026-06-12,Organic Search,11196.31,147272,2270,145
M003845,2024-05-30,Email,1630.26,206026,11646,114
M003846,2022-04-07,Meta Ads,17597.98,153496,12240,134
M003847,2024-04-13,Meta Ads,12857.6,124064,335,88
M003848,2024-03-16,Organic Search,8152.46,64264,11842,44
M003849,2022-04-18,Affiliate,39158.48,273063,12088,150
M003850,2024-02-03,Instagram,7997.82,167694,441,122
M003851,2025-10-25,Email,22375.68,281941,5359,222
M003852,2022-01-21,Referral,37211.39,237583,1638,222
M003853,2026-01-14,Email,13457.02,93121,10861,238
M003854,2022-11-11,Email,3223.38,298912,380,81
M003855,2024-10-03,Instagram,18496.59,250222,5691,44
M003856,2026-02-24,Affiliate,21701.53,48783,4857,227
M003857,2024-11-28,Organic Search,29435.66,134324,12692,103
M003858,2022-12-11,Instagram,41366.4,181677,4250,225
M003859,2022-07-17,Instagram,40174.49,244512,2101,66
M003860,2023-12-06,Affiliate,5842.27,21701,1201,74
M003861,2023-08-05,Affiliate,18008.8,150296,7632,211
M003862,2025-12-01,Meta Ads,1157.47,129558,13589,105
M003863,2024-01-07,Affiliate,33239.75,68927,9626,206
M003864,2024-06-03,Email,27521.56,180319,3670,255
M003865,2022-06-18,Direct,30606.47,161958,5735,225
M003866,2026-02-18,Referral,40051.18,226547,10401,100
M003867,2026-01-21,Meta Ads,16191.74,280101,10983,80
M003868,2025-11-21,Instagram,22205.34,105144,6282,142
M003869,2023-02-20,Direct,18531.48,100828,6477,255
M003870,2023-01-16,Google Ads,11170.12,64348,12505,130
M003871,2024-11-23,Referral,20139.5,97159,3709,241
M003872,2025-02-01,Google Ads,26363.39,131902,13490,15
M003873,2023-10-28,Meta Ads,31423.02,77993,6121,22
M003874,2026-07-08,Affiliate,3439.72,91246,3072,243
M003875,2023-12-24,Referral,30950.73,285068,13921,5
M003876,2022-12-09,Referral,23413.23,137725,241,88
M003877,2022-11-22,Google Ads,17172.73,128431,1239,120
M003878,2025-04-08,Google Ads,27935.95,49405,1566,17
M003879,2024-08-08,Organic Search,5061.4,263104,4849,150
M003880,2025-12-09,Referral,7042.07,18287,6415,64
M003881,2023-08-05,Affiliate,33797.6,14922,8853,28
M003882,2026-07-14,Google Ads,19456.01,271403,7877,42
M003883,2026-02-09,Google Ads,16242.62,203306,8080,4
M003884,2022-10-15,Direct,1745.96,92061,11280,205
M003885,2025-09-04,Email,12531.92,172158,5290,132
M003886,2023-05-08,Google Ads,9749.54,30758,12843,60
M003887,2026-04-20,Meta Ads,1607.82,132131,5827,101
M003888,2024-01-09,Direct,36412.14,234154,11202,160
M003889,2026-08-28,Direct,2942.52,198162,13125,45
M003890,2025-12-17,Google Ads,27121.43,290266,6429,187
M003891,2024-03-03,Instagram,41509.92,144894,9004,47
M003892,2024-09-29,Direct,12667.24,195887,10262,217
M003893,2026-08-24,Affiliate,39599.71,6876,6483,18
M003894,2025-06-09,Email,38670.23,107255,11707,255
M003895,2023-03-17,Google Ads,2561.89,86409,9129,223
M003896,2022-01-27,Organic Search,12760.56,271324,9055,87
M003897,2022-02-18,Referral,7146.74,149340,5146,199
M003898,2023-11-20,Affiliate,17061.43,66767,4681,128
M003899,2025-02-21,Referral,5430.86,167158,13237,74
M003900,2022-01-12,Email,6726.11,31093,4256,145
M003901,2022-04-15,Google Ads,24294.57,211745,225,125
M003902,2024-05-31,Email,27639.73,85371,12168,213
M003903,2024-12-11,Affiliate,16119.38,287529,1748,228
M003904,2023-07-04,Instagram,3809.06,87254,2224,24
M003905,2023-10-15,Direct,27590.21,262779,1966,196
M003906,2022-03-04,Direct,22088.95,93224,2426,256
M003907,2023-06-06,Referral,37164.63,238426,1311,61
M003908,2023-01-13,Organic Search,5425.68,183584,6352,6
M003909,2025-05-25,Affiliate,28968.09,68213,13441,220
M003910,2026-08-17,Affiliate,13384.3,178928,1565,160
M003911,2024-02-16,Organic Search,38431.21,211105,6685,45
M003912,2024-08-19,Instagram,5728.08,34125,12919,224
M003913,2022-07-02,Google Ads,5741.04,249247,1077,91
M003914,2022-06-25,Google Ads,41183.84,138177,10704,220
M003915,2022-01-27,Referral,37082.4,187859,4100,181
M003916,2022-07-19,Direct,16608.48,29943,2032,13
M003917,2025-05-15,Google Ads,23964.74,161336,11917,118
M003918,2025-04-11,Affiliate,17498.83,101183,9176,4
M003919,2025-01-08,Organic Search,1661.33,254932,2514,56
M003920,2023-01-03,Direct,13768.05,106139,7556,71
M003921,2026-02-07,Referral,9613.27,235373,1207,217
M003922,2022-05-17,Referral,22667.88,130968,620,255
M003923,2022-07-29,Organic Search,7896.97,38532,12368,102
M003924,2025-12-10,Organic Search,11908.1,17952,8507,142
M003925,2024-10-29,Referral,12300.72,64745,2985,39
M003926,2025-07-21,Meta Ads,9655.29,160763,4835,79
M003927,2024-04-28,Affiliate,41130.76,276130,11089,231
M003928,2024-10-17,Direct,6783.95,255966,2009,59
M003929,2025-08-27,Affiliate,26994.95,99352,6128,103
M003930,2022-03-11,Organic Search,14166.87,213478,1028,222
M003931,2026-01-20,Meta Ads,22983.75,31349,13682,148
M003932,2026-02-11,Instagram,16701.07,90383,9240,107
M003933,2026-07-08,Google Ads,7910.83,239844,13990,78
M003934,2026-02-24,Direct,37062.17,88284,3352,139
M003935,2026-06-02,Meta Ads,30723.05,257832,6991,140
M003936,2022-07-17,Email,35249.77,135176,3836,213
M003937,2026-08-28,Email,11944.29,271223,5995,82
M003938,2024-08-06,Affiliate,6349.91,268777,10383,105
M003939,2022-10-31,Email,6319.66,135380,4059,100
M003940,2025-07-01,Email,6700.5,253584,9989,179
M003941,2022-06-30,Affiliate,34584.97,292522,4825,25
M003942,2022-03-28,Direct,16775.64,225068,10255,164
M003943,2025-03-22,Affiliate,1321.65,267061,10399,111
M003944,2026-04-11,Email,632.8,135228,13170,159
M003945,2024-08-04,Email,2836.97,274037,2562,257
M003946,2024-09-27,Meta Ads,14332.18,59306,5857,253
M003947,2023-06-01,Email,21329.31,184812,5353,250
M003948,2022-07-17,Affiliate,13142.18,218051,10993,42
M003949,2026-08-09,Organic Search,37106.45,123030,5009,213
M003950,2024-11-06,Email,18818.67,120768,3121,202
M003951,2023-07-12,Google Ads,6891.68,138976,3263,60
M003952,2025-10-31,Email,10267.17,245252,2596,123
M003953,2024-08-19,Organic Search,20791.33,204107,11775,58
M003954,2024-05-03,Email,3940.72,156830,8286,191
M003955,2026-08-26,Affiliate,41441.11,21092,1906,201
M003956,2025-03-09,Instagram,41793.18,142198,7588,108
M003957,2026-06-24,Direct,31057.73,66388,12983,29
M003958,2026-08-21,Referral,5656.67,4164,11660,230
M003959,2025-02-04,Direct,30776.31,135013,6632,76
M003960,2025-10-27,Email,7091.68,116463,3317,31
M003961,2024-08-22,Direct,14404.47,138711,8048,35
M003962,2025-11-10,Email,34972.65,56813,13068,40
M003963,2025-10-01,Instagram,32612.59,176533,10275,137
M003964,2025-02-08,Instagram,36476.66,109822,13524,8
M003965,2025-02-08,Email,14202.79,87171,13873,174
M003966,2023-09-17,Direct,41178.98,43525,2812,171
M003967,2024-11-23,Google Ads,2582.06,285803,11435,61
M003968,2024-04-12,Affiliate,10624.6,115021,3193,165
M003969,2023-10-18,Affiliate,40750.15,14285,6003,180
M003970,2025-10-18,Instagram,9164.26,284549,4601,122
M003971,2024-02-04,Affiliate,27174.72,131052,8267,157
M003972,2022-06-07,Meta Ads,7626.63,147005,1237,256
M003973,2025-07-17,Referral,29595.94,273734,4506,106
M003974,2025-07-11,Instagram,13790.27,103627,8931,215
M003975,2024-07-28,Meta Ads,10939.92,166264,8945,134
M003976,2026-06-25,Affiliate,19789.41,230914,13791,94
M003977,2026-03-02,Meta Ads,18536.11,101737,8217,88
M003978,2022-11-24,Email,10006.07,250672,11738,130
M003979,2025-08-17,Referral,25575.97,183095,1128,26
M003980,2023-02-16,Instagram,13452.88,179202,452,68
M003981,2025-04-13,Direct,41241.91,247941,986,179
M003982,2023-05-22,Organic Search,8889.55,173846,4058,244
M003983,2022-05-05,Affiliate,12173.9,106354,6097,201
M003984,2022-10-16,Affiliate,15323.99,187616,10702,100
M003985,2026-08-10,Direct,12950.31,13702,3418,111
M003986,2025-05-06,Instagram,27372.34,31494,12575,113
M003987,2026-05-24,Meta Ads,25458.57,192806,7973,230
M003988,2026-06-08,Direct,16624.07,68442,3568,94
M003989,2024-08-16,Organic Search,8095.98,91460,4783,80
M003990,2024-03-07,Meta Ads,1778.05,129610,6232,57
M003991,2023-05-16,Google Ads,15084.04,133373,9845,102
M003992,2024-11-25,Direct,37099.49,57293,5915,84
M003993,2025-10-06,Direct,7672.57,123135,13941,117
M003994,2025-03-31,Referral,9128.88,181626,328,16
M003995,2025-05-23,Organic Search,38502.07,113765,4396,175
M003996,2024-01-05,Affiliate,9246.96,172432,13973,179
M003997,2025-04-19,Meta Ads,26503.09,235271,7825,244
M003998,2026-01-08,Referral,33883.13,68500,10571,232
M003999,2023-03-04,Meta Ads,14076.85,73190,10148,156
M004000,2022-10-19,Organic Search,19647.51,24566,6638,169
M004001,2024-11-26,Instagram,20422.12,226375,1901,224
M004002,2022-09-24,Organic Search,30947.62,19136,4572,129
M004003,2025-10-28,Meta Ads,15687.05,5998,255,70
M004004,2024-07-09,Meta Ads,9941.76,140661,11322,224
M004005,2022-04-18,Affiliate,36052.4,96559,4822,252
M004006,2023-01-18,Referral,20696.31,69341,11962,88
M004007,2022-04-08,Referral,22363.81,129546,3999,244
M004008,2026-08-31,Affiliate,23006.27,158676,5263,143
M004009,2026-05-11,Email,6898.09,20242,167,42
M004010,2022-04-07,Affiliate,21607.47,188034,1073,238
M004011,2026-01-19,Instagram,19022.68,178398,3492,11
M004012,2026-02-20,Instagram,9142.11,167871,11148,145
M004013,2022-11-02,Instagram,28257.56,153262,3803,201
M004014,2024-05-16,Meta Ads,19949.51,266024,6336,167
M004015,2024-07-25,Instagram,19817.59,79019,5022,75
M004016,2023-05-15,Affiliate,35948.68,138889,11405,220
M004017,2026-08-12,Email,4568.71,238964,4638,231
M004018,2025-02-08,Referral,22837.46,66114,5033,249
M004019,2023-12-06,Instagram,23685.85,21720,1392,178
M004020,2026-01-26,Google Ads,9242.09,69265,960,60
M004021,2026-06-07,Affiliate,27724.88,108790,6517,184
M004022,2023-06-26,Meta Ads,1479.29,56616,10236,32
M004023,2022-06-19,Google Ads,9430.26,253428,12807,23
M004024,2024-11-23,Affiliate,18226.84,54096,8442,156
M004025,2025-12-07,Referral,3013.9,280530,9454,203
M004026,2023-12-11,Email,17846.77,90023,10236,47
M004027,2022-04-25,Meta Ads,32121.96,135626,9927,164
M004028,2022-08-26,Instagram,40548.58,243439,13422,121
M004029,2022-09-20,Referral,7111.24,24426,1515,170
M004030,2026-04-25,Organic Search,18612.83,274188,3315,173
M004031,2026-08-25,Email,3052.52,130820,12626,85
M004032,2022-05-09,Email,8413.82,237144,4045,66
M004033,2026-04-20,Direct,38001.93,192002,7419,36
M004034,2025-12-23,Affiliate,8830.52,125873,13120,176
M004035,2024-12-04,Referral,29763.17,39975,132,249
M004036,2025-10-04,Meta Ads,33231.61,174347,907,181
M004037,2023-02-15,Organic Search,38738.7,236998,10232,242
M004038,2025-11-01,Referral,21015.27,285490,12168,106
M004039,2022-10-29,Instagram,2772.5,183224,8247,52
M004040,2024-01-20,Google Ads,6080.73,16217,5161,5
M004041,2024-07-21,Email,36528.47,153023,3773,249
M004042,2025-03-24,Referral,37028.39,294029,11931,83
M004043,2024-12-11,Meta Ads,20549.72,19419,2281,121
M004044,2023-04-12,Meta Ads,29773.63,113277,3747,194
M004045,2023-04-25,Affiliate,9831.87,220160,2098,113
M004046,2022-09-01,Organic Search,39039.87,17574,10075,47
M004047,2025-10-12,Referral,1377.1,44284,13551,61
M004048,2022-03-04,Affiliate,29147.39,59536,3465,190
M004049,2025-11-08,Instagram,29025.35,58957,2188,257
M004050,2025-01-22,Instagram,29869.15,22354,4378,257
M004051,2025-05-23,Direct,34909.11,132688,13153,60
M004052,2022-06-06,Instagram,15659.54,160423,10859,151
M004053,2023-08-13,Referral,15469.28,209366,1710,229
M004054,2022-08-16,Organic Search,18467.7,49978,8651,133
M004055,2025-08-16,Direct,27012.01,32844,1845,2
M004056,2025-08-06,Meta Ads,34035.74,269405,5558,27
M004057,2026-04-02,Email,13320.73,220384,12919,135
M004058,2022-08-30,Instagram,15133.12,284118,11005,66
M004059,2026-04-03,Google Ads,38653.69,274678,3273,31
M004060,2023-09-13,Meta Ads,4015.25,115995,7677,128
M004061,2024-10-31,Referral,23502.21,88366,3498,212
M004062,2024-03-25,Email,4577.23,104376,650,40
M004063,2025-06-27,Meta Ads,12542.24,211211,939,252
M004064,2022-01-25,Organic Search,41581.93,175333,11807,188
M004065,2025-12-17,Direct,20645.47,271140,5088,17
M004066,2023-06-29,Referral,35088.92,229119,1920,74
M004067,2024-02-11,Instagram,12873.58,234269,12693,230
M004068,2024-06-01,Meta Ads,30003.21,167571,4103,186
M004069,2025-10-21,Referral,16332.98,186178,13376,142
M004070,2025-10-13,Meta Ads,31808.79,214576,11106,76
M004071,2024-10-02,Affiliate,24497.09,221867,6828,158
M004072,2026-05-03,Meta Ads,41824.18,131294,2643,71
M004073,2026-07-03,Google Ads,3558.98,278257,4990,184
M004074,2026-07-17,Instagram,34669.2,242133,2157,86
M004075,2023-02-23,Instagram,23746.51,140165,3108,10
M004076,2024-10-07,Organic Search,20867.05,211063,4643,135
M004077,2022-02-19,Meta Ads,40002.09,266504,5344,245
M004078,2024-03-28,Referral,12446.06,139930,12683,181
M004079,2022-06-02,Meta Ads,15464.93,45409,13422,116
M004080,2022-08-27,Instagram,17785.25,10212,10088,69
M004081,2025-06-16,Meta Ads,37081.87,33282,8107,105
M004082,2025-11-05,Google Ads,18318.02,216425,12666,152
M004083,2024-07-22,Direct,2874.58,63767,8773,230
M004084,2024-12-14,Referral,14947.76,70805,9589,116
M004085,2024-09-10,Email,11299.33,77970,8642,184
M004086,2024-09-07,Organic Search,36331.62,80238,5551,65
M004087,2023-01-31,Google Ads,27909.26,36670,12915,39
M004088,2026-06-26,Affiliate,25118.64,252878,1529,223
M004089,2023-10-28,Email,16276.06,102192,6488,168
M004090,2025-12-03,Google Ads,32184.08,98176,1838,17
M004091,2025-05-26,Referral,10817.78,164781,8923,259
M004092,2024-11-08,Affiliate,16672.93,240382,13209,144
M004093,2023-01-16,Email,41330.23,28079,10698,140
M004094,2025-08-18,Google Ads,4410.8,33961,7007,188
M004095,2026-02-06,Direct,23715.25,73773,9936,183
M004096,2023-11-19,Affiliate,40061.06,279615,1190,136
M004097,2026-06-29,Email,36010.73,262608,12117,213
M004098,2022-03-26,Google Ads,38352.59,226415,13647,83
M004099,2024-12-26,Referral,9475.8,98440,8264,239
M004100,2022-06-02,Google Ads,13472.1,7545,12259,168
M004101,2025-08-29,Affiliate,4566.24,73156,7398,40
M004102,2022-07-10,Organic Search,25738.68,83141,11725,25
M004103,2024-10-10,Meta Ads,4355.43,89477,9156,35
M004104,2022-10-30,Meta Ads,40826.71,243579,888,236
M004105,2023-06-06,Affiliate,19461.26,162380,5879,158
M004106,2023-03-19,Meta Ads,8118.08,216018,6713,173
M004107,2024-01-03,Meta Ads,26484.43,291787,3204,20
M004108,2024-05-03,Organic Search,12354.1,39194,8901,247
M004109,2023-10-13,Instagram,7134.25,80778,12272,256
M004110,2026-08-23,Google Ads,22321.93,181529,12312,50
M004111,2026-07-31,Google Ads,4102.1,288205,13634,34
M004112,2024-01-21,Email,27995.76,272465,3546,193
M004113,2022-02-01,Meta Ads,34222.03,70948,7594,234
M004114,2025-06-17,Referral,27671.32,189953,7995,222
M004115,2023-12-13,Affiliate,24784.48,17951,11447,149
M004116,2025-05-08,Organic Search,34158.26,237753,6797,31
M004117,2023-06-20,Meta Ads,36162.73,261373,11206,118
M004118,2026-08-13,Email,22754.96,272022,1507,10
M004119,2025-12-19,Direct,34478.16,201237,3122,11
M004120,2025-05-02,Google Ads,36183.69,219723,10040,175
M004121,2024-07-23,Email,30700.65,16431,10286,199
M004122,2025-09-30,Organic Search,12811.04,253912,8027,92
M004123,2026-06-06,Email,30151.68,114880,12619,41
M004124,2024-09-11,Referral,17046.88,258920,5596,122
M004125,2023-08-20,Referral,38146.91,12094,8446,190
M004126,2026-07-04,Instagram,38215.93,51572,5422,224
M004127,2023-07-26,Referral,28529.24,20109,10069,40
M004128,2024-07-17,Direct,34441.19,273270,10965,191
M004129,2022-06-21,Email,19569.8,153250,11881,194
M004130,2022-10-18,Email,10136.03,196906,3298,8
M004131,2023-09-14,Instagram,22946.67,176240,8004,71
M004132,2024-02-24,Email,9436.21,85487,13946,240
M004133,2023-11-08,Meta Ads,12782.18,174259,13826,174
M004134,2022-05-13,Email,15781.09,25902,3944,80
M004135,2023-12-31,Organic Search,40848.41,89583,3963,170
M004136,2024-03-28,Instagram,22201.86,130634,11763,22
M004137,2026-07-11,Referral,9930.49,194456,13568,88
M004138,2022-01-26,Email,41425.76,77285,8959,151
M004139,2023-10-10,Google Ads,2614.42,272492,8669,188
M004140,2025-05-09,Direct,30725.76,17402,6059,203
M004141,2023-10-13,Google Ads,14556.46,268291,321,109
M004142,2025-04-30,Organic Search,3534.64,35239,2914,78
M004143,2025-01-03,Affiliate,24952.74,208916,7965,167
M004144,2024-04-04,Email,5958.17,223331,3025,243
M004145,2024-12-16,Email,8318.54,291140,10510,157
M004146,2024-10-14,Direct,8136.78,85221,9637,86
M004147,2025-02-15,Instagram,19977.15,101390,7374,183
M004148,2022-05-16,Referral,7408.39,75810,1344,114
M004149,2026-04-24,Email,35490.79,63236,243,123
M004150,2026-06-05,Email,36532.98,122925,12052,245
M004151,2026-06-05,Affiliate,15928.58,190662,8804,120
M004152,2025-10-30,Referral,5223.15,236640,12998,218
M004153,2025-03-27,Instagram,19501.5,55390,8100,247
M004154,2026-06-30,Referral,23247.76,3357,4721,151
M004155,2026-08-19,Affiliate,24684.97,163242,5657,176
M004156,2024-09-16,Organic Search,19340.69,164746,6172,133
M004157,2025-05-16,Organic Search,6767.82,282944,11028,220
M004158,2026-03-31,Referral,27052.39,88818,542,163
M004159,2022-04-08,Direct,21041.37,242592,6303,231
M004160,2022-05-04,Direct,18847.91,280751,1548,75
M004161,2024-02-15,Google Ads,1061.68,214903,9774,258
M004162,2024-01-18,Meta Ads,10636.81,59807,5594,199
M004163,2026-02-28,Instagram,17780.66,260495,13208,73
M004164,2022-11-13,Meta Ads,37816.56,14058,5846,161
M004165,2023-12-24,Email,19052.28,10791,7409,230
M004166,2022-08-12,Direct,28916.61,260933,3264,205
M004167,2026-06-03,Google Ads,14010.92,94419,2156,40
M004168,2025-10-17,Email,36116.08,200462,3951,246
M004169,2022-11-18,Organic Search,21638.89,96123,7741,176
M004170,2022-07-25,Referral,35561.27,242594,13202,80
M004171,2025-01-09,Instagram,39617.33,230858,7550,102
M004172,2022-12-02,Meta Ads,39419.5,296180,6637,47
M004173,2023-08-26,Meta Ads,19891.37,68386,9303,200
M004174,2022-06-24,Referral,21074.75,22609,3571,32
M004175,2022-06-16,Referral,15547.59,255159,13190,90
M004176,2022-09-06,Email,31916.23,251648,7417,194
M004177,2024-05-18,Affiliate,14465.67,153793,10617,30
M004178,2026-04-01,Referral,20239.43,105184,3547,169
M004179,2022-02-06,Referral,20840.69,114598,4535,9
M004180,2025-11-20,Direct,24733.24,287290,13479,163
M004181,2024-03-01,Meta Ads,36857.07,198974,13950,157
M004182,2024-12-27,Organic Search,39670.85,230039,5464,120
M004183,2025-11-01,Google Ads,11547.96,295946,10477,212
M004184,2023-10-16,Direct,13668.56,239663,10881,223
M004185,2024-03-11,Email,27127.91,123298,13215,46
M004186,2022-07-20,Google Ads,5382.52,24926,1683,243
M004187,2022-03-08,Google Ads,34834.73,127611,8360,188
M004188,2026-07-08,Google Ads,13719.92,217735,8461,18
M004189,2022-03-18,Email,17482.72,110229,9364,167
M004190,2025-08-29,Email,31365.78,280457,9912,198
M004191,2025-03-27,Organic Search,20846.16,132326,1640,204
M004192,2023-08-29,Referral,33909.45,227054,6653,227
M004193,2022-08-23,Instagram,22152.02,216709,5226,153
M004194,2022-10-29,Email,5742.27,259281,8592,202
M004195,2023-08-12,Affiliate,21045.16,29468,3710,79
M004196,2023-05-26,Meta Ads,3754.79,284749,13182,7
M004197,2026-07-14,Email,26101.07,50640,13116,221
M004198,2023-01-04,Direct,14416.59,278540,4941,141
M004199,2024-03-06,Google Ads,10215.91,254732,4415,198
M004200,2024-11-14,Meta Ads,7280.23,123012,12235,223
M004201,2022-06-21,Referral,19591.48,71980,12713,22
M004202,2024-10-18,Affiliate,27206.18,164193,7396,187
M004203,2022-02-23,Instagram,33383.63,24498,9074,52
M004204,2025-05-08,Google Ads,41073.88,151556,3807,62
M004205,2024-10-28,Instagram,7582.02,54525,13457,66
M004206,2026-08-16,Referral,27200.36,295261,8937,92
M004207,2023-10-01,Organic Search,25862.1,160155,618,102
M004208,2026-08-31,Affiliate,2163.92,257438,8061,233
M004209,2022-06-18,Google Ads,24214.2,33852,5944,123
M004210,2026-08-28,Instagram,8989.95,116134,4749,211
M004211,2026-07-01,Affiliate,34310.07,265412,3969,47
M004212,2022-08-08,Affiliate,19600.67,258592,684,36
M004213,2026-05-12,Meta Ads,36499.03,200271,4434,139
M004214,2025-10-17,Google Ads,19794.83,269029,13647,124
M004215,2024-01-21,Direct,28780.81,145582,7197,106
M004216,2023-07-09,Email,9902.49,78896,7945,243
M004217,2024-07-01,Google Ads,33715.99,109171,7803,190
M004218,2026-02-06,Email,19238.1,249037,4290,146
M004219,2022-05-03,Organic Search,22228.47,226954,4551,214
M004220,2026-07-22,Google Ads,20305.24,128616,1703,217
M004221,2025-08-17,Google Ads,12832.58,205174,8100,97
M004222,2025-07-29,Google Ads,27091.95,174760,7898,86
M004223,2024-07-19,Google Ads,29812.08,170431,8134,158
M004224,2022-03-19,Email,24279.65,11292,333,6
M004225,2025-03-30,Organic Search,31891.1,296481,6548,189
M004226,2024-09-10,Referral,23221.89,277729,1576,229
M004227,2025-06-07,Affiliate,6467.71,206431,8271,111
M004228,2024-09-12,Google Ads,8956.38,278866,5835,62
M004229,2025-09-15,Affiliate,1787.66,91267,623,137
M004230,2024-10-19,Affiliate,14865.97,17901,984,144
M004231,2023-03-02,Instagram,37824.77,201520,13298,243
M004232,2025-03-05,Organic Search,36572.22,250838,9623,171
M004233,2025-08-01,Referral,12818.35,222425,3036,2
M004234,2023-02-24,Email,25999.46,147355,6731,31
M004235,2024-10-18,Email,28976.64,227865,4369,2
M004236,2025-07-12,Google Ads,38422.32,283590,817,254
M004237,2022-10-07,Meta Ads,27014.71,169916,2272,164
M004238,2024-05-14,Organic Search,36032.84,185431,8136,175
M004239,2024-12-22,Referral,25474.72,288847,1628,175
M004240,2026-05-02,Direct,7552.46,146241,10061,92
M004241,2024-06-03,Meta Ads,26141.1,21155,511,192
M004242,2023-11-16,Google Ads,25395.3,233460,10250,174
M004243,2026-06-17,Google Ads,32716.79,216501,11351,163
M004244,2026-04-25,Meta Ads,36330.67,117500,9030,168
M004245,2022-01-09,Email,4916.07,38444,4542,164
M004246,2023-05-14,Meta Ads,40558.81,68064,779,45
M004247,2022-01-19,Instagram,41475.58,3773,10141,16
M004248,2026-07-03,Instagram,15611.39,171356,4396,41
M004249,2026-08-18,Instagram,8489.77,92401,4779,160
M004250,2025-12-28,Meta Ads,33010.9,89923,4647,124
M004251,2022-02-01,Referral,29861.08,54394,13093,155
M004252,2023-05-04,Email,3757.62,68697,4295,22
M004253,2025-09-18,Affiliate,41394.95,205431,6236,80
M004254,2025-01-20,Email,38292.27,129948,12748,86
M004255,2025-01-21,Email,14018.6,276341,2485,123
M004256,2024-05-19,Email,2135.73,251798,7584,259
M004257,2023-09-23,Email,12821.26,14658,6419,133
M004258,2023-03-02,Organic Search,4666.78,198317,5278,124
M004259,2024-02-23,Affiliate,12776.38,250884,7578,87
M004260,2025-12-02,Meta Ads,9253.98,136433,9436,53
M004261,2024-02-29,Google Ads,10187.36,88020,4986,67
M004262,2022-07-15,Google Ads,28042.85,82292,6555,187
M004263,2026-01-17,Organic Search,30249.85,4451,9629,175
M004264,2026-08-19,Affiliate,29319.55,3483,11833,167
M004265,2022-06-12,Organic Search,33302.06,56247,1353,47
M004266,2024-03-04,Meta Ads,19152.74,44403,10627,239
M004267,2022-01-07,Email,20329.63,161143,10712,218
M004268,2024-01-14,Organic Search,11303.39,96472,6959,91
M004269,2024-03-13,Organic Search,4468.51,283744,8485,145
M004270,2024-12-23,Google Ads,23250.3,32331,4471,184
M004271,2025-05-23,Organic Search,9053.11,189799,3697,212
M004272,2026-02-12,Meta Ads,28952.68,261167,13586,228
M004273,2024-01-17,Affiliate,36832.97,215521,4750,198
M004274,2025-07-31,Affiliate,31646.34,83913,11218,172
M004275,2025-06-12,Organic Search,33676.77,198768,6508,58
M004276,2024-02-22,Affiliate,3748.84,26525,10053,156
M004277,2024-09-13,Email,35792.77,286094,11042,3
M004278,2023-03-02,Affiliate,1687.46,275646,4433,18
M004279,2026-04-20,Affiliate,38502.41,77482,12195,136
M004280,2024-06-13,Email,11863.08,172696,8448,10
M004281,2023-04-25,Email,23200.22,221809,11906,229
M004282,2025-11-04,Affiliate,14400.07,242762,6493,162
M004283,2023-02-05,Meta Ads,8389.65,169811,10009,201
M004284,2024-03-17,Meta Ads,19997.52,13216,10772,131
M004285,2022-11-06,Referral,15216.32,249362,10799,30
M004286,2025-04-24,Referral,5284.87,112464,11949,123
M004287,2022-06-23,Direct,24526.71,5434,8817,114
M004288,2022-06-08,Referral,21853.28,31961,5894,23
M004289,2025-12-23,Affiliate,32742.96,176567,1823,217
M004290,2024-11-28,Email,21846.13,151407,2856,143
M004291,2022-09-03,Instagram,26065.1,134908,1908,167
M004292,2025-08-13,Organic Search,12537.59,135286,9647,39
M004293,2025-04-09,Google Ads,16300.9,252187,12829,258
M004294,2024-11-18,Affiliate,31323.2,49596,5838,224
M004295,2025-09-24,Email,29664.34,214995,2991,10
M004296,2024-09-19,Email,32702.17,87391,1695,127
M004297,2024-07-20,Meta Ads,40759.38,24900,5139,191
M004298,2023-08-30,Referral,7514.47,239479,13945,229
M004299,2025-11-12,Meta Ads,4774.59,155704,12831,75
M004300,2025-07-15,Direct,1165.79,38712,11666,53
M004301,2026-07-10,Meta Ads,3702.06,259608,13908,245
M004302,2024-04-11,Direct,37281.04,196522,1817,144
M004303,2024-06-11,Organic Search,7817.93,156782,941,122
M004304,2022-03-06,Email,11783.03,265036,3502,88
M004305,2023-11-23,Referral,19904.82,204834,5222,130
M004306,2024-10-14,Direct,30903.48,259999,1643,170
M004307,2022-02-15,Affiliate,16220.75,225782,12538,160
M004308,2026-02-16,Meta Ads,18938.48,68919,4284,192
M004309,2026-03-25,Referral,8170.95,134175,12621,111
M004310,2026-05-03,Email,34675.2,184601,8130,168
M004311,2025-09-08,Instagram,2510.92,14356,2956,250
M004312,2022-08-24,Direct,19766.21,63277,4922,30
M004313,2024-01-19,Organic Search,14689.4,152357,2083,80
M004314,2023-10-29,Referral,1573.97,227666,6253,47
M004315,2024-12-21,Organic Search,22237.45,129004,10882,222
M004316,2023-07-30,Email,14319.4,72808,7720,18
M004317,2025-05-03,Referral,40025.46,23163,1530,48
M004318,2023-03-13,Referral,20061.26,261720,2066,116
M004319,2024-04-26,Google Ads,20422.29,45689,12431,54
M004320,2025-10-25,Instagram,15316.95,106932,12220,105
M004321,2023-11-01,Referral,37812.02,274480,13159,212
M004322,2022-07-29,Direct,33948.56,225967,9954,81
M004323,2025-10-18,Google Ads,40924.6,259308,11218,147
M004324,2022-12-05,Affiliate,9234.9,26653,8475,239
M004325,2025-03-31,Affiliate,24749.65,50311,5085,231
M004326,2022-04-11,Affiliate,16876.65,170013,4871,183
M004327,2022-06-26,Affiliate,7310.78,205051,9264,6
M004328,2023-07-02,Instagram,21199.37,221822,10457,153
M004329,2023-08-26,Google Ads,4771.19,168673,5885,137
M004330,2024-11-11,Meta Ads,16431.93,140401,12795,147
M004331,2022-03-24,Affiliate,25613.72,47910,10842,32
M004332,2025-12-23,Organic Search,39523.84,209300,12059,199
M004333,2022-06-30,Affiliate,5740.58,179630,4537,14
M004334,2022-08-09,Referral,10709.34,82918,2224,233
M004335,2022-07-25,Instagram,14665.72,176240,13408,151
M004336,2024-10-24,Meta Ads,9172.45,122638,10142,63
M004337,2024-02-19,Organic Search,3628.13,180805,2123,205
M004338,2023-11-05,Referral,31295.59,66084,11239,49
M004339,2022-11-16,Google Ads,1294.81,212665,13256,235
M004340,2023-06-22,Organic Search,23699.25,6106,3477,184
M004341,2024-03-26,Organic Search,32551.2,281616,1113,161
M004342,2025-07-01,Organic Search,1417.49,190699,2353,197
M004343,2022-04-30,Instagram,41928.85,50875,7104,168
M004344,2025-12-14,Affiliate,3309.43,232368,2195,189
M004345,2026-05-12,Organic Search,11733.3,6604,11313,123
M004346,2026-02-19,Affiliate,12715.85,277100,3616,141
M004347,2025-12-17,Affiliate,21336.14,236351,5138,118
M004348,2026-01-16,Organic Search,31594.4,14140,12894,176
M004349,2023-07-03,Instagram,10694.05,196621,6156,44
M004350,2026-03-20,Affiliate,30933.95,259006,7686,215
M004351,2022-06-18,Instagram,26589.41,102699,3169,114
M004352,2025-12-11,Organic Search,37138.61,131157,2206,94
M004353,2026-04-14,Email,8145.52,256092,5787,8
M004354,2022-02-06,Google Ads,10936.15,149512,7175,63
M004355,2026-07-04,Direct,14584.88,108417,13834,125
M004356,2026-03-06,Referral,3868.78,160077,8366,175
M004357,2023-02-24,Google Ads,11454.83,105884,12784,240
M004358,2026-01-18,Google Ads,35919.88,234080,6364,152
M004359,2022-04-20,Email,39332.21,236728,770,110
M004360,2022-11-14,Direct,12338.21,104666,6486,83
M004361,2025-05-29,Email,2024.38,139073,3097,145
M004362,2025-05-29,Affiliate,20872.37,120059,8065,9
M004363,2025-05-15,Email,31449.4,7915,7082,10
M004364,2025-09-25,Meta Ads,6526.81,246773,6296,178
M004365,2024-10-28,Instagram,24214.87,96378,9304,69
M004366,2026-08-02,Direct,31365.16,235414,5449,5
M004367,2024-06-28,Meta Ads,14164.88,22220,10753,78
M004368,2023-11-21,Email,9711.47,63847,11718,12
M004369,2023-05-11,Google Ads,8241.18,57457,6383,189
M004370,2022-12-20,Referral,16664.87,83929,9478,63
M004371,2024-07-10,Affiliate,40554.69,114083,4460,235
M004372,2024-10-08,Affiliate,26240.1,250299,12000,254
M004373,2023-07-01,Meta Ads,5158.17,69472,9127,231
M004374,2024-11-08,Instagram,36281.6,109886,7430,17
M004375,2023-05-17,Meta Ads,12775.39,79885,12283,16
M004376,2024-05-22,Organic Search,612.74,84229,5366,244
M004377,2024-06-02,Google Ads,21243.94,23508,10539,217
M004378,2026-01-07,Google Ads,22768.05,47215,2526,123
M004379,2023-04-23,Instagram,25243.99,217490,8690,170
M004380,2024-03-16,Google Ads,21630.92,132745,7555,2
M004381,2023-08-16,Google Ads,27931.99,8438,13109,14
M004382,2023-03-10,Email,26616.38,33000,10100,116
M004383,2025-07-15,Referral,7077.71,227736,9902,145
M004384,2025-07-20,Google Ads,9636.73,291417,12664,188
M004385,2022-11-26,Affiliate,24022.19,230347,5478,157
M004386,2022-11-18,Referral,8173.27,165908,7678,53
M004387,2023-06-03,Google Ads,40234.15,84589,631,249
M004388,2022-12-22,Instagram,34239.74,158244,3197,21
M004389,2025-01-13,Direct,5548.15,227332,2664,159
M004390,2023-02-06,Affiliate,36704.8,289576,10268,165
M004391,2022-05-22,Meta Ads,22725.18,66293,10965,159
M004392,2024-12-23,Affiliate,16394.42,88811,9905,207
M004393,2022-07-23,Instagram,36770.69,112765,8257,184
M004394,2023-02-23,Direct,1514.52,153842,3177,252
M004395,2024-12-25,Instagram,24933.09,37794,1273,211
M004396,2022-02-21,Direct,11572.37,106346,5803,241
M004397,2025-03-25,Affiliate,23408.91,4767,2053,117
M004398,2025-11-29,Email,37895.67,75409,2150,231
M004399,2023-02-27,Referral,31818.9,62905,8726,65
M004400,2022-10-29,Google Ads,32479.54,15117,4913,66
M004401,2022-09-16,Organic Search,17243.02,153809,2340,52
M004402,2025-12-14,Google Ads,26676.84,97477,9121,40
M004403,2023-07-12,Affiliate,25649.87,255854,7930,81
M004404,2025-06-10,Affiliate,5431.9,14456,5130,214
M004405,2025-03-12,Organic Search,28776.33,169706,962,38
M004406,2026-07-06,Google Ads,28724.88,78194,1470,105
M004407,2026-06-09,Referral,31810.46,216517,10236,88
M004408,2023-04-02,Meta Ads,40197.67,285126,2945,137
M004409,2024-09-05,Instagram,27739.0,295300,1280,136
M004410,2025-06-22,Direct,36616.53,187422,12897,92
M004411,2022-12-25,Email,25248.82,95325,7522,182
M004412,2023-03-27,Affiliate,4817.36,258534,5531,16
M004413,2022-11-04,Organic Search,28814.98,143490,2597,189
M004414,2022-01-29,Referral,40176.24,176554,451,101
M004415,2022-11-10,Organic Search,7737.35,178626,4927,157
M004416,2025-10-24,Referral,35295.14,207781,2513,170
M004417,2026-08-26,Google Ads,18006.96,227031,13628,150
M004418,2025-09-14,Direct,27627.1,266887,783,129
M004419,2023-12-26,Direct,26495.22,161258,1611,82
M004420,2022-03-31,Affiliate,10279.08,69710,6273,215
M004421,2024-02-07,Meta Ads,3213.23,56079,349,24
M004422,2025-03-30,Meta Ads,41698.93,251239,5303,95
M004423,2024-03-03,Direct,18464.38,69005,1526,154
M004424,2022-11-04,Email,23018.5,77075,7474,28
M004425,2025-05-09,Referral,1475.78,251890,9003,125
M004426,2026-08-31,Email,7894.38,207619,9807,209
M004427,2022-10-04,Referral,22680.02,71794,7708,140
M004428,2023-06-07,Referral,24364.87,89450,3082,94
M004429,2025-06-22,Meta Ads,18034.26,227889,9627,84
M004430,2025-04-21,Referral,35149.79,239030,497,222
M004431,2023-02-19,Email,33230.61,292535,5526,62
M004432,2026-04-04,Organic Search,28359.98,98731,8182,239
M004433,2022-01-31,Meta Ads,24626.22,255974,1251,247
M004434,2024-12-18,Google Ads,16388.17,32772,10247,136
M004435,2026-07-26,Email,7161.27,190428,6827,156
M004436,2023-12-24,Affiliate,1195.75,147545,12843,191
M004437,2024-08-06,Organic Search,37680.83,85003,481,236
M004438,2025-11-03,Google Ads,4861.65,288276,4115,181
M004439,2023-12-06,Meta Ads,8455.83,55596,8462,196
M004440,2023-06-08,Affiliate,20434.78,4445,10485,123
M004441,2025-09-25,Meta Ads,8777.83,281584,10188,8
M004442,2022-07-25,Google Ads,32624.87,145114,9320,34
M004443,2025-10-10,Email,17083.77,103234,11782,222
M004444,2023-04-11,Instagram,16527.15,264059,12036,214
M004445,2024-06-21,Organic Search,8801.88,74420,2837,227
M004446,2023-04-18,Email,22588.71,240113,1773,167
M004447,2024-08-17,Affiliate,31542.81,219922,9845,208
M004448,2023-01-06,Instagram,23181.76,268464,2346,114
M004449,2023-05-27,Email,38810.91,59872,4202,254
M004450,2023-04-18,Direct,36956.73,266412,8549,85
M004451,2024-04-02,Referral,6553.75,123307,9188,162
M004452,2026-08-14,Affiliate,13353.68,17410,559,228
M004453,2026-02-28,Referral,11898.98,238982,3536,198
M004454,2022-09-10,Direct,4225.4,47306,1704,241
M004455,2025-02-27,Google Ads,3139.47,188865,8339,73
M004456,2024-12-06,Affiliate,2171.9,31178,11086,206
M004457,2023-05-22,Google Ads,18916.98,259696,10034,173
M004458,2026-04-06,Organic Search,13583.72,78384,689,229
M004459,2023-02-08,Meta Ads,37873.07,275951,3060,117
M004460,2022-11-16,Email,41360.44,53365,7081,249
M004461,2025-04-19,Organic Search,41255.74,215012,2830,69
M004462,2025-02-09,Affiliate,2954.55,75913,6639,36
M004463,2024-02-11,Referral,12326.69,74687,9965,134
M004464,2025-12-04,Email,10913.57,158655,2803,104
M004465,2022-11-20,Referral,24543.51,28408,11007,109
M004466,2025-07-19,Affiliate,10388.23,268518,2709,116
M004467,2026-03-22,Google Ads,5687.48,264971,11448,10
M004468,2024-03-14,Meta Ads,2361.18,284214,3663,124
M004469,2024-05-28,Affiliate,8746.95,181965,2365,238
M004470,2022-02-11,Affiliate,38256.78,154943,6411,118
M004471,2025-12-22,Google Ads,40380.49,7305,2442,102
M004472,2025-03-05,Instagram,7552.16,24882,11853,81
M004473,2022-10-29,Instagram,18765.22,75319,11416,53
M004474,2023-06-21,Instagram,2091.11,208870,7929,241
M004475,2023-01-20,Google Ads,12991.71,173538,6632,13
M004476,2026-06-25,Google Ads,28774.87,108346,689,231
M004477,2024-03-19,Affiliate,4531.12,216317,2057,195
M004478,2022-02-21,Referral,36609.58,252273,2768,81
M004479,2024-03-21,Email,40976.28,234293,4185,200
M004480,2024-01-08,Direct,6544.25,74681,3294,74
M004481,2025-08-22,Referral,10901.45,297191,12587,23
M004482,2024-10-14,Meta Ads,22653.11,124221,8954,108
M004483,2026-02-09,Email,20469.79,164697,13316,101
M004484,2025-03-26,Google Ads,5493.72,299461,3847,64
M004485,2025-02-02,Meta Ads,4470.39,43327,13074,173
M004486,2022-12-19,Google Ads,17551.14,124079,514,237
M004487,2023-08-13,Meta Ads,5359.16,78668,11565,133
M004488,2024-03-02,Direct,38835.97,82102,7786,61
M004489,2025-11-11,Meta Ads,36464.38,70042,5648,65
M004490,2022-12-30,Meta Ads,16336.01,175072,2660,91
M004491,2025-05-27,Meta Ads,36506.59,55565,2232,166
M004492,2022-05-08,Google Ads,9969.92,95172,4209,33
M004493,2025-03-15,Instagram,36385.7,108734,12036,164
M004494,2026-02-26,Google Ads,14404.92,229585,13203,66
M004495,2023-04-20,Google Ads,14667.0,9660,3458,180
M004496,2023-01-17,Direct,10227.95,191898,1606,257
M004497,2024-05-28,Direct,31249.7,235738,12646,238
M004498,2026-01-25,Affiliate,33744.56,284102,7824,203
M004499,2022-04-21,Direct,1786.46,166049,8376,186
M004500,2024-04-04,Direct,33632.91,166825,9423,207
M004501,2025-02-13,Google Ads,7371.87,228658,407,41
M004502,2022-04-10,Instagram,14591.95,214263,13187,204
M004503,2024-05-12,Affiliate,26537.59,217640,7832,95
M004504,2022-04-06,Direct,34055.68,90098,7236,146
M004505,2024-10-25,Google Ads,11957.7,135795,9045,52
M004506,2026-01-23,Organic Search,10325.92,294255,13778,138
M004507,2024-12-06,Instagram,38242.67,258408,4021,33
M004508,2024-10-23,Google Ads,27485.27,39853,13142,187
M004509,2024-05-06,Direct,40528.06,250784,10943,109
M004510,2026-06-20,Instagram,27111.1,251403,600,202
M004511,2026-07-17,Direct,11568.14,142392,3255,8
M004512,2024-12-29,Referral,33443.29,160069,1297,164
M004513,2024-12-04,Email,14318.7,99987,1735,252
M004514,2023-11-29,Direct,20945.53,281323,2996,88
M004515,2022-11-29,Affiliate,20775.8,82539,6908,95
M004516,2022-08-12,Organic Search,9397.82,95283,9248,215
M004517,2022-11-15,Meta Ads,2542.4,126987,7441,257
M004518,2026-08-21,Direct,1013.42,184094,3665,250
M004519,2024-05-20,Email,13335.97,96410,11559,158
M004520,2024-08-14,Google Ads,38822.46,146687,9585,21
M004521,2023-10-08,Instagram,8279.47,27757,10782,86
M004522,2026-05-02,Affiliate,987.5,93260,7798,102
M004523,2026-08-21,Email,6377.59,245869,12076,61
M004524,2025-10-04,Affiliate,34810.43,246572,5139,197
M004525,2026-02-26,Meta Ads,9879.91,202278,2530,97
M004526,2024-12-03,Affiliate,33082.1,92617,880,110
M004527,2023-04-27,Referral,24690.65,81034,9979,168
M004528,2025-10-14,Meta Ads,37093.91,84028,5611,167
M004529,2025-07-06,Affiliate,26980.08,62662,11068,12
M004530,2023-07-14,Affiliate,18792.42,190101,2021,60
M004531,2023-12-03,Instagram,34620.08,37209,2556,167
M004532,2025-07-15,Referral,28675.56,32829,7311,224
M004533,2023-10-17,Instagram,10135.83,114463,6972,198
M004534,2023-12-18,Meta Ads,30096.55,271244,9253,136
M004535,2025-12-02,Instagram,5187.92,78354,483,116
M004536,2022-01-07,Direct,23109.96,298660,277,167
M004537,2025-07-06,Referral,35000.93,121801,9436,193
M004538,2024-02-09,Affiliate,37887.31,284425,11978,179
M004539,2022-09-08,Organic Search,32533.08,19683,13999,86
M004540,2022-02-14,Instagram,19921.76,159494,9568,122
M004541,2024-03-26,Referral,16314.26,196670,4873,46
M004542,2022-09-05,Organic Search,20847.55,122608,3810,39
M004543,2026-06-26,Referral,24948.53,62014,4096,254
M004544,2024-05-08,Email,9368.56,144267,8687,255
M004545,2025-12-01,Direct,7802.76,295925,945,203
M004546,2026-05-30,Google Ads,14650.54,257338,8947,63
M004547,2023-06-06,Instagram,21779.57,222291,529,121
M004548,2025-09-11,Organic Search,10030.23,128136,5505,200
M004549,2025-12-29,Google Ads,12936.43,132458,10465,198
M004550,2024-02-11,Affiliate,24743.79,196853,5519,145
M004551,2023-06-15,Meta Ads,32375.89,128095,6695,144
M004552,2024-09-18,Referral,10260.04,287494,898,193
M004553,2024-03-04,Organic Search,29886.16,223054,12442,221
M004554,2026-06-21,Direct,20747.27,197984,11661,62
M004555,2025-09-21,Email,19304.3,274510,12321,70
M004556,2024-04-01,Instagram,4585.47,46247,2384,11
M004557,2024-12-10,Google Ads,33064.58,238144,5030,86
M004558,2024-02-05,Direct,30891.94,25338,11422,190
M004559,2025-08-03,Direct,41702.32,166385,6702,247
M004560,2022-09-24,Instagram,6634.77,119072,13617,41
M004561,2024-01-31,Referral,9373.87,155652,8463,165
M004562,2026-03-28,Direct,19630.82,66552,11765,141
M004563,2026-04-22,Email,26797.65,154088,2829,34
M004564,2022-07-31,Google Ads,6223.49,103849,8910,191
M004565,2022-10-05,Meta Ads,5564.15,60272,13043,36
M004566,2026-07-04,Google Ads,5813.69,228436,6127,177
M004567,2024-10-30,Email,15876.64,187629,2502,81
M004568,2026-03-22,Affiliate,38532.34,159135,5744,235
M004569,2025-09-01,Referral,5599.79,230300,815,230
M004570,2026-01-20,Referral,7153.9,90617,908,211
M004571,2023-03-17,Email,28466.12,159858,6763,207
M004572,2024-11-09,Organic Search,28972.44,55637,7152,168
M004573,2023-04-24,Organic Search,1202.35,109098,4890,155
M004574,2026-04-04,Referral,11028.25,129610,8626,72
M004575,2024-07-11,Google Ads,3531.93,34994,13233,107
M004576,2022-03-08,Google Ads,4322.48,164309,7111,199
M004577,2025-02-13,Meta Ads,19162.18,190540,13376,121
M004578,2022-09-02,Google Ads,18824.81,97139,3454,149
M004579,2022-02-18,Organic Search,20851.89,132040,7327,185
M004580,2022-03-21,Instagram,6800.85,258337,4451,134
M004581,2023-08-14,Referral,26852.71,193057,11583,77
M004582,2024-02-18,Organic Search,24146.35,36075,9817,230
M004583,2024-01-27,Affiliate,35052.51,71453,221,188
M004584,2024-08-28,Google Ads,41803.35,36159,2528,47
M004585,2025-06-29,Affiliate,31085.43,217332,2045,76
M004586,2024-02-22,Direct,14615.46,252852,1145,258
M004587,2023-11-12,Referral,32396.8,118654,5444,196
M004588,2026-02-18,Google Ads,25321.09,63789,12851,120
M004589,2026-07-13,Email,38913.9,43889,11446,246
M004590,2025-11-13,Email,1138.9,36974,13954,118
M004591,2024-11-29,Email,28056.7,89463,12211,210
M004592,2022-11-10,Email,25323.28,225349,7909,90
M004593,2023-06-30,Affiliate,36707.97,299909,13948,66
M004594,2024-06-21,Organic Search,41029.03,57675,9303,156
M004595,2025-10-15,Instagram,18196.05,281590,9263,217
M004596,2026-03-27,Google Ads,17437.94,145000,10208,192
M004597,2024-04-30,Referral,38800.52,149960,12365,133
M004598,2023-02-22,Google Ads,36543.06,123266,10789,6
M004599,2026-05-24,Affiliate,11266.82,90297,5765,166
M004600,2025-07-20,Google Ads,35006.13,16570,10549,180
M004601,2024-10-31,Direct,9164.57,175529,1647,162
M004602,2025-05-17,Referral,40919.95,170763,12290,28
M004603,2024-03-19,Referral,32796.24,89238,13131,75
M004604,2023-01-06,Affiliate,37287.07,129567,1445,30
M004605,2025-05-14,Email,1534.78,253917,2061,12
M004606,2023-03-09,Google Ads,40685.57,256524,7991,53
M004607,2026-08-29,Organic Search,17621.61,199972,3506,62
M004608,2022-09-16,Affiliate,31670.84,72400,10091,247
M004609,2025-12-07,Email,20542.46,106524,2189,164
M004610,2025-03-01,Email,36692.37,268010,8688,165
M004611,2022-10-25,Affiliate,23132.81,190343,8254,156
M004612,2024-09-30,Affiliate,21203.55,223365,861,209
M004613,2023-12-19,Email,38444.72,16479,8528,102
M004614,2024-11-05,Instagram,39824.55,121391,441,168
M004615,2025-12-19,Email,32483.59,94134,13904,80
M004616,2022-06-15,Referral,6837.84,296431,9224,164
M004617,2023-12-09,Email,29008.22,214546,441,67
M004618,2024-08-22,Google Ads,38486.09,58000,1361,255
M004619,2025-06-09,Email,2279.08,262653,12047,78
M004620,2022-09-01,Organic Search,14790.17,214943,12973,218
M004621,2022-08-13,Affiliate,40448.63,143291,10549,193
M004622,2026-03-05,Instagram,27463.96,85482,11638,221
M004623,2023-02-15,Google Ads,29760.47,234562,2001,143
M004624,2023-03-24,Meta Ads,35538.39,89317,5602,111
M004625,2024-04-06,Organic Search,38921.29,30097,1755,121
M004626,2026-06-28,Direct,33857.62,128356,5101,49
M004627,2024-09-14,Direct,40657.67,284813,8301,108
M004628,2025-05-25,Organic Search,30111.11,240793,2583,257
M004629,2024-08-17,Affiliate,6663.74,265196,7480,54
M004630,2022-10-25,Email,12876.62,7602,6636,222
M004631,2022-04-14,Affiliate,32243.48,60787,1158,144
M004632,2024-07-16,Instagram,5512.82,36623,10732,147
M004633,2025-11-24,Direct,18785.83,188772,9394,244
M004634,2025-07-07,Organic Search,20262.07,264755,12798,242
M004635,2025-03-28,Instagram,24577.97,16060,8090,141
M004636,2022-02-11,Meta Ads,36948.04,287252,10156,253
M004637,2022-08-17,Email,25021.6,117637,10738,125
M004638,2023-03-26,Google Ads,14275.13,43047,3539,221
M004639,2022-08-21,Organic Search,34107.37,153264,6964,29
M004640,2024-03-25,Meta Ads,35221.96,265075,12386,74
M004641,2024-06-10,Meta Ads,5400.57,230080,9783,15
M004642,2024-08-28,Google Ads,8861.22,282672,4053,192
M004643,2022-05-11,Referral,38033.1,258390,10948,109
M004644,2026-01-27,Affiliate,34438.36,121219,6202,159
M004645,2024-08-08,Affiliate,15764.8,118994,5476,241
M004646,2026-01-23,Instagram,8242.57,203403,6224,243
M004647,2025-10-21,Affiliate,7305.93,278057,5135,115
M004648,2026-05-20,Direct,21061.7,162806,12112,6
M004649,2022-11-16,Email,6283.74,190873,10902,123
M004650,2025-03-12,Organic Search,7937.29,275008,6206,31
M004651,2025-10-03,Affiliate,12946.01,120334,957,129
M004652,2026-07-27,Meta Ads,36629.46,157799,6801,71
M004653,2025-11-09,Referral,40684.79,282894,5233,165
M004654,2023-12-13,Google Ads,23379.64,197270,4939,63
M004655,2024-03-10,Affiliate,22391.77,110337,8834,146
M004656,2026-02-18,Affiliate,10928.45,223284,3649,34
M004657,2025-11-27,Organic Search,40534.99,87135,6359,76
M004658,2026-01-27,Email,9176.24,181569,12415,245
M004659,2022-07-24,Instagram,25759.98,28222,10660,207
M004660,2026-01-15,Affiliate,38372.14,262081,9442,250
M004661,2022-06-27,Email,39501.73,76005,3382,58
M004662,2025-02-10,Organic Search,10146.22,119284,813,131
M004663,2022-03-11,Email,38205.93,162904,10041,46
M004664,2023-08-22,Direct,4290.76,277121,3047,45
M004665,2022-07-09,Email,24417.49,24387,12148,213
M004666,2024-04-11,Google Ads,36453.47,85404,3617,252
M004667,2022-05-30,Email,25309.51,237112,8613,116
M004668,2022-07-01,Affiliate,17243.17,173606,2422,131
M004669,2024-02-09,Instagram,31074.28,127047,5110,145
M004670,2026-04-21,Referral,37884.72,69190,2355,235
M004671,2026-05-22,Google Ads,20648.09,102094,7915,114
M004672,2024-08-16,Meta Ads,35751.31,160117,8170,229
M004673,2025-12-30,Referral,22842.69,197805,13713,108
M004674,2025-04-18,Organic Search,19093.63,72623,2349,204
M004675,2022-10-20,Google Ads,31482.46,111198,13466,149
M004676,2022-07-04,Direct,34815.65,211000,11694,48
M004677,2023-07-09,Direct,32606.51,21163,11073,108
M004678,2023-07-16,Email,20280.49,6395,13469,156
M004679,2026-03-06,Referral,19072.74,5020,995,25
M004680,2024-03-20,Meta Ads,25962.18,187511,4614,132
M004681,2022-05-14,Email,25805.58,157804,11582,69
M004682,2023-03-21,Referral,10762.63,40852,10709,240
M004683,2023-07-19,Organic Search,29504.0,231448,7535,79
M004684,2025-09-29,Organic Search,33102.76,51878,8503,154
M004685,2024-08-10,Instagram,34382.16,74885,8817,172
M004686,2022-09-28,Instagram,34059.19,6530,9001,30
M004687,2024-04-20,Direct,6947.16,262356,2850,95
M004688,2025-06-23,Referral,18490.16,186212,13784,14
M004689,2022-01-06,Google Ads,31792.14,94117,10798,87
M004690,2023-01-12,Email,25299.29,139670,7161,243
M004691,2025-09-03,Google Ads,1385.16,83432,4313,106
M004692,2026-05-20,Google Ads,3060.39,136870,4994,45
M004693,2023-01-22,Organic Search,16935.4,262859,10026,69
M004694,2023-04-01,Meta Ads,28453.21,138009,11397,74
M004695,2022-05-03,Email,19725.39,278635,10483,253
M004696,2023-05-14,Meta Ads,32471.48,133856,12205,27
M004697,2024-10-01,Referral,13207.14,162584,10969,193
M004698,2024-05-05,Affiliate,11554.11,145506,7539,155
M004699,2023-02-25,Direct,11951.14,288161,7121,239
M004700,2023-10-31,Direct,18075.74,39969,5071,180
M004701,2025-10-20,Google Ads,15647.49,194176,8863,184
M004702,2023-03-26,Referral,22376.05,43231,7496,164
M004703,2024-01-22,Email,40575.53,95880,5819,235
M004704,2025-03-02,Email,36630.7,164015,193,245
M004705,2022-12-28,Google Ads,2140.37,94695,2762,209
M004706,2026-01-31,Organic Search,12522.58,256990,5870,83
M004707,2024-05-23,Email,12293.43,85107,13717,82
M004708,2022-02-15,Email,36052.27,290660,625,37
M004709,2024-07-05,Referral,26805.11,142106,3712,143
M004710,2022-07-03,Instagram,27760.49,169211,2716,96
M004711,2025-04-11,Referral,24386.21,16817,3643,185
M004712,2024-10-31,Organic Search,7787.97,259482,217,22
M004713,2024-06-27,Meta Ads,1841.18,288466,1964,246
M004714,2026-08-04,Direct,25293.05,32970,11935,239
M004715,2023-01-05,Google Ads,31879.86,25993,4091,193
M004716,2024-04-21,Affiliate,23602.9,240351,2273,70
M004717,2025-08-12,Direct,10732.29,123760,2458,204
M004718,2024-01-30,Organic Search,12474.93,243136,10565,53
M004719,2024-08-28,Affiliate,8081.51,62001,5347,57
M004720,2025-06-21,Instagram,13498.36,91667,5092,219
M004721,2024-08-22,Email,27270.4,110871,8062,192
M004722,2022-03-21,Referral,19115.18,85386,10919,214
M004723,2026-06-25,Direct,21233.68,8913,1946,43
M004724,2023-04-10,Instagram,10693.86,50457,12646,159
M004725,2022-03-03,Meta Ads,6909.19,53881,11992,227
M004726,2023-05-04,Email,25091.73,200959,6760,226
M004727,2022-08-22,Instagram,38271.57,110873,6564,27
M004728,2024-06-09,Organic Search,17198.74,299100,6831,31
M004729,2022-03-31,Instagram,29969.99,67593,3434,173
M004730,2026-02-18,Google Ads,10749.96,251337,5819,112
M004731,2024-03-13,Direct,6259.03,285591,6547,19
M004732,2022-08-17,Referral,23337.81,132681,12124,160
M004733,2022-06-21,Instagram,36501.13,157971,1564,244
M004734,2024-01-20,Email,29933.05,132766,11742,217
M004735,2023-10-17,Instagram,18421.28,76610,11801,114
M004736,2026-08-31,Instagram,34591.92,91247,1338,16
M004737,2025-09-26,Instagram,2763.04,11527,4472,126
M004738,2023-12-19,Google Ads,36557.05,233561,8658,208
M004739,2023-12-11,Email,36750.67,69255,3447,197
M004740,2022-04-28,Meta Ads,39830.73,87392,4827,24
M004741,2026-06-07,Direct,5025.83,71085,4273,140
M004742,2023-10-16,Google Ads,8788.62,70527,7299,63
M004743,2025-09-21,Referral,677.39,117737,8899,186
M004744,2025-06-17,Referral,8222.33,159123,7883,40
M004745,2022-07-29,Affiliate,3275.45,182100,1523,64
M004746,2023-05-28,Direct,21700.25,229475,7094,165
M004747,2024-07-28,Referral,17713.33,297353,7478,255
M004748,2023-09-10,Organic Search,35913.35,158792,2805,163
M004749,2025-04-15,Google Ads,18416.65,166034,11536,222
M004750,2023-09-06,Referral,29288.57,280460,2228,234
M004751,2024-07-27,Meta Ads,6672.71,270923,5094,173
M004752,2022-05-10,Instagram,13194.02,168388,5063,161
M004753,2022-12-15,Direct,24884.71,227410,7549,224
M004754,2026-02-17,Email,26808.57,63387,7883,246
M004755,2024-04-23,Referral,41904.81,143763,11520,64
M004756,2023-12-22,Meta Ads,27599.6,165702,6325,217
M004757,2026-06-17,Organic Search,654.81,82199,4794,101
M004758,2023-03-09,Meta Ads,30405.06,192696,3519,166
M004759,2023-05-12,Direct,32726.09,8112,1349,227
M004760,2022-08-19,Affiliate,20591.83,3766,6053,57
M004761,2024-09-26,Google Ads,26310.99,92972,3881,6
M004762,2026-07-29,Referral,28439.89,201007,8663,241
M004763,2022-06-13,Email,4054.07,8965,7557,29
M004764,2023-01-10,Email,20277.16,159338,8736,201
M004765,2023-01-28,Email,33268.49,14507,9751,156
M004766,2024-02-16,Instagram,5892.38,37440,3415,203
M004767,2023-05-30,Instagram,27897.96,260668,13385,229
M004768,2026-04-13,Meta Ads,20086.27,139546,9868,28
M004769,2022-04-30,Google Ads,37104.66,93565,7327,215
M004770,2026-01-24,Direct,34095.3,113667,7503,31
M004771,2025-08-10,Direct,4907.59,245711,1130,91
M004772,2023-05-15,Email,20703.79,289264,4820,193
M004773,2025-10-29,Organic Search,8390.21,241940,13861,207
M004774,2022-10-07,Meta Ads,38258.0,287292,9393,257
M004775,2024-11-21,Referral,25068.41,146493,4069,173
M004776,2026-05-12,Meta Ads,20942.21,248892,537,145
M004777,2025-04-22,Meta Ads,26193.74,129584,855,113
M004778,2024-06-24,Google Ads,12882.21,276204,1874,45
M004779,2024-08-21,Email,30915.61,127178,12542,150
M004780,2025-03-11,Google Ads,1308.77,207862,3596,70
M004781,2022-06-10,Email,2407.03,88769,13240,172
M004782,2023-07-10,Affiliate,3323.49,270964,7832,94
M004783,2023-11-22,Affiliate,22456.4,254560,6947,193
M004784,2023-08-12,Referral,17360.91,184844,2570,185
M004785,2024-02-22,Google Ads,38433.78,142139,1308,205
M004786,2022-06-15,Google Ads,33668.93,117659,3136,112
M004787,2024-06-28,Google Ads,15702.17,48191,6501,162
M004788,2026-02-24,Instagram,5202.42,68118,8005,67
M004789,2023-11-19,Google Ads,26510.65,217186,6096,73
M004790,2022-07-04,Meta Ads,19078.11,56700,8083,146
M004791,2023-05-17,Affiliate,11790.36,290116,7145,3
M004792,2022-12-09,Organic Search,13080.71,291616,6029,224
M004793,2024-02-07,Referral,38883.99,242055,12682,239
M004794,2026-07-01,Referral,8448.63,194013,12285,152
M004795,2026-07-18,Organic Search,11871.98,273228,7139,236
M004796,2025-11-04,Affiliate,27713.96,53379,12521,247
M004797,2025-03-10,Organic Search,28233.13,101278,13665,96
M004798,2025-01-08,Email,30358.23,82552,11685,144
M004799,2023-09-16,Meta Ads,1620.25,190556,13830,212
M004800,2022-10-08,Instagram,16222.63,199042,7102,219
M004801,2026-02-04,Meta Ads,33415.65,213957,10733,78
M004802,2022-08-16,Instagram,1721.99,149242,6191,117
M004803,2023-03-02,Affiliate,6151.76,266091,13261,251
M004804,2022-09-15,Instagram,26146.66,185716,3270,26
M004805,2022-11-25,Organic Search,34061.31,266852,10498,200
M004806,2024-03-04,Meta Ads,14680.52,251338,10691,51
M004807,2024-04-04,Affiliate,10988.35,268349,9325,211
M004808,2025-12-23,Affiliate,28383.91,211898,13080,158
M004809,2023-03-13,Direct,33784.86,191374,11244,205
M004810,2022-05-19,Email,32510.87,268553,8633,139
M004811,2026-02-19,Direct,32115.09,53075,12032,184
M004812,2023-12-31,Email,15999.41,264814,9771,67
M004813,2025-07-11,Direct,24233.24,155921,4682,231
M004814,2025-01-20,Google Ads,36393.64,101518,5015,218
M004815,2026-03-21,Email,17104.55,68801,650,198
M004816,2023-06-12,Instagram,24157.34,45704,7385,74
M004817,2025-12-28,Direct,29751.57,211347,896,28
M004818,2025-02-16,Direct,37633.93,273063,8610,131
M004819,2022-08-30,Instagram,31402.73,30281,3251,200
M004820,2026-04-16,Meta Ads,25279.61,130362,971,49
M004821,2022-09-28,Organic Search,8253.4,209010,5481,66
M004822,2022-01-28,Meta Ads,17019.5,70822,8844,142
M004823,2022-11-04,Referral,27216.23,119662,6549,44
M004824,2022-04-15,Meta Ads,4309.56,266418,11358,77
M004825,2024-02-14,Google Ads,22725.44,50773,12993,217
M004826,2022-11-26,Affiliate,24127.61,95465,10623,235
M004827,2025-04-24,Email,25948.42,111450,9400,148
M004828,2026-01-19,Direct,32558.18,50661,6330,113
M004829,2025-01-29,Direct,3425.57,32592,2481,9
M004830,2022-10-07,Affiliate,12443.63,88995,3122,201
M004831,2026-05-22,Organic Search,8957.46,107701,10530,33
M004832,2022-11-20,Affiliate,27446.71,125527,3372,217
M004833,2022-03-04,Direct,30052.16,285715,8056,115
M004834,2024-09-17,Email,7377.99,215772,4702,127
M004835,2025-01-14,Email,33256.38,65797,12981,156
M004836,2022-02-26,Affiliate,13834.63,114192,5975,94
M004837,2026-07-17,Organic Search,38786.52,24728,8506,135
M004838,2025-07-11,Affiliate,7746.09,227323,12301,35
M004839,2022-10-31,Affiliate,9661.77,202855,3226,247
M004840,2024-01-02,Affiliate,35211.66,220835,6771,177
M004841,2023-02-02,Email,34186.61,236310,1918,120
M004842,2023-02-08,Direct,5745.39,118040,11363,65
M004843,2026-08-07,Referral,35492.81,101468,8221,225
M004844,2023-06-14,Google Ads,24778.19,116167,4607,94
M004845,2024-07-15,Google Ads,34871.88,98482,683,223
M004846,2022-01-13,Google Ads,18956.38,241000,8047,136
M004847,2024-03-21,Meta Ads,23771.09,229506,2342,181
M004848,2023-12-10,Meta Ads,28162.85,76258,12258,116
M004849,2026-06-12,Meta Ads,33228.93,46609,477,84
M004850,2023-09-02,Affiliate,37090.59,237609,10614,105
M004851,2024-08-17,Meta Ads,25990.34,187597,1709,70
M004852,2023-02-08,Direct,6293.76,85826,6186,107
M004853,2022-04-11,Affiliate,22362.58,264404,8450,62
M004854,2023-12-20,Affiliate,41218.26,47655,10543,51
M004855,2024-04-26,Instagram,17197.66,71405,9637,206
M004856,2022-01-28,Instagram,11731.29,48015,7520,111
M004857,2022-07-05,Meta Ads,35984.16,195732,11765,209
M004858,2023-03-16,Direct,6821.25,11042,800,137
M004859,2026-01-19,Email,14665.11,67358,8655,237
M004860,2024-10-08,Google Ads,926.28,15999,2143,63
M004861,2024-05-01,Meta Ads,28987.76,196861,8548,221
M004862,2025-10-03,Referral,41958.75,95739,6767,66
M004863,2024-03-07,Meta Ads,7957.81,97290,4754,185
M004864,2022-09-25,Meta Ads,16737.29,171153,203,164
M004865,2023-12-10,Referral,17916.02,67701,10118,104
M004866,2025-04-08,Direct,14239.22,130781,1296,238
M004867,2022-07-03,Email,15700.06,184416,543,215
M004868,2024-12-13,Organic Search,17285.96,35865,2304,218
M004869,2022-01-30,Organic Search,5440.49,233819,11472,66
M004870,2022-01-05,Meta Ads,9536.0,102243,3616,217
M004871,2025-02-23,Google Ads,10189.65,132419,414,52
M004872,2022-09-10,Google Ads,26754.32,142230,6699,31
M004873,2024-02-12,Meta Ads,11790.56,251529,5259,253
M004874,2023-11-13,Direct,28230.37,82611,1459,199
M004875,2025-09-19,Direct,37110.65,192502,13412,161
M004876,2022-11-29,Email,3528.87,145113,5382,113
M004877,2022-07-25,Referral,36533.75,101637,1468,18
M004878,2026-06-15,Meta Ads,3724.8,167916,1087,20
M004879,2022-09-21,Instagram,28561.72,253016,2689,184
M004880,2025-03-23,Organic Search,37455.42,106140,875,50
M004881,2022-03-02,Meta Ads,6871.54,265549,7820,191
M004882,2023-03-28,Affiliate,4160.51,118933,11034,92
M004883,2025-11-19,Direct,17926.11,274912,6368,51
M004884,2025-03-24,Instagram,10328.01,200653,154,116
M004885,2025-11-05,Google Ads,31569.95,164799,4101,168
M004886,2026-03-21,Affiliate,13672.18,266545,10571,244
M004887,2026-03-23,Affiliate,22133.45,149592,4212,14
M004888,2024-05-27,Email,23086.3,144390,11410,200
M004889,2025-12-09,Google Ads,28224.73,39851,1293,154
M004890,2026-05-29,Meta Ads,34883.09,130136,13628,199
M004891,2026-08-23,Direct,11923.12,256756,9852,170
M004892,2025-10-07,Instagram,21317.85,99504,2433,195
M004893,2022-02-27,Referral,12298.94,164822,7830,14
M004894,2024-05-16,Organic Search,7442.62,171838,2709,247
M004895,2023-03-03,Referral,18214.92,87981,7897,132
M004896,2024-04-10,Meta Ads,29133.28,284225,11471,177
M004897,2022-10-05,Google Ads,10125.89,112469,9134,133
M004898,2022-05-01,Affiliate,35544.49,290911,4087,104
M004899,2024-07-29,Referral,14194.69,290057,9101,38
M004900,2023-03-04,Organic Search,13566.12,129704,2331,132
M004901,2023-03-13,Direct,35223.57,207369,1869,133
M004902,2025-07-12,Organic Search,40245.16,169847,156,173
M004903,2024-11-08,Google Ads,29168.66,163930,8717,11
M004904,2026-01-09,Meta Ads,28346.49,263131,7702,103
M004905,2024-07-02,Referral,14622.31,115411,3949,11
M004906,2024-09-08,Organic Search,3529.59,257073,869,41
M004907,2025-03-24,Referral,6041.45,168209,8551,32
M004908,2022-08-29,Direct,3632.31,153305,13746,111
M004909,2026-07-30,Direct,7196.9,239937,9640,147
M004910,2026-03-24,Referral,5308.15,169262,12478,140
M004911,2024-10-23,Direct,12698.27,269333,13251,185
M004912,2022-06-02,Affiliate,25432.58,100403,4151,192
M004913,2023-11-23,Google Ads,17273.88,171478,5385,251
M004914,2026-08-10,Organic Search,12355.55,202401,10477,50
M004915,2025-11-03,Google Ads,29731.1,297272,5092,3
M004916,2022-07-08,Organic Search,32412.41,43696,9905,248
M004917,2025-02-17,Direct,889.69,196176,1789,187
M004918,2026-08-15,Google Ads,33371.55,141068,11984,225
M004919,2026-05-05,Email,28495.8,206911,164,142
M004920,2026-01-06,Email,694.66,294514,12067,253
M004921,2022-08-06,Google Ads,16473.87,60824,9877,99
M004922,2026-08-23,Meta Ads,4493.09,20305,5857,191
M004923,2025-06-28,Email,29548.16,289065,13505,229
M004924,2022-09-29,Affiliate,31569.82,52430,465,177
M004925,2026-06-08,Organic Search,12677.76,142668,1927,4
M004926,2022-03-01,Instagram,22003.16,33089,9198,212
M004927,2025-08-12,Meta Ads,24333.82,170212,9234,186
M004928,2024-05-07,Organic Search,3810.42,92545,5181,18
M004929,2025-11-07,Instagram,3685.49,231731,3958,109
M004930,2022-02-14,Instagram,23900.75,270875,12910,226
M004931,2024-07-01,Organic Search,12451.97,204531,10405,92
M004932,2022-07-20,Referral,32733.22,30728,3645,148
M004933,2025-05-28,Affiliate,35359.57,288437,1489,188
M004934,2024-11-09,Referral,6651.19,195725,6933,184
M004935,2024-02-06,Affiliate,19234.57,34805,12805,53
M004936,2025-06-25,Google Ads,23175.79,176160,5952,148
M004937,2023-11-19,Organic Search,18399.86,35177,6108,218
M004938,2023-07-27,Organic Search,34728.19,51957,1722,15
M004939,2024-10-14,Referral,21632.48,266191,4772,187
M004940,2024-11-20,Email,7913.44,226665,13523,231
M004941,2025-06-28,Meta Ads,36988.68,197564,4456,132
M004942,2022-06-29,Referral,28855.34,226367,3594,258
M004943,2026-08-22,Meta Ads,1010.18,171697,5736,45
M004944,2024-03-19,Organic Search,5709.0,258621,760,69
M004945,2024-02-11,Direct,4986.41,296329,944,65
M004946,2023-03-06,Meta Ads,12335.59,267442,5078,60
M004947,2025-09-19,Referral,31982.62,92404,7108,30
M004948,2023-05-04,Meta Ads,24969.66,8047,12067,172
M004949,2023-07-07,Email,24250.99,52997,8104,170
M004950,2025-03-02,Affiliate,6672.69,138769,1375,63
M004951,2022-12-14,Instagram,32138.84,97582,5196,121
M004952,2025-01-22,Meta Ads,39466.39,208647,3645,77
M004953,2022-02-04,Google Ads,30139.17,273927,632,170
M004954,2022-04-05,Instagram,24213.41,18282,9046,9
M004955,2022-07-27,Meta Ads,36010.13,259797,6214,205
M004956,2026-06-19,Google Ads,33266.32,270741,7872,207
M004957,2024-11-13,Email,3695.97,294765,532,197
M004958,2025-12-22,Google Ads,15382.3,178958,11395,124
M004959,2024-05-24,Affiliate,8243.99,150310,7789,233
M004960,2025-08-21,Referral,37517.08,19179,2893,94
M004961,2024-02-15,Email,36178.66,137771,6924,248
M004962,2026-01-08,Direct,3777.23,245351,2102,82
M004963,2025-09-11,Referral,6672.58,127607,13687,224
M004964,2023-07-18,Instagram,37654.87,186081,5561,59
M004965,2025-02-25,Referral,11194.88,177022,5356,247
M004966,2022-01-22,Referral,18340.0,42546,6740,163
M004967,2024-02-13,Referral,11714.78,242493,13202,40
M004968,2026-03-16,Google Ads,17444.66,169503,3941,189
M004969,2025-04-17,Referral,1267.13,52768,7545,165
M004970,2022-11-22,Direct,39947.35,142548,4673,200
M004971,2023-03-16,Direct,3488.64,198540,9584,185
M004972,2025-08-07,Google Ads,1621.59,197035,1350,23
M004973,2026-01-05,Instagram,8091.69,35874,6259,219
M004974,2022-04-24,Referral,14145.15,225116,8555,87
M004975,2025-04-22,Google Ads,22011.99,239174,13170,236
M004976,2023-09-14,Affiliate,28481.87,263737,7267,234
M004977,2025-10-22,Email,27433.77,136690,3501,102
M004978,2024-11-22,Google Ads,19377.47,281200,6406,2
M004979,2023-01-12,Meta Ads,41748.89,207322,11216,82
M004980,2023-03-02,Referral,41257.59,154674,10923,192
M004981,2025-12-17,Direct,17020.22,76932,10138,95
M004982,2022-09-20,Direct,30962.79,282997,13835,197
M004983,2025-07-16,Instagram,12432.38,86419,3610,22
M004984,2025-01-08,Email,5934.68,225582,3439,192
M004985,2025-11-30,Meta Ads,21820.83,193990,5168,172
M004986,2024-09-29,Referral,22774.49,181265,2608,224
M004987,2022-01-25,Instagram,3047.62,189302,4165,93
M004988,2023-07-03,Direct,31155.78,273801,6562,83
M004989,2024-01-02,Meta Ads,34270.68,74001,4340,216
M004990,2023-07-10,Organic Search,17495.22,166865,6667,116
M004991,2026-03-28,Instagram,14080.82,96008,12960,121
M004992,2023-12-09,Referral,31627.55,7925,11941,120
M004993,2026-06-30,Referral,30744.11,283875,743,143
M004994,2026-06-20,Referral,2743.64,93072,9613,94
M004995,2023-10-28,Affiliate,21837.59,83334,13725,222
M004996,2026-06-03,Organic Search,41966.18,216409,8829,103
M004997,2023-05-13,Referral,12665.44,183849,11507,181
M004998,2023-09-29,Direct,11279.24,207894,2305,186
M004999,2023-07-22,Meta Ads,5270.42,259626,3855,254
M005000,2024-06-30,Affiliate,10089.62,201630,9905,184
M005001,2024-08-27,Referral,6761.54,273683,11531,208
M005002,2022-12-19,Organic Search,32227.01,290349,6937,177
M005003,2025-03-27,Instagram,13724.33,16441,7735,162
M005004,2025-03-06,Meta Ads,5201.79,85230,753,53
M005005,2022-08-23,Direct,40945.14,89042,8231,247
M005006,2023-04-27,Organic Search,25415.78,69420,6759,204
M005007,2024-08-11,Referral,35995.43,274572,13550,36
M005008,2024-10-05,Direct,9139.73,161046,10519,259
M005009,2025-07-30,Google Ads,19516.97,207629,13731,178
M005010,2025-11-28,Affiliate,2433.99,79435,10648,53
M005011,2023-01-26,Organic Search,25401.57,243273,3748,56
M005012,2022-06-26,Organic Search,29632.33,244319,9301,195
M005013,2025-02-18,Referral,14087.85,106587,10297,173
M005014,2022-02-03,Email,5811.54,142746,3642,212
M005015,2025-05-10,Instagram,40500.05,135050,10480,141
M005016,2026-04-28,Meta Ads,7131.42,116066,7188,118
M005017,2023-04-08,Instagram,23823.82,224141,1558,75
M005018,2025-04-15,Google Ads,11927.7,13719,12809,224
M005019,2023-01-19,Referral,15788.18,10663,13031,203
M005020,2024-12-10,Direct,7178.09,135420,8511,163
M005021,2025-04-08,Affiliate,32917.23,232808,7195,198
M005022,2025-10-21,Google Ads,17969.95,146290,2435,91
M005023,2025-03-01,Organic Search,31599.91,5635,865,119
M005024,2026-03-25,Organic Search,26306.14,45233,8854,28
M005025,2024-01-24,Google Ads,26282.47,74173,9576,231
M005026,2025-06-14,Affiliate,9151.76,204401,13430,174
M005027,2026-01-24,Referral,33978.44,220411,1347,226
M005028,2024-07-09,Direct,21122.67,110668,11624,120
M005029,2023-06-10,Google Ads,25494.31,133853,2824,69
M005030,2026-07-10,Google Ads,22795.27,54285,8540,107
M005031,2025-10-22,Organic Search,5772.21,19238,7822,148
M005032,2024-12-05,Affiliate,7019.62,174637,7140,80
M005033,2023-01-27,Affiliate,37681.06,245796,5743,255
M005034,2025-09-13,Direct,18232.62,216368,5504,227
M005035,2023-08-25,Email,36571.87,108376,5499,78
M005036,2023-08-21,Meta Ads,28002.83,50939,5951,28
M005037,2022-12-15,Meta Ads,39115.37,27966,10438,187
M005038,2022-08-26,Referral,12351.6,292247,3914,248
M005039,2022-07-03,Meta Ads,816.06,257138,9882,84
M005040,2025-08-26,Direct,27592.03,141653,10405,139
M005041,2024-02-02,Email,38212.64,57433,1991,89
M005042,2022-11-27,Google Ads,6156.2,220747,6298,194
M005043,2026-08-21,Email,4345.51,249661,1318,137
M005044,2024-07-16,Meta Ads,40577.39,189005,3167,21
M005045,2024-06-26,Direct,5862.5,29602,8238,196
M005046,2026-08-07,Direct,16367.18,130051,13401,205
M005047,2024-07-15,Email,14366.14,78591,4926,71
M005048,2023-10-15,Instagram,16758.78,19288,12214,99
M005049,2025-06-24,Email,8249.03,261110,11936,197
M005050,2023-01-12,Instagram,3540.08,262505,1386,159
M005051,2023-09-28,Instagram,24994.6,227957,11122,229
M005052,2026-07-15,Organic Search,28989.33,133714,11677,212
M005053,2023-01-14,Instagram,33220.31,4306,3343,219
M005054,2024-01-01,Meta Ads,2236.49,31936,3993,103
M005055,2025-12-29,Instagram,9739.53,181899,11290,140
M005056,2025-10-10,Organic Search,25076.68,285733,12460,132
M005057,2026-04-15,Instagram,7428.04,56709,1072,7
M005058,2024-12-11,Direct,25821.81,244056,2989,170
M005059,2026-07-29,Google Ads,7988.23,194852,2564,77
M005060,2024-08-20,Direct,8836.3,144055,9112,57
M005061,2025-09-15,Instagram,5567.15,225959,11048,43
M005062,2025-10-21,Email,33687.72,239253,11669,150
M005063,2024-01-15,Meta Ads,33877.1,284147,11387,159
M005064,2025-02-11,Instagram,29716.6,110979,7512,25
M005065,2024-11-02,Email,8393.42,168367,170,256
M005066,2022-06-26,Instagram,18754.36,162805,6625,168
M005067,2024-08-06,Instagram,694.1,274332,10861,61
M005068,2026-07-26,Email,12332.48,227968,1835,93
M005069,2023-11-22,Google Ads,41191.06,190464,11491,179
M005070,2023-06-30,Direct,14562.12,93251,5426,32
M005071,2024-10-23,Affiliate,27536.16,70580,731,254
M005072,2025-05-19,Referral,13463.07,181068,10435,15
M005073,2024-06-24,Affiliate,5455.82,230550,3849,102
M005074,2023-09-27,Direct,14561.01,129755,10905,145
M005075,2025-07-04,Instagram,3762.06,125069,13975,143
M005076,2025-12-30,Affiliate,32244.75,294065,12838,93
M005077,2022-11-29,Instagram,4052.61,178576,7268,119
M005078,2026-07-30,Meta Ads,22247.4,123438,8777,84
M005079,2024-11-17,Google Ads,10530.89,117518,8591,258
M005080,2024-10-07,Meta Ads,15309.41,17374,11745,257
M005081,2024-04-14,Email,33770.85,186144,11566,35
M005082,2025-08-12,Instagram,39423.14,106077,1535,180
M005083,2022-06-10,Organic Search,39910.61,158113,4011,44
M005084,2024-10-02,Google Ads,13182.46,159053,9515,24
M005085,2025-07-23,Meta Ads,40416.1,67980,10362,155
M005086,2023-09-02,Direct,19336.72,107557,12365,44
M005087,2025-03-31,Email,18341.24,35930,7680,108
M005088,2025-04-09,Direct,11035.25,245389,4091,70
M005089,2024-03-13,Referral,17291.18,247697,7399,15
M005090,2024-04-19,Organic Search,21750.26,96016,12091,32
M005091,2026-01-01,Google Ads,27135.8,105422,11162,140
M005092,2022-05-31,Organic Search,35563.41,230171,7147,18
M005093,2024-05-31,Google Ads,3213.31,10470,660,37
M005094,2026-07-10,Google Ads,40721.07,273234,11300,210
M005095,2022-06-15,Organic Search,31367.2,166432,9039,81
M005096,2023-11-21,Direct,13583.28,248460,9113,136
M005097,2026-07-31,Affiliate,8373.6,111686,12784,92
M005098,2022-08-14,Referral,31209.38,144798,6326,43
M005099,2023-10-01,Email,15353.19,110595,10882,216
M005100,2022-09-04,Email,33470.73,262147,2325,208
M005101,2022-02-27,Direct,41547.75,259088,9996,148
M005102,2023-02-18,Google Ads,28460.45,246340,8877,222
M005103,2023-08-13,Affiliate,22783.5,14144,10066,48
M005104,2024-03-30,Google Ads,29923.98,159631,7286,87
M005105,2024-10-08,Affiliate,5447.14,87228,7865,136
M005106,2026-06-10,Organic Search,40710.75,7789,6680,102
M005107,2026-01-24,Affiliate,19532.54,126699,3669,24
M005108,2023-08-12,Google Ads,27058.97,56378,4517,133
M005109,2024-10-16,Email,16442.04,27679,5950,154
M005110,2026-07-01,Instagram,19610.16,225109,8334,30
M005111,2024-01-07,Meta Ads,14626.91,226126,1599,86
M005112,2022-09-16,Affiliate,6972.47,268637,2887,10
M005113,2025-07-23,Direct,11476.44,26733,744,49
M005114,2022-10-15,Referral,18385.83,262949,10786,255
M005115,2025-10-12,Organic Search,16419.41,291346,6424,142
M005116,2022-01-27,Affiliate,24328.06,78363,8491,18
M005117,2024-07-18,Affiliate,12311.92,254245,13815,119
M005118,2023-09-14,Meta Ads,41724.85,282648,2066,60
M005119,2023-05-20,Google Ads,18840.37,198816,9320,66
M005120,2023-11-07,Meta Ads,16886.97,243915,4834,79
M005121,2022-11-19,Google Ads,18079.3,89151,2998,112
M005122,2022-04-07,Direct,24366.0,189882,10575,214
M005123,2024-10-11,Referral,24372.71,135559,2738,66
M005124,2022-04-23,Email,11166.74,55621,13577,63
M005125,2022-06-12,Google Ads,11883.36,45908,13418,120
M005126,2022-03-19,Meta Ads,14334.31,211224,1784,135
M005127,2025-08-20,Instagram,8946.52,18184,1920,26
M005128,2025-04-11,Organic Search,16685.42,197004,2791,91
M005129,2022-05-11,Instagram,35950.11,100261,10735,99
M005130,2022-07-08,Referral,8459.78,189253,5193,33
M005131,2022-01-24,Email,27610.42,265684,6598,218
M005132,2023-12-05,Affiliate,28684.68,198584,12005,149
M005133,2025-01-22,Direct,20252.82,6629,11663,213
M005134,2025-03-08,Affiliate,26733.97,260640,6425,145
M005135,2025-09-17,Google Ads,12450.99,280042,11426,182
M005136,2025-04-23,Referral,31265.11,280296,11045,216
M005137,2024-10-15,Email,20270.35,158803,10968,25
M005138,2024-10-05,Referral,18884.37,278549,13033,160
M005139,2024-12-20,Direct,20039.12,63425,13994,151
M005140,2025-03-27,Affiliate,14377.02,91993,2504,70
M005141,2025-02-12,Organic Search,24240.04,59707,7321,18
M005142,2026-07-09,Google Ads,7601.49,72460,12015,104
M005143,2022-06-04,Email,13790.58,93437,6770,155
M005144,2023-07-29,Meta Ads,1116.9,279155,9080,171
M005145,2025-11-14,Google Ads,29704.75,182120,2987,257
M005146,2023-03-26,Email,28524.59,115984,7359,139
M005147,2026-07-03,Instagram,34524.22,127135,1946,198
M005148,2022-03-04,Google Ads,9364.27,266351,7928,94
M005149,2025-04-22,Direct,23469.4,240570,4831,215
M005150,2026-03-25,Referral,5510.9,70326,9371,38
M005151,2022-08-06,Meta Ads,25317.2,179016,10039,238
M005152,2025-04-29,Affiliate,16993.31,34003,257,94
M005153,2024-08-28,Direct,40529.03,151384,12449,64
M005154,2025-12-15,Email,24732.87,64703,10977,176
M005155,2025-03-02,Referral,37214.31,72089,424,253
M005156,2026-07-09,Email,5874.77,20735,13586,178
M005157,2023-05-30,Meta Ads,16428.16,251590,1895,49
M005158,2024-05-15,Meta Ads,8724.22,77805,7112,65
M005159,2025-08-18,Instagram,29453.41,213160,13826,49
M005160,2026-05-17,Direct,20307.91,84868,5675,126
M005161,2023-05-17,Instagram,8547.62,6755,8884,176
M005162,2022-09-30,Referral,8785.58,283974,10377,236
M005163,2025-02-14,Google Ads,34455.57,113617,2534,213
M005164,2026-04-13,Email,21704.1,79787,135,228
M005165,2024-12-17,Referral,1543.09,242751,4568,42
M005166,2022-08-29,Organic Search,34679.28,74404,4910,50
M005167,2022-09-17,Meta Ads,36641.69,294756,1569,138
M005168,2023-08-28,Referral,15700.18,194075,2490,135
M005169,2026-08-28,Google Ads,41617.74,203761,1368,83
M005170,2024-11-01,Organic Search,34030.85,81013,8708,219
M005171,2026-06-04,Organic Search,36212.32,33571,3664,209
M005172,2025-10-22,Meta Ads,27844.69,74207,7247,169
M005173,2023-06-29,Referral,2146.99,92834,12959,204
M005174,2025-10-26,Organic Search,29738.72,233016,8240,187
M005175,2026-03-27,Affiliate,39769.6,198736,9069,85
M005176,2022-03-11,Email,37962.38,154206,12569,103
M005177,2022-02-01,Instagram,39604.83,143635,7922,36
M005178,2025-07-03,Instagram,18553.96,177512,505,97
M005179,2023-03-09,Email,13431.49,214258,12671,75
M005180,2026-06-05,Instagram,31780.78,173711,10530,113
M005181,2023-07-06,Email,21667.39,201468,2125,121
M005182,2025-07-01,Organic Search,2846.85,288762,9807,44
M005183,2024-02-24,Instagram,4988.47,138832,8357,248
M005184,2025-08-23,Google Ads,13597.82,283979,4424,76
M005185,2023-02-26,Email,39460.62,281720,7550,53
M005186,2024-12-04,Affiliate,40846.1,142193,1899,147
M005187,2024-11-09,Instagram,38581.12,15731,408,236
M005188,2023-12-02,Affiliate,9108.66,70039,1841,116
M005189,2025-06-29,Meta Ads,29247.76,255584,7767,133
M005190,2026-06-04,Direct,19010.9,44168,9066,164
M005191,2026-02-19,Affiliate,38108.22,72979,10115,209
M005192,2022-08-14,Direct,9486.19,38309,4804,38
M005193,2025-05-28,Direct,39273.39,180744,4506,130
M005194,2023-05-14,Google Ads,6860.72,90869,11301,11
M005195,2024-09-07,Email,13553.14,205511,2452,31
M005196,2025-10-02,Email,14565.32,125747,2929,54
M005197,2023-12-13,Instagram,35992.82,112477,10391,205
M005198,2024-04-14,Organic Search,4775.71,157649,8200,221
M005199,2023-05-06,Google Ads,3626.74,20238,1497,57
M005200,2026-06-21,Affiliate,23096.27,129434,2503,231
M005201,2024-03-08,Direct,18520.37,295508,8795,200
M005202,2024-12-31,Organic Search,13403.12,184465,12772,154
M005203,2023-12-16,Instagram,31411.94,10089,9963,213
M005204,2023-10-03,Email,36997.88,261005,12248,138
M005205,2023-03-06,Google Ads,983.28,51611,10707,235
M005206,2025-06-21,Direct,12826.67,299921,5519,100
M005207,2024-11-03,Email,13966.19,130024,3372,22
M005208,2022-11-22,Direct,15722.73,54697,8132,103
M005209,2024-11-25,Referral,41140.92,77942,8651,189
M005210,2022-07-13,Instagram,6348.57,162711,13126,223
M005211,2024-11-20,Meta Ads,34140.63,97491,3053,237
M005212,2025-12-17,Meta Ads,19532.96,154792,865,186
M005213,2023-02-14,Organic Search,30961.69,20507,4867,238
M005214,2025-08-09,Direct,27359.48,214330,2497,110
M005215,2024-05-30,Email,920.56,19655,4900,177
M005216,2022-02-13,Instagram,7774.84,189783,8687,127
M005217,2023-03-10,Organic Search,25033.83,187741,2963,68
M005218,2022-07-16,Google Ads,39925.15,270367,2887,247
M005219,2024-09-03,Instagram,34068.33,77300,5000,3
M005220,2022-12-30,Affiliate,28817.7,162264,3689,120
M005221,2026-08-26,Google Ads,41710.71,140960,11651,8
M005222,2023-01-05,Referral,18192.0,35393,6525,220
M005223,2024-12-21,Organic Search,24299.64,240339,2178,150
M005224,2023-08-14,Organic Search,23981.12,201798,5440,245
M005225,2022-12-24,Referral,8873.35,128565,2952,60
M005226,2023-04-01,Affiliate,36223.84,108415,12628,185
M005227,2023-10-03,Meta Ads,21486.91,237930,2967,39
M005228,2025-11-13,Direct,2908.88,66945,6576,59
M005229,2022-08-01,Instagram,27463.37,250938,13760,24
M005230,2024-02-02,Affiliate,41461.17,133904,1040,253
M005231,2026-02-21,Direct,38608.88,230928,903,173
M005232,2024-02-07,Organic Search,12526.79,76213,10677,147
M005233,2022-03-27,Google Ads,34116.49,24455,2735,227
M005234,2026-04-18,Instagram,34581.45,207909,474,237
M005235,2022-05-11,Referral,40846.48,113491,214,245
M005236,2024-02-17,Email,25908.62,16253,8431,69
M005237,2023-12-26,Direct,6953.07,139249,8715,180
M005238,2025-10-30,Instagram,3708.38,97779,13894,126
M005239,2023-11-23,Google Ads,9418.26,205216,7976,110
M005240,2024-10-26,Instagram,40437.72,230656,8050,37
M005241,2023-05-28,Instagram,31497.66,297870,4868,24
M005242,2024-03-23,Direct,41107.12,27955,4431,123
M005243,2024-12-15,Instagram,33452.21,226061,13132,83
M005244,2025-02-10,Referral,21845.69,215112,7037,96
M005245,2026-01-17,Organic Search,19859.99,242889,6134,115
M005246,2025-03-12,Referral,16273.57,266425,4075,3
M005247,2023-09-09,Email,8884.97,39459,12945,199
M005248,2026-03-04,Organic Search,25135.14,71161,7761,248
M005249,2026-03-06,Affiliate,38559.09,38915,735,238
M005250,2025-01-04,Direct,41379.21,61161,3977,139
M005251,2022-03-09,Organic Search,7415.28,261048,5522,161
M005252,2023-10-11,Meta Ads,18348.73,275441,12418,53
M005253,2026-05-01,Affiliate,34008.59,123230,3219,213
M005254,2024-11-06,Affiliate,32152.24,71440,5256,62
M005255,2026-04-13,Meta Ads,7393.11,158385,11653,240
M005256,2022-11-29,Meta Ads,2288.33,61452,11313,32
M005257,2022-06-09,Google Ads,3818.02,205100,7092,96
M005258,2022-02-19,Direct,29091.75,247910,4432,90
M005259,2024-04-25,Email,2670.63,75526,13069,32
M005260,2026-06-27,Direct,1344.55,55814,7851,174
M005261,2024-04-07,Direct,2462.36,266470,12347,204
M005262,2022-05-14,Google Ads,8862.97,157188,1658,85
M005263,2022-07-28,Direct,4680.21,268779,4018,95
M005264,2024-12-20,Direct,41830.6,112350,8509,157
M005265,2026-02-13,Meta Ads,3234.7,205091,5942,40
M005266,2024-02-23,Email,20562.51,60225,7154,44
M005267,2022-04-18,Referral,7854.14,30278,11268,2
M005268,2022-03-03,Instagram,36380.4,45203,246,201
M005269,2022-05-09,Direct,6293.09,262285,5174,211
M005270,2022-06-06,Organic Search,9042.35,265401,4511,217
M005271,2024-07-08,Google Ads,14337.2,183538,3637,258
M005272,2022-11-16,Google Ads,19079.03,175876,2979,234
M005273,2024-01-18,Google Ads,2903.73,270350,2515,185
M005274,2026-07-19,Email,25611.97,263459,8541,28
M005275,2023-02-15,Email,36064.89,245071,6497,226
M005276,2024-10-03,Organic Search,16340.36,3533,10131,94
M005277,2025-12-05,Affiliate,16154.38,31880,910,143
M005278,2025-09-22,Meta Ads,30449.77,236343,13345,134
M005279,2023-03-10,Organic Search,37805.22,26339,4626,154
M005280,2025-06-03,Meta Ads,652.76,120108,10467,132
M005281,2024-10-17,Referral,35321.16,48060,10775,186
M005282,2025-01-06,Organic Search,7308.26,257055,2832,111
M005283,2022-07-21,Organic Search,16658.92,267594,8712,76
M005284,2024-05-05,Direct,35930.29,210013,6303,92
M005285,2024-07-22,Affiliate,38801.26,255854,6039,180
M005286,2025-01-22,Affiliate,28805.41,133152,10125,78
M005287,2024-02-23,Email,8985.23,207310,10027,199
M005288,2023-01-24,Organic Search,18775.34,48677,8337,70
M005289,2023-01-21,Direct,28134.62,98078,2389,118
M005290,2026-08-23,Google Ads,40665.81,120578,5904,181
M005291,2025-08-20,Direct,30689.96,148351,9708,16
M005292,2024-06-22,Organic Search,23901.61,207619,2540,14
M005293,2025-11-11,Email,32732.87,272337,7756,174
M005294,2025-07-21,Instagram,14374.52,91529,5407,37
M005295,2024-04-08,Email,15884.6,195181,797,109
M005296,2025-09-11,Instagram,25262.61,141935,518,186
M005297,2022-08-17,Google Ads,18581.48,78771,9183,184
M005298,2024-02-20,Referral,41990.25,201714,1410,154
M005299,2022-01-16,Affiliate,8330.9,162527,5018,230
M005300,2025-09-12,Instagram,13131.81,47765,2050,50
M005301,2023-10-28,Google Ads,10681.87,135380,8675,238
M005302,2023-12-11,Organic Search,41898.75,163541,4303,249
M005303,2023-09-27,Affiliate,10134.14,262083,7046,169
M005304,2024-06-29,Meta Ads,39200.8,229559,8423,4
M005305,2023-11-12,Affiliate,30250.36,83958,5206,31
M005306,2024-06-19,Meta Ads,31139.24,71838,9460,34
M005307,2023-03-18,Organic Search,14537.94,148882,10945,252
M005308,2022-08-24,Organic Search,3822.95,40235,3860,252
M005309,2026-08-27,Organic Search,5736.5,36803,13222,156
M005310,2025-03-11,Meta Ads,7689.21,113007,3320,189
M005311,2025-12-15,Referral,26287.84,166930,12027,90
M005312,2022-02-07,Instagram,15112.22,95745,4725,106
M005313,2023-11-21,Direct,30626.16,205731,9723,135
M005314,2022-12-04,Direct,8667.22,267210,5776,160
M005315,2025-09-13,Meta Ads,11830.13,74694,13513,34
M005316,2022-12-21,Meta Ads,15069.08,255992,10946,248
M005317,2024-12-26,Direct,23284.72,299515,181,195
M005318,2025-04-10,Referral,15809.04,275204,2704,106
M005319,2025-06-22,Referral,8110.55,288682,13865,88
M005320,2022-01-03,Instagram,28681.78,162413,5824,5
M005321,2022-05-27,Affiliate,10786.35,35250,5851,214
M005322,2022-12-05,Google Ads,5944.94,28739,3664,116
M005323,2023-04-05,Direct,4453.55,198159,2578,94
M005324,2022-07-30,Referral,5939.18,280496,4854,4
M005325,2022-05-09,Organic Search,8895.57,18628,11089,156
M005326,2025-06-08,Meta Ads,41222.13,289636,2536,196
M005327,2024-12-18,Organic Search,31124.35,277977,3999,72
M005328,2026-01-12,Meta Ads,36866.51,208900,11035,144
M005329,2022-05-22,Email,27926.98,112169,9660,239
M005330,2022-09-14,Referral,13540.53,246698,1080,69
M005331,2024-03-29,Organic Search,24015.85,186994,2419,253
M005332,2023-09-02,Email,6183.77,201403,561,250
M005333,2024-02-06,Organic Search,39883.07,236143,2449,36
M005334,2025-06-11,Referral,1800.12,180279,1816,250
M005335,2023-03-15,Referral,21964.87,153470,11507,139
M005336,2024-01-11,Affiliate,31235.64,275040,12605,81
M005337,2022-12-14,Referral,16174.5,103933,8779,170
M005338,2023-08-06,Instagram,32336.79,88220,1936,99
M005339,2022-09-04,Instagram,35868.36,101621,9478,128
M005340,2022-07-20,Instagram,29588.17,249622,11213,237
M005341,2024-06-22,Organic Search,1832.9,142724,250,235
M005342,2024-08-25,Instagram,16773.78,236146,10887,91
M005343,2022-03-18,Direct,21064.33,117054,8156,156
M005344,2024-11-17,Email,29414.02,273142,5420,199
M005345,2026-08-10,Google Ads,24485.31,34962,12978,142
M005346,2022-04-05,Direct,16899.55,242490,11924,78
M005347,2025-07-26,Organic Search,22750.41,140892,13989,155
M005348,2026-01-08,Instagram,22171.07,186696,9994,158
M005349,2022-12-30,Direct,25186.4,107947,5930,59
M005350,2026-06-04,Instagram,29352.86,152949,3113,245
M005351,2026-05-30,Email,15556.88,146811,1090,215
M005352,2025-07-11,Referral,16769.04,144241,5663,7
M005353,2024-06-10,Referral,13920.27,91288,12448,56
M005354,2025-04-07,Organic Search,31765.12,119711,2673,118
M005355,2026-01-10,Google Ads,27657.36,229727,13287,100
M005356,2026-06-01,Organic Search,35453.36,273821,2137,228
M005357,2025-02-18,Instagram,19233.84,41073,9070,128
M005358,2025-08-11,Direct,14197.1,68266,6078,42
M005359,2023-08-25,Google Ads,2394.71,173015,6081,221
M005360,2025-11-15,Meta Ads,15803.82,107957,1532,68
M005361,2023-06-13,Email,5389.83,176895,4066,158
M005362,2023-12-18,Affiliate,7186.54,216366,13119,249
M005363,2024-05-16,Google Ads,3837.8,243283,2478,31
M005364,2025-12-16,Email,19308.94,134908,11829,113
M005365,2024-11-19,Direct,2504.62,59099,11958,16
M005366,2025-04-14,Referral,19850.77,65827,7688,189
M005367,2025-01-28,Meta Ads,28943.43,210463,10193,172
M005368,2025-03-28,Referral,5261.09,190206,9982,172
M005369,2022-04-01,Google Ads,36274.66,53555,9619,19
M005370,2025-06-04,Email,14835.37,294048,11307,81
M005371,2023-05-31,Affiliate,11464.06,223674,3651,8
M005372,2022-10-20,Email,40401.63,272597,2963,204
M005373,2024-07-01,Google Ads,20946.9,24451,13442,245
M005374,2023-11-14,Google Ads,19760.95,55516,9184,69
M005375,2023-10-30,Instagram,14052.51,5888,10543,204
M005376,2025-08-19,Meta Ads,17444.22,109946,4073,219
M005377,2025-04-04,Meta Ads,13462.74,54847,8776,221
M005378,2025-05-04,Google Ads,3654.9,18723,13036,154
M005379,2022-06-18,Email,18929.12,112561,1428,256
M005380,2024-09-09,Direct,16558.04,207193,13497,243
M005381,2023-07-03,Referral,676.76,67606,4017,153
M005382,2025-10-25,Organic Search,15120.26,203994,12636,251
M005383,2026-02-09,Referral,23542.14,195421,10517,5
M005384,2022-11-23,Instagram,31298.0,106227,7412,169
M005385,2026-06-12,Email,29291.76,215781,5331,152
M005386,2026-01-27,Affiliate,37088.18,181881,2589,116
M005387,2023-10-22,Affiliate,32208.58,274287,6890,97
M005388,2025-12-31,Referral,29523.18,175956,11160,189
M005389,2025-08-09,Google Ads,22476.17,171048,5415,116
M005390,2025-08-09,Organic Search,24019.06,190055,5066,169
M005391,2024-11-19,Instagram,31563.47,135063,13922,253
M005392,2023-11-15,Affiliate,19724.48,298979,8252,138
M005393,2023-03-02,Meta Ads,12107.85,188617,13760,110
M005394,2022-04-08,Direct,39136.95,103154,11182,77
M005395,2025-12-18,Direct,3752.56,194047,8126,109
M005396,2025-03-25,Affiliate,32834.64,105733,10056,116
M005397,2024-01-24,Google Ads,6342.21,99742,7692,103
M005398,2025-10-15,Meta Ads,13957.59,247460,7206,10
M005399,2023-10-17,Email,22360.38,193803,4522,83
M005400,2026-04-14,Google Ads,18275.2,232979,9656,102
M005401,2022-04-08,Affiliate,12835.85,89247,3422,220
M005402,2026-07-04,Email,29138.11,232211,4255,42
M005403,2026-05-23,Email,26899.99,256247,1931,140
M005404,2022-07-15,Affiliate,10603.27,129067,6949,83
M005405,2023-01-29,Meta Ads,5576.43,24900,9083,47
M005406,2025-09-15,Instagram,11923.52,38801,3450,102
M005407,2026-05-10,Google Ads,23350.31,192151,5106,52
M005408,2023-05-17,Organic Search,32576.76,274626,186,58
M005409,2024-01-25,Google Ads,27367.31,113647,3466,110
M005410,2024-10-12,Google Ads,29072.88,103782,7072,11
M005411,2024-06-23,Google Ads,19972.37,33532,2112,96
M005412,2024-09-23,Instagram,20048.3,51352,8375,214
M005413,2022-02-12,Meta Ads,877.37,35442,2848,123
M005414,2022-12-30,Meta Ads,30674.52,186144,3273,122
M005415,2023-03-29,Direct,18593.72,272798,6924,6
M005416,2022-12-28,Organic Search,34599.92,282041,2186,11
M005417,2024-05-26,Referral,35063.0,58800,8081,23
M005418,2024-10-31,Referral,24367.57,279057,12738,211
M005419,2023-03-17,Direct,6351.37,43553,1511,98
M005420,2024-01-31,Referral,35103.77,16890,8078,206
M005421,2025-09-19,Email,4322.6,130459,2635,119
M005422,2025-07-28,Email,34092.73,90355,12518,192
M005423,2024-05-28,Meta Ads,29609.39,270354,5207,240
M005424,2023-01-01,Email,5205.13,196622,6704,187
M005425,2022-06-19,Referral,35562.86,256837,12279,252
M005426,2024-04-10,Affiliate,12977.13,199837,10761,120
M005427,2026-02-15,Referral,14895.02,218950,10536,137
M005428,2024-06-30,Meta Ads,9827.33,283795,3735,90
M005429,2024-10-10,Google Ads,11986.31,152564,509,238
M005430,2024-07-11,Affiliate,33146.61,218398,9211,132
M005431,2024-12-01,Google Ads,32691.87,168908,5329,121
M005432,2025-05-09,Meta Ads,27852.97,251682,12168,250
M005433,2024-10-11,Google Ads,33139.34,101295,3434,111
M005434,2022-09-06,Email,33121.82,248745,253,223
M005435,2026-08-31,Organic Search,27271.58,175317,12179,176
M005436,2023-01-24,Google Ads,35762.03,126256,4173,123
M005437,2025-05-11,Organic Search,39208.49,79827,4014,8
M005438,2023-04-21,Meta Ads,39375.75,278815,135,88
M005439,2022-06-04,Email,22679.44,120804,10073,232
M005440,2022-06-26,Google Ads,17247.88,245133,12990,96
M005441,2025-01-11,Meta Ads,36744.73,260343,9444,256
M005442,2025-12-28,Instagram,19527.77,251555,12648,107
M005443,2023-08-04,Meta Ads,36994.2,198022,410,256
M005444,2024-09-25,Direct,21472.64,262292,6243,130
M005445,2024-06-29,Direct,17717.3,154673,8753,105
M005446,2026-08-13,Meta Ads,40639.01,138436,3229,128
M005447,2025-06-13,Email,35888.17,195969,2594,153
M005448,2025-04-26,Email,29427.75,264806,6177,231
M005449,2022-10-15,Email,11245.8,124075,1585,201
M005450,2026-01-16,Affiliate,36143.95,212616,7640,37
M005451,2026-07-28,Google Ads,28616.35,276181,13734,132
M005452,2026-07-25,Direct,3287.6,246536,7175,133
M005453,2026-08-20,Google Ads,32598.8,179568,1635,255
M005454,2022-05-12,Email,31415.65,25466,13260,3
M005455,2026-05-07,Google Ads,17131.82,152382,5757,66
M005456,2022-03-15,Instagram,3565.73,230946,3586,256
M005457,2022-11-28,Google Ads,29128.17,99544,3061,132
M005458,2025-04-01,Direct,33140.15,199935,11691,82
M005459,2023-04-05,Organic Search,5197.83,142935,4698,154
M005460,2024-02-01,Affiliate,32351.22,265305,6883,59
M005461,2025-08-12,Instagram,6892.6,221605,9701,255
M005462,2025-01-10,Direct,3166.04,24250,9369,243
M005463,2022-03-10,Meta Ads,37896.42,163217,7880,187
M005464,2022-11-12,Instagram,6544.48,217466,8679,107
M005465,2025-10-27,Google Ads,37609.93,239720,1676,149
M005466,2022-11-12,Organic Search,6755.32,170139,9149,210
M005467,2026-04-23,Instagram,23526.11,14828,12648,152
M005468,2022-11-15,Affiliate,23396.44,252827,9822,152
M005469,2024-08-01,Instagram,3230.07,194176,11340,17
M005470,2022-11-02,Referral,30988.02,123753,12491,205
M005471,2026-07-09,Referral,3954.09,192141,8011,103
M005472,2026-06-20,Organic Search,21552.67,148787,944,124
M005473,2025-06-20,Google Ads,27731.4,286226,1330,14
M005474,2025-01-12,Google Ads,14489.89,184617,10152,53
M005475,2025-07-19,Instagram,26879.08,22197,13328,254
M005476,2025-06-24,Email,40516.69,9878,966,76
M005477,2024-11-02,Google Ads,35619.42,211502,5710,59
M005478,2024-06-04,Email,12966.84,142910,1922,93
M005479,2026-03-22,Organic Search,10417.82,147813,11743,45
M005480,2024-03-08,Organic Search,21178.81,202420,11961,202
M005481,2022-03-21,Instagram,22666.88,120154,965,219
M005482,2025-04-14,Referral,4808.26,73095,2826,211
M005483,2024-06-11,Referral,17261.46,160281,1503,157
M005484,2023-07-10,Email,27147.81,227465,4051,80
M005485,2024-07-05,Meta Ads,28773.69,292413,13275,121
M005486,2023-10-31,Affiliate,24961.62,32761,560,151
M005487,2023-07-06,Meta Ads,7222.6,17429,8246,259
M005488,2025-03-03,Email,17121.37,26425,5652,209
M005489,2026-04-20,Instagram,25566.18,45553,4419,156
M005490,2023-03-03,Direct,6895.79,62255,8360,73
M005491,2025-03-15,Google Ads,32673.76,4484,7392,99
M005492,2024-10-04,Referral,1582.47,50333,1589,222
M005493,2022-01-13,Affiliate,37613.31,212486,5043,86
M005494,2024-03-05,Meta Ads,27531.1,44301,13637,74
M005495,2024-08-24,Referral,37053.93,233852,9882,153
M005496,2024-04-26,Affiliate,16595.85,257211,672,116
M005497,2023-07-25,Email,22543.38,233583,2332,198
M005498,2023-02-17,Google Ads,20228.73,223566,9797,47
M005499,2025-12-22,Google Ads,37089.07,67868,8586,207
M005500,2025-12-25,Organic Search,16863.03,96152,1023,257
M005501,2025-02-26,Email,37799.27,137530,6103,24
M005502,2025-09-09,Direct,29638.7,197228,13802,17
M005503,2025-03-28,Email,24648.38,191358,9503,164
M005504,2025-10-21,Referral,36172.62,142072,8270,20
M005505,2023-10-25,Meta Ads,33956.46,157114,11762,214
M005506,2025-07-03,Google Ads,32465.56,113704,2142,216
M005507,2022-08-29,Google Ads,24188.46,263568,13421,116
M005508,2025-10-14,Instagram,39512.26,35109,12140,95
M005509,2022-04-17,Email,1150.86,240674,10754,182
M005510,2024-09-18,Affiliate,39909.69,99999,11796,92
M005511,2025-08-14,Instagram,2749.22,88255,8366,117
M005512,2022-01-06,Instagram,10579.55,163734,5564,24
M005513,2022-05-17,Direct,7972.41,15420,7070,234
M005514,2022-06-16,Organic Search,11546.07,193189,2310,96
M005515,2024-10-29,Referral,13236.38,251650,5488,125
M005516,2025-08-19,Affiliate,9162.62,288722,8730,217
M005517,2022-11-23,Email,31844.61,141860,8244,15
M005518,2025-11-16,Meta Ads,27181.04,262319,2864,21
M005519,2024-04-16,Organic Search,37803.08,74721,12002,4
M005520,2023-02-16,Referral,31682.93,146050,12808,170
M005521,2026-06-14,Direct,41446.09,117972,858,210
M005522,2025-04-14,Referral,5286.83,59684,13403,74
M005523,2023-04-27,Email,39507.31,172645,10810,65
M005524,2025-12-24,Google Ads,718.34,255450,12066,179
M005525,2022-02-28,Instagram,913.48,16009,7021,235
M005526,2025-06-22,Meta Ads,38943.45,277477,9707,77
M005527,2024-06-15,Organic Search,18002.63,99208,2020,202
M005528,2025-08-05,Google Ads,23724.59,298521,610,199
M005529,2025-09-08,Affiliate,20383.82,248745,13860,154
M005530,2022-04-03,Email,5889.12,239994,6659,52
M005531,2022-04-06,Organic Search,14834.96,83091,5537,28
M005532,2023-02-23,Meta Ads,1799.53,9455,7900,237
M005533,2023-06-18,Organic Search,30649.23,70536,12366,41
M005534,2025-03-04,Referral,26429.36,273291,6269,135
M005535,2025-12-13,Email,4880.75,129210,5647,7
M005536,2022-07-23,Google Ads,1067.51,298895,2835,203
M005537,2024-02-14,Organic Search,36456.61,249198,13826,224
M005538,2025-08-01,Organic Search,14069.45,235996,9352,187
M005539,2022-01-02,Affiliate,2133.42,62000,1697,246
M005540,2024-09-19,Direct,12000.17,100479,9632,135
M005541,2023-04-13,Referral,23952.9,43212,8138,188
M005542,2024-05-16,Direct,27443.05,89525,1174,33
M005543,2022-03-14,Referral,1123.15,64119,7611,5
M005544,2024-05-31,Direct,29941.78,216382,3229,26
M005545,2023-01-23,Referral,19993.68,204086,12879,79
M005546,2024-01-11,Google Ads,17322.04,291066,2152,249
M005547,2025-09-01,Organic Search,5261.99,261079,7710,51
M005548,2026-03-31,Affiliate,15232.38,249626,4695,37
M005549,2025-12-14,Meta Ads,34326.35,128083,1123,157
M005550,2022-11-30,Direct,3715.55,31217,3132,33
M005551,2025-10-19,Email,27907.49,254295,8798,106
M005552,2023-09-23,Organic Search,25280.31,109148,13188,24
M005553,2025-09-04,Direct,30002.92,67748,581,152
M005554,2022-06-27,Direct,7996.28,24357,13573,185
M005555,2026-04-03,Email,4367.13,45576,5031,128
M005556,2023-11-30,Referral,31349.57,35211,2478,219
M005557,2026-06-13,Email,35319.9,178682,1734,12
M005558,2025-02-25,Organic Search,3309.03,237330,243,37
M005559,2023-02-19,Affiliate,2058.71,103485,8309,214
M005560,2023-07-04,Google Ads,30275.6,54113,11698,203
M005561,2022-01-09,Google Ads,24521.15,290697,1440,76
M005562,2023-04-22,Referral,3304.48,125891,8242,36
M005563,2025-07-05,Direct,15877.98,276286,7913,185
M005564,2023-03-06,Direct,32066.21,50938,13387,21
M005565,2026-08-18,Instagram,14040.06,132267,1472,225
M005566,2022-09-05,Referral,38244.75,218191,12838,128
M005567,2026-03-04,Email,35934.61,249348,764,36
M005568,2022-11-13,Google Ads,6451.34,266151,6632,136
M005569,2022-03-16,Google Ads,21980.2,96976,1467,69
M005570,2025-04-28,Direct,24800.27,265362,13588,30
M005571,2026-05-07,Direct,17959.17,174996,13225,83
M005572,2022-01-19,Instagram,17305.8,5798,6230,96
M005573,2026-04-06,Google Ads,28416.62,297353,11919,102
M005574,2026-06-22,Organic Search,37064.67,103767,9381,66
M005575,2025-02-11,Organic Search,17270.92,82107,9976,230
M005576,2024-06-29,Email,35117.17,124811,13522,152
M005577,2024-12-06,Referral,4661.23,239420,12564,205
M005578,2023-02-19,Referral,21329.29,262395,4260,3
M005579,2025-08-04,Organic Search,14119.76,264469,9284,207
M005580,2025-01-26,Direct,23029.82,214750,9374,73
M005581,2025-08-25,Referral,30369.16,220024,12276,179
M005582,2022-12-31,Referral,16650.91,182157,6245,109
M005583,2022-04-29,Referral,9207.15,89350,6870,142
M005584,2025-03-21,Direct,6521.81,227041,9518,58
M005585,2022-09-08,Organic Search,5518.47,201878,1771,137
M005586,2025-06-28,Email,6494.71,93137,11445,107
M005587,2025-04-11,Email,4073.66,178009,4294,172
M005588,2025-05-22,Google Ads,8821.55,93537,10541,8
M005589,2023-09-11,Affiliate,22587.99,139933,11965,126
M005590,2026-05-14,Instagram,18199.03,88871,7730,18
M005591,2025-08-03,Direct,14194.76,80847,9371,88
M005592,2025-11-24,Instagram,8596.55,232264,1837,42
M005593,2023-08-24,Affiliate,10122.72,282725,5597,40
M005594,2026-02-02,Instagram,19960.23,287854,4105,84
M005595,2022-11-29,Direct,37851.58,136898,10904,207
M005596,2022-04-23,Organic Search,33927.63,135217,12577,242
M005597,2022-10-13,Google Ads,3724.97,280240,12167,28
M005598,2024-02-16,Organic Search,38695.65,141213,6141,157
M005599,2026-08-07,Organic Search,25647.78,79635,11968,198
M005600,2024-06-12,Meta Ads,8536.84,272187,13703,196
M005601,2022-02-05,Meta Ads,37640.42,196708,4423,17
M005602,2024-07-01,Referral,23412.52,264468,11815,138
M005603,2025-06-19,Google Ads,16529.33,75449,11464,178
M005604,2026-07-22,Affiliate,35304.32,65133,7487,26
M005605,2025-01-05,Referral,3106.44,113520,556,108
M005606,2023-02-05,Instagram,22309.68,279748,9691,94
M005607,2023-11-05,Instagram,32851.88,68444,7316,211
M005608,2022-02-16,Meta Ads,15210.89,276674,8072,209
M005609,2026-06-30,Meta Ads,12484.39,162163,9469,198
M005610,2022-03-31,Affiliate,19307.16,83392,13013,25
M005611,2024-07-23,Referral,35400.9,196025,6987,152
M005612,2022-10-15,Instagram,35189.44,46510,7251,81
M005613,2025-01-30,Organic Search,33611.83,133275,6302,183
M005614,2023-01-28,Direct,4894.71,91585,7348,83
M005615,2023-06-27,Email,38809.93,61036,2468,138
M005616,2022-09-22,Meta Ads,31120.25,277954,12085,204
M005617,2025-03-17,Google Ads,37409.61,269056,299,173
M005618,2025-08-21,Affiliate,30175.26,26153,2909,256
M005619,2023-12-01,Meta Ads,40859.47,149887,5805,7
M005620,2022-12-11,Google Ads,2286.78,295124,852,2
M005621,2025-09-27,Google Ads,38591.44,253257,8878,89
M005622,2023-11-21,Affiliate,6904.83,43885,7026,231
M005623,2026-05-08,Email,3101.34,32425,4555,74
M005624,2024-08-13,Instagram,1605.67,187270,7557,90
M005625,2024-11-11,Google Ads,1530.68,178283,9255,98
M005626,2025-09-16,Instagram,34043.52,43447,9460,106
M005627,2024-01-26,Organic Search,30213.11,78006,668,175
M005628,2025-05-05,Instagram,24288.94,40959,5325,17
M005629,2023-04-06,Referral,32910.4,183766,8635,76
M005630,2024-08-16,Organic Search,10336.65,92065,5772,227
M005631,2022-12-23,Affiliate,39491.52,236222,6839,27
M005632,2025-07-17,Google Ads,22230.44,123251,238,216
M005633,2022-08-11,Referral,36660.69,179951,11450,205
M005634,2026-04-02,Referral,17504.46,91591,6314,257
M005635,2023-01-07,Instagram,5430.46,124023,2522,104
M005636,2025-12-05,Google Ads,1861.96,177063,13311,169
M005637,2026-04-11,Google Ads,24663.05,170392,3127,130
M005638,2024-02-20,Email,23715.6,187942,333,132
M005639,2022-12-19,Direct,39797.07,178149,4461,28
M005640,2025-10-05,Direct,32892.91,104503,8929,163
M005641,2024-12-16,Meta Ads,36675.43,6921,3430,7
M005642,2024-05-12,Organic Search,35262.47,210902,7670,35
M005643,2023-11-17,Email,32545.74,199125,2414,215
M005644,2023-09-07,Direct,37162.42,203848,9311,257
M005645,2025-11-12,Instagram,25730.47,129846,13474,139
M005646,2022-07-27,Google Ads,3272.39,252193,8620,6
M005647,2023-02-27,Email,16481.16,137428,2661,243
M005648,2024-11-22,Referral,41171.28,293376,858,92
M005649,2025-10-25,Affiliate,24018.93,243355,7535,21
M005650,2025-08-07,Meta Ads,36405.13,287193,3881,163
M005651,2025-11-07,Google Ads,722.77,213633,417,207
M005652,2023-02-14,Affiliate,28197.39,264800,5680,13
M005653,2024-09-25,Meta Ads,3053.3,165454,5455,32
M005654,2022-03-16,Instagram,23376.68,235370,766,59
M005655,2024-10-29,Direct,18711.44,274565,11985,25
M005656,2026-08-08,Instagram,24954.45,294569,10239,91
M005657,2026-02-04,Google Ads,17342.76,96253,10276,242
M005658,2026-02-06,Google Ads,30934.74,292116,3203,72
M005659,2024-06-01,Direct,4807.41,184479,5994,251
M005660,2023-09-04,Affiliate,1988.18,33728,8671,168
M005661,2026-05-18,Instagram,32895.08,50507,10184,195
M005662,2022-05-11,Google Ads,36476.65,8415,7112,78
M005663,2023-10-02,Meta Ads,28885.7,179086,3638,20
M005664,2024-02-13,Affiliate,5650.41,154647,12691,131
M005665,2026-03-29,Google Ads,18639.82,192807,10030,56
M005666,2024-06-09,Affiliate,11619.4,99120,5467,174
M005667,2022-03-05,Referral,33128.61,118114,5839,129
M005668,2025-05-25,Direct,41961.96,236633,13951,196
M005669,2023-07-02,Affiliate,38535.08,109312,1473,193
M005670,2022-07-23,Google Ads,29117.06,144426,7573,107
M005671,2024-09-23,Google Ads,25751.82,224889,5063,55
M005672,2022-09-29,Meta Ads,7859.91,75882,7603,89
M005673,2026-05-29,Direct,11409.53,36919,12753,73
M005674,2025-06-01,Affiliate,2193.92,89579,12651,178
M005675,2024-01-25,Organic Search,11163.99,174568,10982,122
M005676,2022-01-28,Email,22217.62,296076,5624,12
M005677,2026-08-31,Instagram,32600.72,8230,1097,135
M005678,2024-10-21,Instagram,18687.12,167118,10501,225
M005679,2023-12-22,Meta Ads,19105.28,194381,7649,119
M005680,2024-09-25,Direct,40092.27,268357,4499,162
M005681,2024-10-24,Google Ads,33050.37,242827,11803,32
M005682,2022-09-01,Email,7646.22,41686,798,77
M005683,2024-01-25,Direct,5404.82,61832,9379,190
M005684,2023-08-30,Affiliate,21488.83,77695,8805,219
M005685,2024-09-28,Organic Search,33237.27,67661,13205,108
M005686,2022-03-10,Meta Ads,35757.18,252294,1802,45
M005687,2024-07-25,Instagram,10290.54,27270,4089,241
M005688,2026-06-13,Instagram,33115.47,162677,8574,146
M005689,2022-01-06,Direct,36054.27,287875,5990,63
M005690,2022-11-23,Email,6215.45,110378,8664,232
M005691,2025-02-22,Google Ads,38751.91,232538,8184,190
M005692,2022-04-17,Organic Search,21879.38,97211,7681,30
M005693,2022-04-16,Affiliate,8825.05,178880,8575,124
M005694,2023-12-15,Direct,40537.29,238948,3153,115
M005695,2023-04-10,Google Ads,15942.73,245171,2674,4
M005696,2022-08-02,Affiliate,18908.79,25761,3067,212
M005697,2022-10-29,Referral,34343.4,81539,1877,25
M005698,2024-11-30,Organic Search,30925.65,45823,4849,74
M005699,2022-10-25,Referral,17275.19,276782,4043,243
M005700,2026-08-18,Organic Search,34237.76,281983,4075,76
M005701,2024-09-30,Google Ads,10904.13,247004,3668,149
M005702,2024-07-23,Direct,32864.47,3740,6633,207
M005703,2024-08-17,Meta Ads,32214.46,185643,7999,79
M005704,2024-07-16,Instagram,17564.27,228630,929,135
M005705,2023-09-14,Email,33401.07,91841,7185,187
M005706,2023-06-17,Affiliate,22043.47,88590,2733,209
M005707,2022-08-19,Google Ads,2805.07,290826,7285,244
M005708,2025-07-09,Organic Search,32151.58,76679,12418,187
M005709,2026-05-31,Organic Search,32772.31,90079,3641,184
M005710,2022-10-14,Affiliate,33897.38,103710,5813,103
M005711,2022-10-22,Email,1484.32,285448,513,252
M005712,2022-09-08,Referral,33870.38,191532,1869,46
M005713,2022-04-22,Google Ads,23756.55,230408,3656,222
M005714,2023-02-14,Instagram,24827.06,257090,399,34
M005715,2024-07-21,Meta Ads,11666.3,240920,4051,238
M005716,2023-12-15,Instagram,23493.21,37004,2875,236
M005717,2024-11-26,Google Ads,4430.97,27079,1731,154
M005718,2026-08-23,Referral,24244.72,125411,808,250
M005719,2026-02-16,Referral,38362.24,184190,1765,121
M005720,2025-12-31,Referral,34113.58,288752,5442,204
M005721,2022-11-24,Email,28647.87,172494,4538,137
M005722,2024-08-26,Affiliate,30563.97,106599,13902,226
M005723,2022-02-08,Instagram,29588.41,126863,5873,72
M005724,2024-03-04,Email,4201.49,88058,12682,141
M005725,2023-01-24,Organic Search,23586.55,181490,5624,228
M005726,2025-12-01,Google Ads,11206.9,118570,7392,152
M005727,2025-12-07,Meta Ads,33508.2,194079,9351,51
M005728,2026-05-07,Meta Ads,12664.55,59799,13207,89
M005729,2024-08-21,Meta Ads,25692.04,189360,11957,169
M005730,2024-09-03,Referral,6628.14,152934,10611,150
M005731,2023-12-10,Google Ads,31253.19,108582,2499,81
M005732,2025-05-03,Google Ads,21177.54,80761,9792,63
M005733,2022-07-25,Google Ads,7303.41,48856,2958,212
M005734,2022-02-17,Direct,17765.45,191673,3155,100
M005735,2026-03-06,Affiliate,39666.33,210639,10769,250
M005736,2023-01-02,Referral,1251.46,258709,10567,163
M005737,2025-05-23,Direct,27578.82,104706,816,214
M005738,2024-03-11,Referral,32345.52,144408,13283,91
M005739,2026-06-12,Referral,8780.13,284747,3871,166
M005740,2022-12-02,Meta Ads,18470.25,39710,9500,89
M005741,2023-05-07,Google Ads,27373.81,194436,1573,109
M005742,2024-07-08,Organic Search,6534.64,210063,8773,7
M005743,2022-09-17,Affiliate,36336.81,192188,12812,119
M005744,2024-10-31,Google Ads,3682.68,138764,8646,104
M005745,2023-04-28,Instagram,1055.75,152574,2885,23
M005746,2022-05-30,Direct,1828.49,68395,13856,12
M005747,2025-11-17,Instagram,22530.68,257055,6643,147
M005748,2025-03-16,Referral,41420.4,99654,283,126
M005749,2026-05-10,Direct,28741.21,174541,545,118
M005750,2026-06-15,Instagram,27754.99,101349,1553,142
M005751,2025-05-15,Organic Search,22772.25,75257,3713,251
M005752,2023-12-21,Affiliate,38278.1,84689,12222,247
M005753,2022-09-08,Affiliate,12995.02,50175,8489,172
M005754,2022-06-08,Organic Search,13560.96,155173,6464,116
M005755,2026-05-10,Email,30300.7,246751,5855,125
M005756,2025-05-01,Affiliate,40414.89,40298,7294,168
M005757,2025-12-01,Email,28536.31,163873,2253,60
M005758,2025-08-22,Instagram,39990.0,120081,9070,155
M005759,2022-07-27,Direct,40438.98,296014,4369,68
M005760,2023-02-27,Direct,10529.96,69270,806,147
M005761,2026-05-25,Affiliate,13703.06,226208,11488,7
M005762,2022-07-26,Referral,29225.32,63728,2091,8
M005763,2024-03-23,Email,17433.18,194515,292,226
M005764,2026-01-20,Meta Ads,7703.63,175946,5942,146
M005765,2024-02-10,Organic Search,26259.38,141057,2971,93
M005766,2024-07-03,Direct,12752.95,23049,10593,110
M005767,2024-06-13,Direct,14454.46,94518,8189,145
M005768,2024-11-25,Affiliate,15094.7,9630,5688,248
M005769,2026-08-04,Affiliate,15117.68,129579,13772,12
M005770,2024-03-01,Instagram,29518.06,101937,10357,256
M005771,2024-12-10,Email,7209.67,298661,5446,57
M005772,2022-10-04,Instagram,17292.72,137348,3518,159
M005773,2023-05-09,Organic Search,14857.86,264653,803,136
M005774,2022-06-06,Referral,21085.1,235960,4595,227
M005775,2026-03-24,Instagram,11850.2,171245,4364,11
M005776,2022-06-07,Direct,12318.75,41258,12066,229
M005777,2022-10-19,Affiliate,17530.61,53543,10723,26
M005778,2025-03-29,Organic Search,36852.26,222037,6085,254
M005779,2023-07-05,Affiliate,38197.65,27102,1220,15
M005780,2024-04-27,Instagram,18086.27,292323,11832,204
M005781,2022-11-29,Affiliate,22408.01,236575,13810,60
M005782,2024-11-06,Organic Search,21303.97,230223,9178,83
M005783,2022-08-09,Google Ads,19291.74,199497,8408,211
M005784,2022-12-21,Referral,32777.37,127162,7141,258
M005785,2026-06-06,Instagram,36138.63,227617,4289,75
M005786,2022-01-02,Instagram,13857.43,266671,12456,51
M005787,2022-06-19,Direct,26293.19,128455,11152,106
M005788,2026-06-28,Email,31392.25,150093,5170,183
M005789,2026-06-20,Referral,38231.57,20428,9161,245
M005790,2023-02-26,Referral,24409.84,271645,13097,112
M005791,2025-09-25,Google Ads,34406.97,136308,5003,71
M005792,2023-07-02,Google Ads,15765.58,36928,11577,254
M005793,2024-01-02,Direct,39260.08,33915,1074,93
M005794,2022-11-05,Email,40445.84,287530,3800,24
M005795,2026-08-27,Referral,12713.21,216601,7901,94
M005796,2026-04-01,Direct,13260.21,227806,2486,208
M005797,2024-09-01,Instagram,33733.61,117202,4168,104
M005798,2025-01-12,Affiliate,4636.23,213148,9632,167
M005799,2024-08-23,Organic Search,40467.03,82962,11073,258
M005800,2025-09-21,Meta Ads,30207.5,290467,9800,105
M005801,2022-02-19,Google Ads,27515.69,195847,4829,192
M005802,2023-02-26,Affiliate,13169.28,124232,7570,185
M005803,2022-12-24,Organic Search,8031.41,103197,8977,251
M005804,2022-06-01,Affiliate,16358.29,58052,4430,40
M005805,2024-09-05,Direct,17985.01,100493,11987,64
M005806,2023-08-08,Referral,29022.14,289075,11608,233
M005807,2025-07-31,Instagram,36757.25,127628,6982,205
M005808,2026-06-18,Direct,26497.77,57370,1088,90
M005809,2025-09-29,Affiliate,16004.16,137269,4673,203
M005810,2022-02-26,Referral,36075.48,182743,12362,108
M005811,2023-08-28,Email,1883.67,257748,1814,169
M005812,2025-07-15,Google Ads,10766.1,242248,11058,214
M005813,2023-01-20,Affiliate,34142.97,266554,2578,191
M005814,2025-11-23,Referral,21462.67,40637,1130,52
M005815,2024-04-25,Referral,31764.1,120181,12423,233
M005816,2024-06-10,Instagram,28814.17,20724,12736,204
M005817,2023-03-09,Google Ads,9631.41,292050,8438,19
M005818,2022-08-22,Affiliate,2769.22,239028,10891,107
M005819,2023-01-24,Affiliate,5671.01,220408,11346,137
M005820,2026-01-10,Instagram,10605.72,241452,12083,115
M005821,2025-03-07,Referral,38027.26,110500,7310,104
M005822,2025-04-15,Organic Search,18149.46,171074,4729,90
M005823,2026-05-10,Referral,15394.01,9141,2898,68
M005824,2022-02-14,Affiliate,7570.76,178089,7082,167
M005825,2026-07-09,Referral,32150.9,225120,8094,42
M005826,2025-08-01,Email,1658.92,161555,8767,95
M005827,2024-06-25,Affiliate,16581.33,238637,11552,159
M005828,2025-06-24,Direct,31782.37,148492,11755,238
M005829,2026-07-26,Google Ads,2121.04,79358,5624,137
M005830,2023-05-10,Email,10693.76,108532,8070,140
M005831,2023-02-26,Direct,34591.59,58539,2228,61
M005832,2022-09-12,Referral,16237.63,290692,8945,173
M005833,2025-02-28,Affiliate,35423.54,192189,13177,160
M005834,2026-07-07,Organic Search,2309.31,26273,10013,140
M005835,2023-06-27,Meta Ads,17456.94,83831,5323,49
M005836,2026-08-29,Organic Search,30157.04,247222,4098,115
M005837,2023-09-25,Affiliate,14405.07,270012,8780,140
M005838,2023-05-10,Instagram,36445.94,277791,7423,138
M005839,2022-01-22,Organic Search,26721.23,151667,11265,29
M005840,2026-05-23,Instagram,38166.74,17942,13072,165
M005841,2022-12-27,Instagram,3995.81,133948,12533,244
M005842,2023-09-30,Meta Ads,20519.09,15091,8948,257
M005843,2025-06-14,Email,3029.73,19963,7205,53
M005844,2024-01-23,Organic Search,41623.9,16199,4761,259
M005845,2022-11-22,Instagram,17677.72,198179,4768,226
M005846,2023-06-13,Organic Search,23204.57,272139,12975,186
M005847,2023-01-28,Organic Search,14459.2,251986,6268,183
M005848,2023-12-13,Email,5791.81,240087,10777,8
M005849,2024-04-13,Direct,5756.26,102595,13668,61
M005850,2025-07-21,Email,12801.4,299414,12906,7
M005851,2026-07-30,Organic Search,29192.75,21403,6941,62
M005852,2026-01-22,Google Ads,12094.6,61404,4703,81
M005853,2025-06-23,Instagram,36405.41,115090,9001,12
M005854,2025-07-13,Affiliate,31856.46,70587,10503,81
M005855,2022-04-02,Organic Search,16411.55,96580,13276,194
M005856,2023-11-11,Organic Search,677.45,21991,13993,6
M005857,2022-09-23,Email,10108.84,289649,13061,249
M005858,2023-03-18,Instagram,41883.21,248337,11551,87
M005859,2024-03-14,Google Ads,17535.24,227851,3516,244
M005860,2022-08-19,Google Ads,23836.64,238626,2876,186
M005861,2023-10-24,Instagram,17996.47,136926,9966,34
M005862,2023-02-27,Referral,12238.87,266273,2768,38
M005863,2024-01-10,Instagram,38664.96,14182,2673,45
M005864,2024-07-19,Organic Search,24006.2,231751,11204,199
M005865,2025-05-19,Instagram,29605.24,193555,2813,155
M005866,2026-05-20,Direct,16033.86,266245,11712,186
M005867,2025-02-25,Google Ads,11826.2,245801,7436,202
M005868,2026-03-05,Email,37643.63,257967,2039,50
M005869,2026-06-09,Organic Search,23249.87,196185,1699,173
M005870,2024-02-14,Google Ads,26992.67,170114,4158,33
M005871,2026-05-13,Google Ads,6985.77,127749,2020,211
M005872,2024-05-10,Affiliate,34971.59,152117,13908,91
M005873,2022-11-10,Referral,38381.86,231989,5385,78
M005874,2023-07-16,Google Ads,38627.85,120732,13785,66
M005875,2024-07-01,Google Ads,22822.95,253455,4176,13
M005876,2026-08-13,Instagram,8301.07,88947,6396,18
M005877,2024-11-24,Google Ads,36197.93,188731,8533,218
M005878,2024-06-16,Affiliate,16722.39,232314,1374,154
M005879,2024-01-24,Meta Ads,22356.54,140255,13975,78
M005880,2024-09-22,Email,7563.06,202509,1927,201
M005881,2025-10-14,Email,31588.67,218574,10905,13
M005882,2024-09-25,Meta Ads,26009.4,174441,4444,212
M005883,2023-01-20,Referral,31942.4,15158,1513,259
M005884,2022-08-11,Meta Ads,34566.33,51074,10800,96
M005885,2024-12-19,Referral,1623.65,200457,1018,132
M005886,2026-08-23,Referral,39536.31,75737,2492,110
M005887,2023-12-11,Meta Ads,22789.09,34557,1114,19
M005888,2023-08-13,Email,4182.29,42189,4023,8
M005889,2024-12-24,Referral,23381.7,242989,11152,41
M005890,2023-08-17,Meta Ads,23487.51,54946,10940,67
M005891,2023-02-14,Direct,25847.42,195404,7051,13
M005892,2025-11-25,Direct,7533.81,169276,4578,65
M005893,2023-11-17,Referral,36680.85,41987,13719,181
M005894,2024-06-07,Referral,14186.77,118485,3322,86
M005895,2023-03-05,Referral,1480.92,175249,1102,31
M005896,2022-12-30,Affiliate,32930.1,53480,1928,205
M005897,2022-05-17,Referral,4549.6,242530,1247,23
M005898,2024-06-04,Google Ads,41062.45,264913,7539,13
M005899,2023-06-01,Email,32401.66,216567,7039,129
M005900,2024-03-23,Meta Ads,32312.97,127092,4617,243
M005901,2023-10-02,Instagram,15512.11,28270,4113,96
M005902,2026-04-07,Referral,23157.56,74592,10134,258
M005903,2024-07-23,Email,36103.49,41809,2941,121
M005904,2025-10-01,Instagram,33178.59,102980,758,13
M005905,2025-09-03,Referral,2959.11,200895,9754,33
M005906,2024-02-19,Google Ads,41965.31,20691,3760,236
M005907,2024-06-09,Email,25668.13,159597,11065,26
M005908,2025-05-10,Organic Search,26024.96,265459,5460,35
M005909,2023-01-30,Organic Search,28625.68,133484,1792,177
M005910,2022-07-24,Meta Ads,23419.95,181888,8777,3
M005911,2023-09-26,Organic Search,20238.31,152659,8673,204
M005912,2024-04-30,Google Ads,35822.98,68310,11474,184
M005913,2023-01-12,Google Ads,20700.11,238807,609,100
M005914,2024-09-28,Meta Ads,4922.42,264932,10752,200
M005915,2026-07-02,Organic Search,14945.95,130591,5098,5
M005916,2024-09-01,Organic Search,1344.25,268518,6052,195
M005917,2022-06-16,Instagram,39288.98,186098,11427,71
M005918,2024-12-21,Referral,9105.41,249018,12738,236
M005919,2022-07-24,Affiliate,23613.81,77398,9019,198
M005920,2022-08-10,Referral,18398.91,269605,5669,22
M005921,2024-03-09,Instagram,6499.55,119473,12658,154
M005922,2025-03-10,Referral,36753.07,99434,2573,19
M005923,2022-03-26,Meta Ads,10236.5,6194,13386,103
M005924,2026-01-20,Email,35485.17,247530,12498,27
M005925,2025-09-17,Instagram,26747.9,284925,3138,174
M005926,2024-12-01,Direct,18046.79,9149,2249,258
M005927,2022-09-09,Email,7225.22,3365,13623,233
M005928,2023-09-06,Email,13131.05,201594,6013,100
M005929,2025-06-06,Meta Ads,36786.41,157578,9090,160
M005930,2023-02-05,Meta Ads,40982.06,115930,13403,106
M005931,2026-04-25,Organic Search,40414.14,118868,10506,67
M005932,2023-05-01,Email,6597.88,253347,12040,144
M005933,2026-03-11,Affiliate,1783.13,59782,4327,72
M005934,2023-04-30,Email,6737.79,223385,6576,21
M005935,2023-02-11,Direct,3688.61,85797,1547,108
M005936,2023-12-05,Google Ads,19715.71,183348,6137,221
M005937,2022-07-14,Google Ads,35676.54,202525,8963,2
M005938,2023-02-08,Direct,5561.32,183830,5640,156
M005939,2026-06-07,Meta Ads,40608.98,257457,2017,77
M005940,2025-09-09,Direct,17668.54,122881,5658,60
M005941,2025-09-30,Google Ads,9648.18,43807,8448,152
M005942,2023-07-09,Instagram,20902.97,221957,13056,43
M005943,2023-05-27,Referral,29813.94,55147,5425,184
M005944,2024-01-07,Google Ads,41101.78,67741,9803,138
M005945,2026-04-25,Instagram,8492.61,168550,6949,216
M005946,2024-02-22,Organic Search,19383.75,78305,740,170
M005947,2024-10-28,Referral,39837.47,276610,1093,113
M005948,2026-02-13,Direct,4062.92,29403,11137,228
M005949,2026-08-10,Organic Search,16090.79,43518,6949,226
M005950,2022-11-08,Google Ads,8241.84,56483,10057,87
M005951,2022-07-19,Google Ads,12048.2,178049,9443,203
M005952,2024-02-21,Affiliate,13690.58,81620,601,185
M005953,2022-04-28,Organic Search,9288.57,268668,9147,186
M005954,2024-02-22,Google Ads,13821.32,193041,7438,38
M005955,2025-12-16,Meta Ads,10002.87,32077,1279,231
M005956,2025-12-25,Affiliate,24180.52,119573,13915,253
M005957,2024-01-01,Direct,40717.33,217785,2607,22
M005958,2026-03-29,Referral,4607.52,60374,3412,14
M005959,2023-09-17,Affiliate,33920.57,145709,13833,173
M005960,2024-04-06,Google Ads,38896.28,191291,4992,41
M005961,2024-10-10,Email,8862.65,36258,1644,41
M005962,2022-03-21,Affiliate,13105.87,125886,295,22
M005963,2023-03-20,Email,33345.24,64888,3179,34
M005964,2026-03-01,Referral,18059.31,39765,4443,11
M005965,2023-03-31,Direct,10980.61,113397,11225,51
M005966,2026-02-16,Direct,28093.22,46886,1397,4
M005967,2022-09-27,Affiliate,15075.39,213312,2186,220
M005968,2025-12-18,Referral,1972.43,17215,13123,6
M005969,2023-08-24,Email,31194.61,63617,8848,228
M005970,2024-08-08,Organic Search,13027.98,292580,6921,108
M005971,2024-03-13,Organic Search,19245.59,174894,9973,229
M005972,2024-06-12,Meta Ads,38300.44,28458,9067,246
M005973,2024-11-12,Referral,7378.97,192497,2959,151
M005974,2022-10-30,Instagram,36887.33,24688,1964,32
M005975,2022-08-31,Email,41794.42,61788,8389,158
M005976,2024-01-23,Google Ads,14810.36,6337,4511,179
M005977,2022-08-12,Affiliate,13914.26,134261,12206,154
M005978,2025-10-25,Google Ads,15539.15,163056,8949,20
M005979,2025-04-14,Direct,23778.79,276415,7862,155
M005980,2023-02-15,Direct,38964.68,152055,1256,213
M005981,2024-08-29,Organic Search,30832.45,203214,4704,194
M005982,2022-02-18,Email,660.94,230686,7537,86
M005983,2022-05-07,Direct,3704.62,8769,9792,245
M005984,2022-03-16,Meta Ads,35515.4,102365,9926,108
M005985,2024-08-14,Email,7908.56,178722,3789,208
M005986,2024-04-30,Meta Ads,14380.27,251707,2177,24
M005987,2022-12-25,Direct,24127.02,293913,7846,227
M005988,2023-05-24,Instagram,5540.03,178932,4421,105
M005989,2025-01-07,Google Ads,16116.85,9530,5218,218
M005990,2022-02-14,Email,15819.1,38059,4818,121
M005991,2022-08-15,Email,10958.15,278837,11438,209
M005992,2025-08-17,Meta Ads,19555.6,50854,5243,54
M005993,2024-11-03,Instagram,41967.67,40274,7163,62
M005994,2025-05-26,Instagram,26149.88,163361,8234,60
M005995,2026-06-15,Google Ads,21527.4,107455,5352,134
M005996,2024-11-21,Referral,24110.82,274007,8748,206
M005997,2025-05-07,Direct,21760.53,121645,7603,124
M005998,2024-03-04,Direct,23265.15,114677,11917,55
M005999,2023-09-25,Organic Search,36950.89,244423,7206,17
M006000,2025-11-07,Affiliate,14606.83,207028,8226,166
