return_id,order_id,customer_id,return_date,return_reason,refund_amount
R000001,O0009366,C003131,2023-02-28,Wrong Product,15171.08
R000002,O0009001,C001686,2025-01-18,Late Delivery,1373.03
R000003,O0025905,C002245,2024-11-20,Size Issue,13366.23
R000004,O0000106,C005090,2025-01-29,Quality Issue,10395.34
R000005,O0010429,C000430,2026-06-04,Late Delivery,1308.1
R000006,O0010857,C001781,2023-06-22,Size Issue,523.67
R000007,O0008663,C001464,2024-01-17,Damaged Product,4399.85
R000008,O0002162,C004860,2022-07-02,Quality Issue,436.42
R000009,O0007637,C001880,2025-05-31,Wrong Product,49666.51
R000010,O0023779,C002843,2022-05-19,Damaged Product,4076.36
R000011,O0008119,C002136,2023-07-06,Size Issue,401.06
R000012,O0014963,C002819,2023-06-06,Size Issue,716.42
R000013,O0002471,C000569,2022-01-19,Wrong Product,453.04
R000014,O0009262,C003557,2023-05-20,Late Delivery,472.17
R000015,O0025749,C002689,2022-06-25,Damaged Product,11146.61
R000016,O0011418,C000276,2024-07-03,Customer Changed Mind,82207.07
R000017,O0008695,C004899,2024-01-15,Size Issue,435.8
R000018,O0018712,C004101,2022-06-01,Late Delivery,45186.61
R000019,O0009981,C001269,2024-03-25,Damaged Product,36198.13
R000020,O0025561,C000112,2023-10-08,Late Delivery,963.86
R000021,O0000097,C003254,2026-09-21,Late Delivery,1051.32
R000022,O0014493,C004655,2023-12-14,Size Issue,123787.51
R000023,O0007271,C004559,2025-05-08,Late Delivery,2872.4
R000024,O0010345,C004708,2023-04-25,Size Issue,7600.13
R000025,O0011472,C003741,2022-04-13,Quality Issue,2369.61
R000026,O0003198,C001982,2024-01-31,Damaged Product,157047.01
R000027,O0021988,C003967,2023-05-30,Late Delivery,3748.31
R000028,O0020026,C002507,2023-12-31,Customer Changed Mind,20133.83
R000029,O0023581,C004001,2022-11-18,Wrong Product,5771.46
R000030,O0017175,C000465,2022-05-10,Damaged Product,364.09
R000031,O0017157,C000621,2026-06-21,Customer Changed Mind,341.43
R000032,O0008952,C005159,2022-06-03,Customer Changed Mind,6542.87
R000033,O0007659,C002300,2024-11-05,Size Issue,6854.13
R000034,O0016035,C001232,2025-01-25,Quality Issue,8901.03
R000035,O0009326,C004063,2022-08-28,Late Delivery,877.48
R000036,O0002043,C001480,2026-07-11,Wrong Product,11198.95
R000037,O0022425,C002732,2023-11-25,Late Delivery,7071.47
R000038,O0019306,C002584,2024-09-26,Quality Issue,11847.77
R000039,O0005770,C000442,2022-02-22,Wrong Product,10144.13
R000040,O0024809,C004162,2025-06-02,Size Issue,433.74
R000041,O0023815,C001352,2022-06-14,Damaged Product,13082.83
R000042,O0019120,C004047,2025-01-21,Customer Changed Mind,9513.1
R000043,O0010093,C002436,2025-02-19,Wrong Product,125610.4
R000044,O0013929,C000924,2024-10-31,Customer Changed Mind,2050.59
R000045,O0018661,C002194,2026-04-02,Size Issue,17470.32
R000046,O0014185,C004998,2022-07-01,Damaged Product,4754.36
R000047,O0016688,C003021,2025-01-20,Late Delivery,42910.26
R000048,O0014585,C000031,2026-07-11,Customer Changed Mind,3477.66
R000049,O0017306,C004948,2025-10-31,Customer Changed Mind,55895.84
R000050,O0018612,C002150,2026-03-12,Customer Changed Mind,1717.85
R000051,O0010197,C001816,2026-04-22,Customer Changed Mind,957.3
R000052,O0007519,C004797,2025-02-18,Size Issue,13097.08
R000053,O0009998,C002878,2022-02-25,Customer Changed Mind,245.09
R000054,O0006487,C005191,2025-01-24,Quality Issue,46478.82
R000055,O0021553,C004446,2026-04-11,Customer Changed Mind,5906.46
R000056,O0003350,C000618,2024-07-22,Damaged Product,5956.0
R000057,O0023923,C003317,2022-12-23,Size Issue,9584.85
R000058,O0025989,C000473,2023-12-08,Quality Issue,7855.8
R000059,O0020267,C000758,2022-07-04,Customer Changed Mind,4098.38
R000060,O0015785,C001532,2024-06-22,Quality Issue,3108.46
R000061,O0018223,C000552,2022-01-14,Late Delivery,5750.13
R000062,O0000423,C003316,2024-06-30,Damaged Product,821.71
R000063,O0006420,C005109,2025-02-08,Wrong Product,11576.98
R000064,O0003894,C001775,2022-11-19,Customer Changed Mind,5736.12
R000065,O0010855,C002144,2024-05-20,Damaged Product,10875.62
R000066,O0018105,C004514,2025-04-23,Quality Issue,22228.01
R000067,O0002721,C004343,2024-02-09,Size Issue,527.68
R000068,O0007901,C001495,2024-11-29,Customer Changed Mind,6044.14
R000069,O0019305,C003659,2024-02-15,Damaged Product,2957.72
R000070,O0010798,C003188,2023-05-15,Quality Issue,442.25
R000071,O0017452,C003062,2023-10-23,Late Delivery,1116.39
R000072,O0025088,C003864,2023-01-29,Late Delivery,36720.57
R000073,O0004806,C000445,2022-09-28,Customer Changed Mind,3266.26
R000074,O0014166,C000952,2024-10-05,Size Issue,10887.25
R000075,O0013471,C001602,2025-01-08,Size Issue,3421.12
R000076,O0012633,C004278,2024-09-05,Customer Changed Mind,15279.8
R000077,O0009323,C003881,2025-05-31,Size Issue,1182.82
R000078,O0011221,C001602,2023-06-21,Wrong Product,25537.63
R000079,O0022869,C004072,2022-04-21,Size Issue,15781.08
R000080,O0020765,C001775,2024-02-23,Damaged Product,4595.64
R000081,O0024968,C004409,2023-10-13,Damaged Product,5089.07
R000082,O0024711,C001645,2022-09-01,Wrong Product,628.79
R000083,O0016019,C002780,2023-03-23,Damaged Product,602.52
R000084,O0013536,C004271,2023-07-28,Wrong Product,378.32
R000085,O0006154,C001148,2024-01-24,Size Issue,10934.25
R000086,O0018864,C004770,2024-04-21,Wrong Product,655.37
R000087,O0001517,C000729,2022-06-30,Customer Changed Mind,985.95
R000088,O0018930,C000830,2025-12-06,Wrong Product,14062.83
R000089,O0020363,C003057,2022-03-21,Size Issue,6473.5
R000090,O0017648,C003833,2023-03-24,Quality Issue,6327.45
R000091,O0009665,C004092,2022-11-03,Wrong Product,7999.21
R000092,O0025127,C002811,2023-11-26,Customer Changed Mind,8704.22
R000093,O0024080,C001115,2024-02-09,Size Issue,7097.1
R000094,O0016335,C003310,2022-12-28,Damaged Product,10511.83
R000095,O0025701,C000221,2025-11-28,Late Delivery,2738.0
R000096,O0024188,C003406,2024-01-30,Quality Issue,4022.15
R000097,O0003167,C002131,2024-04-06,Wrong Product,7501.73
R000098,O0018183,C001017,2022-07-25,Customer Changed Mind,2210.91
R000099,O0015569,C000013,2024-04-05,Quality Issue,2443.07
R000100,O0023588,C003881,2023-10-05,Wrong Product,12685.03
R000101,O0009814,C002513,2022-10-05,Size Issue,213.92
R000102,O0011354,C002730,2023-07-24,Damaged Product,3677.67
R000103,O0019906,C000160,2022-09-17,Size Issue,2534.57
R000104,O0023255,C004084,2025-01-08,Quality Issue,8859.5
R000105,O0007027,C004945,2025-12-14,Late Delivery,1346.24
R000106,O0016499,C003564,2026-07-17,Damaged Product,8949.67
R000107,O0005179,C000912,2025-05-28,Size Issue,8236.06
R000108,O0025890,C003602,2023-06-16,Late Delivery,692.07
R000109,O0025521,C002300,2024-01-18,Quality Issue,2301.24
R000110,O0015899,C004757,2024-03-07,Late Delivery,14743.32
R000111,O0017991,C002612,2022-10-22,Size Issue,4020.0
R000112,O0018979,C001144,2025-03-12,Wrong Product,833.89
R000113,O0023543,C002188,2024-01-21,Size Issue,50210.21
R000114,O0012250,C002098,2026-06-25,Late Delivery,3276.87
R000115,O0006166,C003752,2023-07-17,Customer Changed Mind,1803.56
R000116,O0023938,C004932,2026-04-14,Late Delivery,48170.77
R000117,O0008024,C000780,2024-02-22,Late Delivery,4417.36
R000118,O0024648,C002615,2026-01-06,Size Issue,7010.41
R000119,O0008315,C000957,2025-01-20,Customer Changed Mind,613.59
R000120,O0006476,C002462,2022-08-21,Customer Changed Mind,5484.26
R000121,O0015891,C004747,2022-10-31,Quality Issue,2109.05
R000122,O0001984,C001107,2026-05-08,Damaged Product,13262.97
R000123,O0002982,C004142,2026-01-30,Size Issue,1311.84
R000124,O0014506,C002778,2025-06-01,Customer Changed Mind,480.74
R000125,O0009462,C001650,2022-05-16,Late Delivery,6253.65
R000126,O0020757,C004480,2022-11-26,Damaged Product,322.41
R000127,O0015869,C001218,2025-07-11,Wrong Product,2574.05
R000128,O0015231,C001001,2022-02-09,Size Issue,2424.51
R000129,O0022793,C001265,2024-09-11,Damaged Product,103852.91
R000130,O0024103,C004611,2026-04-20,Late Delivery,690.78
R000131,O0013154,C001470,2026-04-03,Late Delivery,6903.6
R000132,O0013792,C004339,2023-07-24,Size Issue,589.66
R000133,O0000238,C001500,2023-11-22,Late Delivery,3906.01
R000134,O0000245,C002144,2026-01-27,Wrong Product,714.6
R000135,O0013335,C004978,2023-09-17,Customer Changed Mind,2967.58
R000136,O0011146,C004431,2025-06-30,Late Delivery,1311.22
R000137,O0010975,C001804,2024-10-12,Customer Changed Mind,1439.54
R000138,O0004853,C000809,2023-08-05,Late Delivery,3653.18
R000139,O0017460,C000896,2025-08-22,Late Delivery,593.94
R000140,O0002436,C000831,2022-09-01,Size Issue,4145.85
R000141,O0012410,C003427,2026-04-19,Wrong Product,103635.09
R000142,O0005565,C004663,2023-04-24,Late Delivery,1093.51
R000143,O0008771,C000780,2022-09-12,Damaged Product,650.18
R000144,O0019837,C002036,2026-03-08,Customer Changed Mind,3135.17
R000145,O0011124,C003200,2025-06-04,Quality Issue,21611.2
R000146,O0015996,C003872,2022-03-04,Size Issue,873.4
R000147,O0007385,C002913,2025-12-29,Wrong Product,496.95
R000148,O0016113,C000907,2024-03-01,Late Delivery,14085.52
R000149,O0003914,C003406,2023-05-20,Customer Changed Mind,4447.81
R000150,O0003803,C000787,2022-05-29,Damaged Product,2629.77
R000151,O0014102,C000607,2022-05-08,Quality Issue,621.18
R000152,O0005745,C002029,2024-04-26,Size Issue,4544.87
R000153,O0001056,C003795,2022-07-30,Late Delivery,4800.19
R000154,O0024155,C003599,2023-10-12,Customer Changed Mind,5850.73
R000155,O0002177,C000031,2024-06-03,Size Issue,2501.15
R000156,O0014105,C002560,2025-09-15,Damaged Product,3194.6
R000157,O0015679,C004619,2022-06-02,Size Issue,3922.27
R000158,O0020222,C003911,2023-01-15,Size Issue,10082.64
R000159,O0011361,C002300,2022-12-20,Customer Changed Mind,133977.17
R000160,O0007657,C003384,2022-02-04,Late Delivery,1647.17
R000161,O0006845,C003022,2023-06-19,Late Delivery,1011.6
R000162,O0004924,C004536,2023-03-22,Customer Changed Mind,29289.77
R000163,O0022184,C000080,2026-05-22,Damaged Product,66089.95
R000164,O0014731,C002097,2023-04-16,Customer Changed Mind,3326.28
R000165,O0017384,C002780,2024-10-24,Customer Changed Mind,18188.98
R000166,O0003650,C000034,2025-03-26,Size Issue,3542.52
R000167,O0001549,C002665,2022-12-20,Wrong Product,6375.82
R000168,O0000920,C004185,2025-03-01,Late Delivery,36774.83
R000169,O0012593,C005075,2022-12-03,Customer Changed Mind,9177.69
R000170,O0016975,C003938,2024-06-25,Late Delivery,3413.7
R000171,O0000908,C001656,2022-05-27,Size Issue,5594.49
R000172,O0023619,C000809,2022-10-02,Size Issue,3826.8
R000173,O0004423,C000195,2022-08-10,Late Delivery,1425.16
R000174,O0002993,C003599,2026-08-28,Size Issue,3857.34
R000175,O0012780,C003231,2025-08-30,Quality Issue,4882.19
R000176,O0017521,C004860,2024-07-13,Quality Issue,1471.13
R000177,O0001301,C005113,2024-08-24,Late Delivery,486.66
R000178,O0025783,C001760,2026-03-30,Size Issue,706.19
R000179,O0023417,C004148,2022-09-23,Late Delivery,300.03
R000180,O0021303,C004536,2022-08-08,Damaged Product,2776.37
R000181,O0008317,C003911,2023-01-04,Size Issue,7932.39
R000182,O0003421,C003982,2025-04-04,Customer Changed Mind,20489.72
R000183,O0023722,C000161,2026-06-23,Customer Changed Mind,1640.51
R000184,O0002973,C000264,2024-03-18,Wrong Product,4516.33
R000185,O0016938,C004461,2026-09-07,Late Delivery,9145.58
R000186,O0009327,C003084,2022-10-12,Size Issue,164357.65
R000187,O0023423,C003172,2022-04-17,Wrong Product,847.22
R000188,O0019100,C003059,2023-04-19,Quality Issue,9440.72
R000189,O0017068,C000378,2025-05-15,Customer Changed Mind,5321.7
R000190,O0017296,C003818,2022-03-18,Wrong Product,4258.31
R000191,O0011202,C000106,2022-04-16,Damaged Product,13019.34
R000192,O0025789,C004057,2024-08-10,Customer Changed Mind,8377.27
R000193,O0020333,C003668,2024-11-27,Late Delivery,1562.73
R000194,O0018326,C002550,2025-11-18,Late Delivery,596.57
R000195,O0021444,C000031,2024-10-26,Damaged Product,8068.53
R000196,O0007573,C003584,2024-03-02,Customer Changed Mind,57717.25
R000197,O0023536,C003521,2022-07-26,Damaged Product,4518.37
R000198,O0003868,C000952,2025-10-24,Customer Changed Mind,3434.12
R000199,O0011956,C003786,2024-07-10,Size Issue,1776.49
R000200,O0015277,C002029,2026-06-05,Late Delivery,2595.43
R000201,O0009650,C002967,2026-03-30,Size Issue,2491.65
R000202,O0002045,C005075,2025-08-10,Damaged Product,2400.25
R000203,O0024088,C004860,2023-07-07,Quality Issue,73238.2
R000204,O0003260,C000161,2024-10-01,Wrong Product,12137.21
R000205,O0009949,C002300,2025-10-14,Late Delivery,5237.39
R000206,O0008853,C001612,2024-10-03,Late Delivery,14580.66
R000207,O0003800,C002400,2024-10-12,Quality Issue,1287.32
R000208,O0016368,C004894,2025-05-01,Quality Issue,3889.09
R000209,O0025757,C002430,2025-05-24,Size Issue,162216.49
R000210,O0003692,C003290,2023-07-26,Wrong Product,1342.97
R000211,O0008466,C003753,2026-04-16,Late Delivery,13394.81
R000212,O0014470,C002116,2025-12-22,Late Delivery,37362.3
R000213,O0019405,C004071,2025-12-20,Late Delivery,4620.65
R000214,O0007735,C002472,2024-07-19,Size Issue,4389.61
R000215,O0007323,C001775,2025-01-12,Size Issue,21321.5
R000216,O0008481,C001526,2023-11-01,Wrong Product,224.61
R000217,O0022435,C004711,2024-12-30,Damaged Product,28495.2
R000218,O0000907,C004092,2024-10-31,Wrong Product,15012.79
R000219,O0009807,C003195,2025-12-20,Wrong Product,354.3
R000220,O0020385,C003978,2022-12-04,Customer Changed Mind,11795.84
R000221,O0012472,C000259,2026-01-17,Size Issue,2753.79
R000222,O0001454,C001011,2023-04-21,Wrong Product,16831.91
R000223,O0010211,C002552,2023-12-19,Late Delivery,2238.09
R000224,O0002556,C002418,2023-07-23,Customer Changed Mind,417.5
R000225,O0004751,C000056,2023-11-05,Quality Issue,1278.23
R000226,O0001635,C001757,2024-08-11,Damaged Product,35705.37
R000227,O0019194,C003413,2023-10-11,Size Issue,18893.51
R000228,O0000582,C000160,2024-01-19,Late Delivery,1769.46
R000229,O0002956,C004850,2024-03-31,Damaged Product,9833.52
R000230,O0000640,C001071,2024-03-27,Size Issue,15330.18
R000231,O0012739,C003694,2025-05-26,Quality Issue,76322.43
R000232,O0016177,C003475,2024-12-11,Late Delivery,10968.26
R000233,O0000233,C005134,2025-07-22,Size Issue,11883.45
R000234,O0024275,C003419,2024-07-15,Size Issue,923.1
R000235,O0015291,C000536,2024-09-14,Size Issue,547.91
R000236,O0013573,C004719,2026-05-31,Customer Changed Mind,174574.01
R000237,O0009397,C003319,2025-11-19,Wrong Product,594.51
R000238,O0021474,C005085,2022-05-18,Size Issue,6425.72
R000239,O0020535,C003031,2025-08-25,Damaged Product,1164.57
R000240,O0000264,C002545,2026-07-30,Quality Issue,2030.96
R000241,O0014877,C000555,2023-09-03,Damaged Product,2746.82
R000242,O0011318,C004945,2026-08-22,Wrong Product,12882.53
R000243,O0015500,C004707,2024-07-28,Wrong Product,42655.53
R000244,O0000641,C005200,2024-02-01,Wrong Product,8841.88
R000245,O0024373,C003347,2023-12-29,Customer Changed Mind,7868.17
R000246,O0016660,C002913,2024-04-23,Wrong Product,4704.47
R000247,O0010341,C004004,2023-06-06,Size Issue,5747.46
R000248,O0003958,C005047,2022-08-10,Late Delivery,1426.5
R000249,O0025070,C004875,2022-07-21,Wrong Product,4468.2
R000250,O0022664,C004020,2025-11-11,Size Issue,1767.8
R000251,O0013507,C001602,2025-05-31,Size Issue,266.03
R000252,O0010037,C004664,2023-01-19,Wrong Product,7068.97
R000253,O0013692,C004311,2023-05-29,Size Issue,3388.46
R000254,O0014011,C001835,2026-06-17,Customer Changed Mind,13554.92
R000255,O0010863,C004504,2026-08-22,Customer Changed Mind,12437.08
R000256,O0009729,C000882,2024-03-09,Damaged Product,2067.71
R000257,O0007358,C000031,2025-07-07,Quality Issue,3075.05
R000258,O0003132,C000022,2026-09-26,Quality Issue,2510.54
R000259,O0014071,C003696,2026-09-16,Late Delivery,435.88
R000260,O0003414,C002437,2025-10-11,Size Issue,3714.04
R000261,O0007161,C001972,2025-11-24,Size Issue,3454.37
R000262,O0023978,C004588,2024-06-16,Customer Changed Mind,273.23
R000263,O0001443,C002982,2022-09-21,Late Delivery,5618.62
R000264,O0020641,C001008,2022-11-16,Wrong Product,3606.85
R000265,O0020628,C001579,2023-05-08,Size Issue,4862.52
R000266,O0025329,C002898,2025-11-16,Size Issue,4183.17
R000267,O0003846,C003693,2023-10-12,Size Issue,9744.99
R000268,O0007891,C001932,2026-07-01,Size Issue,26842.52
R000269,O0011304,C003803,2023-03-29,Quality Issue,93069.63
R000270,O0009430,C000552,2023-06-19,Customer Changed Mind,452.68
R000271,O0008027,C001860,2023-01-27,Customer Changed Mind,467.12
R000272,O0009442,C002976,2026-05-02,Quality Issue,26592.91
R000273,O0022231,C000550,2022-10-28,Late Delivery,10311.69
R000274,O0015755,C001860,2025-12-08,Wrong Product,192.05
R000275,O0017772,C004744,2023-11-06,Customer Changed Mind,923.98
R000276,O0000758,C001635,2024-12-03,Wrong Product,17624.91
R000277,O0016392,C003606,2023-06-16,Wrong Product,11911.23
R000278,O0010280,C002076,2022-05-03,Customer Changed Mind,4549.95
R000279,O0007822,C004936,2025-11-20,Customer Changed Mind,2002.9
R000280,O0007454,C002380,2023-04-22,Customer Changed Mind,2573.02
R000281,O0012443,C002504,2024-02-23,Wrong Product,5615.03
R000282,O0004497,C003993,2025-08-20,Customer Changed Mind,12646.31
R000283,O0025254,C002300,2025-07-08,Wrong Product,1386.21
R000284,O0008773,C000977,2026-02-06,Customer Changed Mind,2193.44
R000285,O0008981,C003405,2023-11-24,Quality Issue,2259.6
R000286,O0017185,C001330,2024-12-02,Late Delivery,5010.52
R000287,O0003396,C001030,2023-05-07,Quality Issue,5872.79
R000288,O0007245,C004812,2022-07-17,Wrong Product,952.17
R000289,O0002326,C002134,2024-09-26,Size Issue,293.5
R000290,O0014666,C001066,2023-07-18,Size Issue,21037.85
R000291,O0007541,C004866,2023-05-25,Customer Changed Mind,18603.77
R000292,O0011301,C004055,2022-09-19,Quality Issue,7361.32
R000293,O0024986,C002049,2023-09-25,Late Delivery,4744.4
R000294,O0015559,C000218,2025-04-07,Quality Issue,4360.96
R000295,O0024445,C003585,2024-10-06,Size Issue,2803.94
R000296,O0001123,C002875,2024-01-04,Wrong Product,7190.14
R000297,O0000248,C004719,2023-05-08,Late Delivery,16230.68
R000298,O0022057,C000497,2023-02-05,Quality Issue,44178.2
R000299,O0009670,C002855,2024-04-30,Wrong Product,459.84
R000300,O0009216,C004007,2023-05-30,Wrong Product,558.05
R000301,O0001431,C001405,2022-10-22,Size Issue,1166.29
R000302,O0007317,C003528,2024-12-03,Customer Changed Mind,1555.77
R000303,O0024740,C002464,2025-02-01,Quality Issue,47620.17
R000304,O0003875,C001775,2023-06-13,Late Delivery,2521.59
R000305,O0010660,C004902,2023-07-09,Damaged Product,3600.91
R000306,O0002685,C002005,2024-01-29,Damaged Product,737.72
R000307,O0006392,C004524,2025-09-07,Damaged Product,3132.74
R000308,O0000260,C004711,2024-01-19,Damaged Product,1612.01
R000309,O0017972,C004601,2025-08-13,Damaged Product,424.48
R000310,O0013631,C005194,2023-12-13,Wrong Product,7722.12
R000311,O0003408,C003069,2024-04-25,Damaged Product,549.89
R000312,O0009707,C000618,2025-06-25,Customer Changed Mind,20731.7
R000313,O0015930,C004415,2022-11-23,Wrong Product,926.82
R000314,O0004019,C000529,2026-05-08,Customer Changed Mind,8690.18
R000315,O0002911,C004071,2022-08-14,Wrong Product,354.89
R000316,O0009422,C003851,2025-09-27,Damaged Product,20200.9
R000317,O0016840,C004877,2023-12-11,Late Delivery,3244.33
R000318,O0008250,C002322,2026-07-16,Damaged Product,23651.24
R000319,O0018288,C001063,2023-11-30,Quality Issue,12009.91
R000320,O0015075,C004369,2026-01-08,Customer Changed Mind,482.73
R000321,O0013340,C003364,2025-03-02,Damaged Product,10657.87
R000322,O0017107,C004719,2025-09-18,Late Delivery,205.37
R000323,O0005113,C001064,2024-02-17,Size Issue,384.67
R000324,O0004836,C000544,2022-03-18,Customer Changed Mind,10980.92
R000325,O0020224,C000386,2025-01-22,Quality Issue,9178.89
R000326,O0019852,C001326,2023-06-02,Wrong Product,1146.87
R000327,O0010019,C002267,2026-02-02,Size Issue,17345.05
R000328,O0021946,C003538,2022-10-04,Damaged Product,278.26
R000329,O0018020,C005170,2026-07-18,Wrong Product,14301.41
R000330,O0013901,C004101,2022-04-05,Size Issue,1114.47
R000331,O0011167,C000550,2024-09-18,Wrong Product,521.51
R000332,O0007126,C001076,2022-04-17,Late Delivery,4353.08
R000333,O0000337,C005166,2022-02-13,Customer Changed Mind,9752.89
R000334,O0013598,C000087,2025-01-16,Customer Changed Mind,22874.72
R000335,O0010957,C004860,2022-11-09,Size Issue,2277.41
R000336,O0002212,C002169,2025-01-03,Wrong Product,9241.2
R000337,O0024264,C000714,2026-06-11,Late Delivery,4005.42
R000338,O0005377,C001848,2025-06-19,Damaged Product,3437.85
R000339,O0012486,C003678,2025-10-08,Quality Issue,5195.83
R000340,O0008623,C002149,2023-03-10,Wrong Product,6639.78
R000341,O0013645,C003616,2024-01-02,Damaged Product,1082.86
R000342,O0001688,C003215,2026-06-15,Size Issue,1656.98
R000343,O0022670,C003513,2025-06-25,Size Issue,8697.81
R000344,O0006322,C003269,2024-08-04,Size Issue,164101.9
R000345,O0018143,C001476,2022-05-26,Damaged Product,2223.72
R000346,O0020717,C000552,2023-10-13,Late Delivery,1257.65
R000347,O0015722,C003216,2023-10-08,Damaged Product,333.08
R000348,O0003529,C001757,2025-11-13,Late Delivery,65809.26
R000349,O0011754,C002245,2023-01-05,Wrong Product,71317.64
R000350,O0018101,C000031,2022-06-01,Late Delivery,3481.44
R000351,O0001801,C004053,2022-05-28,Wrong Product,1758.94
R000352,O0014145,C001405,2025-10-28,Late Delivery,24214.45
R000353,O0001698,C000797,2023-07-31,Damaged Product,5868.24
R000354,O0010899,C001586,2022-09-12,Quality Issue,3371.84
R000355,O0023387,C001968,2025-09-23,Late Delivery,28897.49
R000356,O0017418,C000904,2025-10-25,Late Delivery,98431.51
R000357,O0020656,C003383,2026-02-17,Customer Changed Mind,16894.56
R000358,O0011137,C000031,2024-04-28,Wrong Product,22233.28
R000359,O0012937,C003368,2025-04-26,Quality Issue,5881.25
R000360,O0020543,C003816,2025-05-05,Wrong Product,707.6
R000361,O0006288,C001905,2023-12-09,Late Delivery,474.59
R000362,O0013766,C000002,2022-10-30,Wrong Product,3309.55
R000363,O0016857,C001697,2022-08-19,Damaged Product,1473.03
R000364,O0000723,C003850,2022-06-24,Wrong Product,2148.74
R000365,O0024328,C001720,2025-12-09,Size Issue,67175.98
R000366,O0011649,C000432,2024-02-19,Customer Changed Mind,11115.26
R000367,O0012562,C001606,2022-12-03,Size Issue,23959.33
R000368,O0000296,C002967,2025-06-10,Quality Issue,169246.69
R000369,O0015708,C000366,2023-12-09,Size Issue,99534.32
R000370,O0019923,C001181,2023-05-27,Late Delivery,4278.84
R000371,O0010308,C001914,2024-07-08,Size Issue,3778.08
R000372,O0015061,C001555,2026-08-02,Damaged Product,19822.79
R000373,O0014684,C000077,2022-05-22,Damaged Product,16158.26
R000374,O0005670,C003227,2025-11-05,Damaged Product,885.41
R000375,O0008707,C002021,2022-05-21,Damaged Product,365.57
R000376,O0010494,C001030,2024-02-02,Customer Changed Mind,6164.45
R000377,O0016936,C003344,2022-11-02,Damaged Product,4015.66
R000378,O0024850,C003445,2024-07-06,Wrong Product,3564.3
R000379,O0003843,C004028,2024-04-02,Size Issue,1819.37
R000380,O0015050,C003405,2024-04-03,Late Delivery,4958.09
R000381,O0024780,C003993,2025-05-03,Customer Changed Mind,1564.43
R000382,O0019797,C001819,2023-02-20,Wrong Product,1533.49
R000383,O0007332,C004514,2023-03-07,Damaged Product,5680.83
R000384,O0006263,C001775,2024-08-21,Damaged Product,938.92
R000385,O0022927,C000380,2024-07-03,Size Issue,763.9
R000386,O0019568,C002884,2023-07-27,Size Issue,7386.36
R000387,O0001544,C004074,2022-03-31,Size Issue,14413.18
R000388,O0017902,C003851,2025-11-30,Customer Changed Mind,4897.18
R000389,O0022031,C003786,2025-05-04,Customer Changed Mind,4086.98
R000390,O0024869,C004761,2024-08-16,Late Delivery,16571.97
R000391,O0021721,C001712,2024-11-15,Wrong Product,28863.85
R000392,O0018180,C001453,2024-11-27,Late Delivery,7939.13
R000393,O0007465,C002342,2023-09-27,Wrong Product,5756.49
R000394,O0012975,C000381,2024-12-03,Damaged Product,7847.13
R000395,O0023024,C000031,2024-09-03,Late Delivery,559.03
R000396,O0010617,C003786,2022-05-31,Wrong Product,3233.93
R000397,O0018378,C003756,2022-09-08,Size Issue,233.19
R000398,O0025484,C003413,2024-01-28,Customer Changed Mind,5655.51
R000399,O0015129,C004261,2022-10-21,Size Issue,1789.44
R000400,O0022301,C003931,2025-03-28,Quality Issue,1659.54
R000401,O0001602,C000569,2022-05-04,Quality Issue,4365.99
R000402,O0004132,C001816,2026-07-31,Size Issue,2388.91
R000403,O0013815,C000963,2023-09-08,Wrong Product,465.35
R000404,O0019657,C000402,2026-04-03,Damaged Product,4054.82
R000405,O0004453,C003261,2023-10-29,Size Issue,3159.71
R000406,O0019687,C002479,2024-01-11,Late Delivery,19172.51
R000407,O0019727,C002636,2023-10-20,Customer Changed Mind,341.37
R000408,O0008849,C002224,2023-02-08,Damaged Product,383.14
R000409,O0017093,C003486,2023-12-11,Late Delivery,3116.9
R000410,O0007517,C002252,2022-09-15,Size Issue,1465.56
R000411,O0013479,C000797,2025-12-13,Late Delivery,19867.01
R000412,O0012983,C004992,2024-09-29,Quality Issue,831.77
R000413,O0002336,C000809,2025-06-21,Wrong Product,1017.82
R000414,O0004021,C002759,2022-03-18,Late Delivery,1400.76
R000415,O0003998,C002670,2024-11-21,Customer Changed Mind,11236.81
R000416,O0001584,C004536,2022-10-04,Size Issue,5937.55
R000417,O0019010,C001094,2023-12-18,Customer Changed Mind,15889.84
R000418,O0016458,C002063,2022-09-04,Customer Changed Mind,713.37
R000419,O0000956,C003384,2024-03-17,Late Delivery,174800.99
R000420,O0020179,C004850,2023-04-12,Wrong Product,260.55
R000421,O0004821,C000031,2023-04-08,Damaged Product,20620.77
R000422,O0013359,C000375,2023-10-05,Late Delivery,176159.05
R000423,O0023865,C004865,2026-01-20,Late Delivery,18382.95
R000424,O0016839,C004681,2024-02-21,Customer Changed Mind,5822.92
R000425,O0017456,C002268,2025-08-02,Damaged Product,16112.26
R000426,O0007162,C002562,2025-01-04,Quality Issue,6125.55
R000427,O0022863,C004495,2024-07-05,Late Delivery,1997.18
R000428,O0021584,C005102,2026-02-15,Late Delivery,8904.7
R000429,O0022751,C001817,2026-04-08,Quality Issue,40770.95
R000430,O0001225,C003301,2022-05-08,Customer Changed Mind,631.79
R000431,O0002633,C000872,2022-08-20,Size Issue,682.16
R000432,O0016380,C003391,2026-07-23,Late Delivery,1023.94
R000433,O0008777,C004865,2023-09-23,Late Delivery,6314.08
R000434,O0006318,C004424,2025-12-30,Damaged Product,2723.35
R000435,O0013935,C003584,2025-08-11,Damaged Product,2927.78
R000436,O0024407,C003134,2024-02-05,Wrong Product,18722.48
R000437,O0017111,C004003,2024-11-18,Wrong Product,2373.19
R000438,O0022841,C000131,2023-04-14,Size Issue,1027.9
R000439,O0001963,C000797,2024-10-25,Late Delivery,27831.01
R000440,O0005620,C000079,2024-03-25,Wrong Product,11297.99
R000441,O0013651,C004671,2024-11-28,Late Delivery,288.25
R000442,O0009443,C003364,2024-05-09,Damaged Product,16680.71
R000443,O0021534,C003974,2023-05-02,Damaged Product,117301.33
R000444,O0019377,C002581,2022-11-09,Size Issue,1574.8
R000445,O0014713,C002273,2023-12-29,Size Issue,54371.56
R000446,O0008381,C003281,2025-12-12,Quality Issue,4453.98
R000447,O0005261,C005050,2023-04-20,Late Delivery,539.12
R000448,O0005356,C003213,2022-04-17,Damaged Product,13342.54
R000449,O0022942,C001036,2023-04-18,Wrong Product,3222.88
R000450,O0013238,C002552,2024-09-03,Quality Issue,7387.43
R000451,O0002916,C005058,2025-07-06,Customer Changed Mind,607.72
R000452,O0006182,C001015,2022-07-11,Customer Changed Mind,15799.39
R000453,O0014170,C004670,2026-07-10,Quality Issue,8198.47
R000454,O0013278,C000541,2022-03-03,Customer Changed Mind,6562.77
R000455,O0012306,C003160,2023-03-24,Wrong Product,2092.02
R000456,O0007501,C002483,2025-01-06,Damaged Product,2582.64
R000457,O0023317,C004562,2025-05-15,Wrong Product,10101.52
R000458,O0014056,C004536,2022-03-08,Damaged Product,711.74
R000459,O0022545,C002812,2023-04-27,Late Delivery,549.0
R000460,O0024818,C000797,2024-11-17,Quality Issue,12527.04
R000461,O0008401,C002029,2026-04-18,Late Delivery,6057.03
R000462,O0016609,C004555,2022-02-18,Late Delivery,5199.25
R000463,O0020647,C004288,2025-01-18,Size Issue,5676.72
R000464,O0018879,C004429,2022-12-01,Customer Changed Mind,15475.57
R000465,O0000271,C002077,2026-05-27,Damaged Product,432.01
R000466,O0019118,C001846,2024-02-05,Damaged Product,1520.48
R000467,O0019948,C002562,2023-05-06,Customer Changed Mind,12472.17
R000468,O0013778,C001175,2026-03-17,Wrong Product,1241.97
R000469,O0023211,C001386,2023-07-17,Quality Issue,4413.78
R000470,O0006892,C001894,2025-03-02,Damaged Product,903.63
R000471,O0002310,C003729,2026-06-01,Customer Changed Mind,8253.41
R000472,O0023278,C000778,2023-07-29,Wrong Product,10323.36
R000473,O0001832,C002015,2024-02-02,Damaged Product,1466.58
R000474,O0009519,C001544,2024-01-27,Damaged Product,18442.25
R000475,O0014151,C003386,2025-10-07,Customer Changed Mind,307.92
R000476,O0006553,C002913,2022-09-06,Quality Issue,2529.74
R000477,O0017003,C000031,2026-08-27,Size Issue,15583.4
R000478,O0024811,C000017,2023-04-09,Quality Issue,28116.33
R000479,O0011574,C004248,2026-01-25,Wrong Product,862.09
R000480,O0019468,C000797,2025-08-27,Size Issue,867.07
R000481,O0014454,C002331,2025-05-23,Customer Changed Mind,1241.35
R000482,O0013436,C002103,2024-06-19,Quality Issue,6084.24
R000483,O0012358,C004937,2023-03-10,Customer Changed Mind,5967.2
R000484,O0021258,C004157,2023-06-29,Quality Issue,10463.27
R000485,O0010311,C002300,2025-05-24,Damaged Product,5248.73
R000486,O0012236,C002623,2022-12-29,Size Issue,3643.09
R000487,O0000084,C002554,2022-05-21,Quality Issue,2310.38
R000488,O0020798,C001340,2023-07-17,Quality Issue,2353.86
R000489,O0006992,C000452,2026-07-10,Quality Issue,133001.24
R000490,O0019059,C001488,2025-08-01,Quality Issue,31224.25
R000491,O0016820,C000839,2024-07-15,Customer Changed Mind,5845.09
R000492,O0023459,C000442,2024-02-25,Wrong Product,4968.88
R000493,O0025370,C002609,2022-02-22,Damaged Product,9281.39
R000494,O0025737,C001905,2023-07-19,Late Delivery,831.63
R000495,O0023346,C002967,2022-11-28,Damaged Product,644.67
R000496,O0019610,C004329,2022-03-18,Quality Issue,1340.62
R000497,O0006199,C002134,2025-07-28,Late Delivery,2804.93
R000498,O0022816,C003678,2025-10-01,Quality Issue,17601.67
R000499,O0003211,C000267,2025-12-11,Size Issue,37798.12
R000500,O0019972,C000180,2022-07-31,Late Delivery,6655.61
R000501,O0002093,C005184,2026-07-21,Quality Issue,1663.73
R000502,O0001642,C002134,2023-06-20,Damaged Product,462.37
R000503,O0018616,C001587,2023-02-06,Customer Changed Mind,5412.66
R000504,O0013408,C001818,2023-08-22,Late Delivery,6325.43
R000505,O0002757,C000318,2025-06-25,Damaged Product,205.06
R000506,O0013830,C001030,2024-02-03,Quality Issue,6179.24
R000507,O0017551,C003325,2025-01-12,Damaged Product,4900.15
R000508,O0017697,C003589,2024-02-24,Customer Changed Mind,6883.33
R000509,O0003084,C001612,2026-07-09,Customer Changed Mind,2159.13
R000510,O0011923,C001982,2024-12-07,Quality Issue,2485.85
R000511,O0014649,C004794,2024-07-04,Quality Issue,569.18
R000512,O0015791,C003572,2023-10-02,Quality Issue,31341.79
R000513,O0017619,C000299,2023-11-24,Late Delivery,5359.71
R000514,O0004043,C002230,2024-09-03,Customer Changed Mind,14094.22
R000515,O0014590,C000269,2024-02-29,Wrong Product,17536.56
R000516,O0005044,C004088,2022-12-08,Damaged Product,612.1
R000517,O0022570,C000618,2026-04-02,Late Delivery,16311.51
R000518,O0005911,C004283,2026-06-03,Wrong Product,1172.82
R000519,O0019134,C000034,2024-03-31,Size Issue,4337.93
R000520,O0019487,C003236,2025-07-24,Customer Changed Mind,640.2
R000521,O0004239,C001849,2023-04-07,Late Delivery,2543.76
R000522,O0017204,C002932,2025-01-22,Late Delivery,9522.9
R000523,O0010693,C000464,2024-01-22,Customer Changed Mind,6232.27
R000524,O0016051,C000512,2024-01-08,Wrong Product,3290.08
R000525,O0018176,C003890,2025-04-03,Quality Issue,2584.04
R000526,O0006878,C002640,2024-02-01,Wrong Product,94708.74
R000527,O0003286,C000797,2025-03-04,Customer Changed Mind,2724.3
R000528,O0007171,C004752,2026-06-20,Customer Changed Mind,14980.12
R000529,O0000648,C000372,2023-02-13,Size Issue,9753.33
R000530,O0001205,C003481,2022-04-11,Wrong Product,1733.71
R000531,O0022206,C002376,2024-10-17,Quality Issue,1954.32
R000532,O0006844,C005171,2024-11-13,Wrong Product,1270.51
R000533,O0003855,C004784,2025-03-03,Size Issue,4613.09
R000534,O0016888,C003851,2022-11-04,Damaged Product,3910.67
R000535,O0013679,C004053,2026-06-19,Size Issue,59541.46
R000536,O0009377,C002081,2025-01-15,Customer Changed Mind,34232.43
R000537,O0021760,C001969,2024-08-01,Wrong Product,720.06
R000538,O0016351,C002806,2023-06-03,Damaged Product,1077.82
R000539,O0001782,C001300,2023-01-19,Damaged Product,722.24
R000540,O0021613,C000669,2023-12-31,Damaged Product,3638.47
R000541,O0016378,C002300,2023-02-06,Wrong Product,30390.4
R000542,O0006191,C001115,2025-09-28,Damaged Product,642.24
R000543,O0010549,C004415,2025-01-11,Late Delivery,191590.8
R000544,O0018111,C003746,2026-01-10,Damaged Product,1598.27
R000545,O0014532,C003410,2024-08-17,Quality Issue,3267.58
R000546,O0004738,C004188,2025-12-01,Damaged Product,2334.73
R000547,O0016227,C001775,2024-05-31,Quality Issue,6528.79
R000548,O0014710,C000922,2022-12-23,Damaged Product,9132.59
R000549,O0003430,C000259,2025-12-20,Quality Issue,10505.26
R000550,O0014500,C001347,2024-12-02,Size Issue,8783.75
R000551,O0007133,C003921,2022-02-08,Wrong Product,1297.03
R000552,O0010834,C004815,2024-10-01,Late Delivery,4360.59
R000553,O0008518,C004474,2023-08-07,Late Delivery,17538.26
R000554,O0004698,C004907,2023-06-13,Damaged Product,55884.25
R000555,O0000065,C004561,2023-10-18,Damaged Product,25396.64
R000556,O0007324,C002995,2023-01-22,Wrong Product,6001.44
R000557,O0017365,C001730,2024-06-10,Customer Changed Mind,3791.01
R000558,O0007092,C001808,2026-09-04,Size Issue,13229.51
R000559,O0009226,C005191,2023-08-07,Late Delivery,1036.9
R000560,O0000222,C003354,2023-10-10,Late Delivery,2966.74
R000561,O0023925,C001283,2025-12-08,Quality Issue,16758.29
R000562,O0015323,C004557,2025-10-10,Late Delivery,8218.27
R000563,O0022387,C001514,2025-12-14,Quality Issue,701.73
R000564,O0014621,C000504,2023-10-04,Quality Issue,327.47
R000565,O0003769,C001354,2022-08-26,Quality Issue,32921.38
R000566,O0005509,C000784,2022-06-22,Late Delivery,1187.17
R000567,O0018472,C000405,2022-11-16,Wrong Product,8579.95
R000568,O0020355,C004048,2026-05-25,Wrong Product,2033.54
R000569,O0008457,C004562,2022-07-15,Wrong Product,3180.23
R000570,O0010908,C003341,2024-04-06,Wrong Product,7586.96
R000571,O0017055,C002454,2025-03-27,Customer Changed Mind,4121.35
R000572,O0002437,C002165,2026-05-25,Customer Changed Mind,7795.11
R000573,O0023174,C001556,2022-09-30,Damaged Product,831.45
R000574,O0010872,C002134,2022-01-07,Late Delivery,1157.84
R000575,O0002628,C004923,2022-12-08,Wrong Product,146.28
R000576,O0021910,C001246,2023-06-16,Customer Changed Mind,830.45
R000577,O0016725,C002851,2022-11-28,Late Delivery,12201.24
R000578,O0024694,C004825,2024-12-20,Size Issue,16512.99
R000579,O0000487,C002620,2022-09-30,Size Issue,139049.96
R000580,O0001422,C003512,2024-10-30,Damaged Product,913.53
R000581,O0017842,C003213,2023-11-01,Wrong Product,3129.96
R000582,O0000486,C004397,2025-07-26,Size Issue,358.89
R000583,O0000740,C001293,2024-04-22,Customer Changed Mind,152.69
R000584,O0017326,C002498,2026-08-08,Quality Issue,8694.51
R000585,O0008859,C002013,2025-06-30,Customer Changed Mind,124804.0
R000586,O0023467,C000507,2023-10-28,Damaged Product,5015.67
R000587,O0007680,C003419,2026-03-13,Damaged Product,7488.14
R000588,O0011126,C000870,2022-09-06,Customer Changed Mind,1207.17
R000589,O0019361,C003600,2025-05-31,Wrong Product,62909.08
R000590,O0000664,C001876,2022-07-25,Customer Changed Mind,17313.69
R000591,O0006818,C004755,2023-12-25,Late Delivery,4139.08
R000592,O0001935,C002288,2024-04-12,Wrong Product,4809.79
R000593,O0023609,C002652,2025-08-02,Late Delivery,1818.8
R000594,O0016453,C002352,2026-08-05,Customer Changed Mind,35352.19
R000595,O0012300,C002601,2023-02-11,Wrong Product,5384.49
R000596,O0003721,C000442,2023-06-10,Damaged Product,2423.64
R000597,O0006373,C001759,2023-08-18,Quality Issue,1011.4
R000598,O0000972,C002759,2024-11-29,Size Issue,238.47
R000599,O0025548,C001331,2023-12-03,Damaged Product,569.16
R000600,O0019363,C001818,2022-11-21,Wrong Product,3475.3
R000601,O0001339,C004474,2022-08-14,Wrong Product,16395.2
R000602,O0011863,C002432,2024-09-14,Late Delivery,3999.82
R000603,O0021759,C005085,2024-04-27,Quality Issue,3178.26
R000604,O0025167,C004814,2024-09-20,Customer Changed Mind,585.56
R000605,O0003386,C000340,2024-12-14,Quality Issue,4433.96
R000606,O0025433,C001376,2024-09-20,Damaged Product,9914.62
R000607,O0014258,C002134,2025-06-07,Customer Changed Mind,2035.3
R000608,O0008993,C002218,2024-08-18,Size Issue,8354.22
R000609,O0001641,C001287,2026-05-02,Quality Issue,11340.02
R000610,O0007626,C000051,2026-06-27,Quality Issue,16993.25
R000611,O0001344,C000427,2025-12-26,Size Issue,7047.05
R000612,O0019046,C004176,2025-10-24,Damaged Product,8282.68
R000613,O0024022,C002300,2026-05-31,Late Delivery,21652.81
R000614,O0025773,C001167,2026-02-05,Size Issue,3402.65
R000615,O0014914,C000618,2024-07-02,Customer Changed Mind,3625.43
R000616,O0006190,C002823,2026-03-01,Late Delivery,16043.47
R000617,O0002695,C001030,2022-04-28,Damaged Product,16010.96
R000618,O0016178,C004254,2022-04-21,Damaged Product,15818.16
R000619,O0023694,C002662,2023-03-01,Wrong Product,1460.41
R000620,O0017576,C002609,2026-07-22,Late Delivery,760.94
R000621,O0004396,C002170,2023-04-09,Customer Changed Mind,1893.37
R000622,O0002373,C003967,2022-09-15,Size Issue,86032.28
R000623,O0025024,C003481,2025-06-10,Damaged Product,1313.48
R000624,O0020315,C002914,2026-05-12,Damaged Product,777.22
R000625,O0004691,C004394,2024-10-25,Wrong Product,914.0
R000626,O0012207,C003985,2026-01-20,Wrong Product,4893.49
R000627,O0024341,C004536,2025-08-25,Customer Changed Mind,6702.73
R000628,O0024294,C003513,2024-06-12,Late Delivery,9976.85
R000629,O0013410,C001199,2022-11-26,Wrong Product,874.19
R000630,O0013337,C004143,2022-12-02,Size Issue,516.02
R000631,O0024924,C005082,2025-02-14,Late Delivery,12199.08
R000632,O0017555,C002163,2025-05-17,Customer Changed Mind,29535.19
R000633,O0024070,C003678,2024-06-18,Size Issue,7802.51
R000634,O0022573,C001386,2024-06-30,Wrong Product,3344.35
R000635,O0023481,C002512,2024-01-30,Size Issue,117105.75
R000636,O0003637,C001832,2023-08-30,Wrong Product,13045.48
R000637,O0011198,C002953,2025-06-16,Quality Issue,617.8
R000638,O0003602,C000386,2024-07-27,Damaged Product,609.86
R000639,O0014068,C005089,2022-03-19,Customer Changed Mind,6179.46
R000640,O0000690,C004443,2022-04-15,Damaged Product,6167.16
R000641,O0025895,C001443,2025-12-21,Late Delivery,1443.45
R000642,O0001971,C005150,2025-01-11,Size Issue,9942.77
R000643,O0000545,C004431,2026-04-14,Wrong Product,3736.58
R000644,O0020162,C000793,2023-08-27,Size Issue,14256.34
R000645,O0001458,C002813,2025-04-24,Size Issue,710.29
R000646,O0025944,C005174,2022-03-28,Late Delivery,8344.6
R000647,O0006500,C001823,2023-04-18,Quality Issue,2034.91
R000648,O0012901,C002300,2024-10-15,Wrong Product,11664.19
R000649,O0004667,C000618,2025-01-01,Customer Changed Mind,5638.81
R000650,O0006764,C002096,2025-10-25,Size Issue,36214.96
R000651,O0022915,C001056,2022-01-30,Customer Changed Mind,732.86
R000652,O0021401,C001848,2025-12-31,Size Issue,2852.76
R000653,O0004983,C001040,2022-07-30,Size Issue,2354.39
R000654,O0022687,C001069,2023-10-07,Wrong Product,4050.35
R000655,O0020337,C003191,2026-01-27,Size Issue,5878.23
R000656,O0005332,C002273,2024-10-10,Quality Issue,3923.66
R000657,O0007150,C000229,2024-02-16,Damaged Product,63585.79
R000658,O0024105,C004156,2022-06-17,Late Delivery,535.55
R000659,O0007064,C004243,2025-09-10,Quality Issue,481.4
R000660,O0006820,C000780,2024-10-30,Late Delivery,2461.21
R000661,O0000237,C004742,2024-11-17,Size Issue,563.67
R000662,O0024666,C000095,2025-03-02,Customer Changed Mind,68997.4
R000663,O0025904,C004964,2022-07-10,Wrong Product,15049.62
R000664,O0013751,C002207,2024-09-29,Size Issue,13211.16
R000665,O0007764,C003044,2024-11-20,Customer Changed Mind,21005.75
R000666,O0017381,C001030,2025-12-24,Quality Issue,5391.21
R000667,O0002381,C000735,2022-08-26,Late Delivery,15998.5
R000668,O0000464,C002594,2022-03-01,Size Issue,6471.45
R000669,O0020961,C002913,2024-09-19,Wrong Product,2118.19
R000670,O0002286,C002300,2022-11-07,Wrong Product,822.01
R000671,O0019631,C000616,2022-06-29,Wrong Product,84212.94
R000672,O0017154,C003534,2026-08-01,Size Issue,1481.17
R000673,O0020874,C003364,2026-03-08,Size Issue,5329.31
R000674,O0002278,C004342,2024-09-13,Late Delivery,4895.92
R000675,O0007244,C004848,2023-05-17,Late Delivery,1234.11
R000676,O0025906,C002300,2024-02-03,Late Delivery,901.1
R000677,O0023031,C003021,2023-01-10,Damaged Product,357.19
R000678,O0016320,C002259,2023-01-16,Customer Changed Mind,23993.04
R000679,O0020203,C004949,2023-05-26,Damaged Product,8535.45
R000680,O0014782,C003288,2024-07-27,Damaged Product,1849.95
R000681,O0003992,C001589,2025-10-04,Size Issue,10896.72
R000682,O0015611,C000147,2023-09-09,Size Issue,3990.58
R000683,O0025550,C003170,2024-12-28,Customer Changed Mind,3143.37
R000684,O0016079,C002752,2025-10-09,Damaged Product,7541.21
R000685,O0019982,C000618,2025-03-07,Late Delivery,2362.0
R000686,O0008734,C003361,2024-12-11,Damaged Product,619.33
R000687,O0007471,C003414,2025-08-11,Wrong Product,3788.39
R000688,O0021617,C002180,2025-09-21,Late Delivery,1825.18
R000689,O0019533,C004710,2022-08-02,Wrong Product,45626.23
R000690,O0022293,C001508,2026-01-13,Damaged Product,10164.75
R000691,O0010869,C003752,2026-07-09,Quality Issue,123356.28
R000692,O0012777,C001580,2022-01-23,Customer Changed Mind,2890.06
R000693,O0012435,C000453,2023-02-19,Damaged Product,2001.01
R000694,O0012574,C003466,2023-12-23,Customer Changed Mind,1581.38
R000695,O0011150,C002890,2025-06-28,Wrong Product,642.18
R000696,O0024949,C001706,2023-10-21,Wrong Product,935.14
R000697,O0013295,C004690,2025-10-05,Quality Issue,1770.51
R000698,O0021207,C000457,2022-09-25,Size Issue,1576.95
R000699,O0017100,C003280,2024-03-01,Quality Issue,996.46
R000700,O0021578,C003598,2026-06-03,Customer Changed Mind,20106.26
R000701,O0020133,C002427,2024-08-11,Quality Issue,17495.75
R000702,O0015531,C003235,2024-02-25,Customer Changed Mind,3648.89
R000703,O0010159,C004091,2022-04-24,Quality Issue,628.47
R000704,O0004762,C003544,2026-01-24,Quality Issue,6237.65
R000705,O0006965,C001841,2023-09-13,Quality Issue,2164.65
R000706,O0023993,C000735,2026-07-06,Wrong Product,770.59
R000707,O0013347,C004497,2022-01-22,Quality Issue,911.51
R000708,O0017033,C004329,2024-01-04,Quality Issue,1170.7
R000709,O0013407,C001614,2022-10-01,Damaged Product,534.37
R000710,O0022771,C000866,2025-09-24,Customer Changed Mind,3297.8
R000711,O0002559,C002029,2025-09-01,Wrong Product,30398.46
R000712,O0000871,C000906,2023-06-08,Quality Issue,70021.17
R000713,O0009310,C005051,2022-06-22,Customer Changed Mind,62114.44
R000714,O0019601,C001204,2022-12-31,Size Issue,1549.2
R000715,O0007200,C003419,2026-07-12,Size Issue,1225.11
R000716,O0019816,C002245,2022-07-02,Quality Issue,377.79
R000717,O0010294,C003940,2023-05-17,Wrong Product,6059.37
R000718,O0011191,C000945,2024-09-14,Late Delivery,1780.76
R000719,O0014923,C004524,2025-09-16,Size Issue,2090.56
R000720,O0010547,C000250,2026-08-03,Late Delivery,1009.06
R000721,O0023159,C004992,2024-07-10,Damaged Product,571.08
R000722,O0007914,C001644,2024-05-12,Wrong Product,4215.77
R000723,O0005652,C003120,2023-01-15,Wrong Product,4339.66
R000724,O0024813,C000618,2025-09-04,Customer Changed Mind,5142.15
R000725,O0013837,C005050,2024-07-02,Customer Changed Mind,543.02
R000726,O0019870,C001182,2026-04-28,Size Issue,1661.62
R000727,O0013787,C002587,2025-03-22,Damaged Product,3347.02
R000728,O0024510,C004763,2024-10-12,Quality Issue,10018.6
R000729,O0024466,C004052,2024-12-21,Customer Changed Mind,2258.29
R000730,O0015069,C004441,2025-10-28,Quality Issue,21466.22
R000731,O0022829,C002476,2025-10-16,Damaged Product,8595.65
R000732,O0019497,C003751,2024-12-08,Size Issue,4973.66
R000733,O0018525,C003010,2023-03-19,Quality Issue,16274.94
R000734,O0002821,C000031,2022-09-16,Damaged Product,7802.31
R000735,O0011742,C003227,2026-01-10,Wrong Product,26249.28
R000736,O0013324,C002126,2022-08-24,Customer Changed Mind,5263.86
R000737,O0025131,C004860,2025-03-28,Customer Changed Mind,2124.64
R000738,O0020805,C002637,2025-04-10,Customer Changed Mind,313.91
R000739,O0000489,C001234,2025-09-29,Size Issue,1614.42
R000740,O0010653,C000624,2025-07-31,Customer Changed Mind,1270.69
R000741,O0022512,C004603,2022-08-08,Size Issue,3342.47
R000742,O0018425,C000780,2024-01-30,Customer Changed Mind,8420.61
R000743,O0004034,C004414,2023-05-07,Size Issue,26958.74
R000744,O0010184,C003120,2022-04-17,Late Delivery,330.91
R000745,O0000114,C004303,2025-11-29,Late Delivery,8905.07
R000746,O0013968,C004042,2024-06-26,Size Issue,103847.78
R000747,O0002481,C003364,2022-08-19,Late Delivery,452.76
R000748,O0004627,C004280,2026-02-02,Size Issue,10805.44
R000749,O0013434,C004116,2025-09-07,Customer Changed Mind,4884.25
R000750,O0022397,C001693,2022-07-22,Size Issue,27999.11
R000751,O0001835,C003162,2026-01-28,Quality Issue,2940.12
R000752,O0005937,C000066,2022-02-24,Damaged Product,10671.46
R000753,O0004585,C001157,2025-01-31,Damaged Product,144.79
R000754,O0000926,C000835,2024-08-30,Customer Changed Mind,66043.91
R000755,O0021834,C000946,2025-10-31,Quality Issue,1088.92
R000756,O0025853,C004732,2022-01-30,Damaged Product,3361.68
R000757,O0014536,C001865,2024-08-13,Damaged Product,6637.34
R000758,O0023359,C004890,2023-10-10,Size Issue,2396.98
R000759,O0010699,C004053,2025-06-19,Damaged Product,581.05
R000760,O0024040,C000745,2024-01-18,Late Delivery,17825.06
R000761,O0015985,C002300,2026-08-04,Late Delivery,4894.9
R000762,O0005677,C001620,2023-05-02,Quality Issue,2307.71
R000763,O0014491,C003363,2024-08-20,Customer Changed Mind,797.78
R000764,O0019681,C000541,2022-06-17,Quality Issue,4416.6
R000765,O0020652,C000368,2023-07-28,Size Issue,2245.42
R000766,O0023248,C000685,2023-12-16,Wrong Product,5231.12
R000767,O0013384,C002630,2024-07-06,Damaged Product,5563.15
R000768,O0015275,C003456,2025-06-05,Customer Changed Mind,44916.33
R000769,O0023041,C001937,2023-12-13,Damaged Product,31419.97
R000770,O0019845,C004902,2025-02-25,Quality Issue,7118.82
R000771,O0014593,C004810,2026-02-19,Damaged Product,55642.0
R000772,O0024602,C001339,2025-09-06,Size Issue,1746.35
R000773,O0018517,C003365,2023-05-06,Late Delivery,1984.23
R000774,O0012420,C000081,2025-11-09,Wrong Product,30354.72
R000775,O0017739,C000548,2024-01-24,Size Issue,5609.97
R000776,O0008614,C001358,2023-02-03,Quality Issue,18724.88
R000777,O0008657,C000817,2022-06-30,Wrong Product,2086.94
R000778,O0021587,C002037,2023-12-12,Quality Issue,187126.29
R000779,O0023133,C003139,2022-03-07,Wrong Product,5669.02
R000780,O0009871,C000529,2022-06-07,Size Issue,1650.53
R000781,O0013188,C004401,2026-08-26,Customer Changed Mind,1575.4
R000782,O0008572,C001556,2025-03-30,Customer Changed Mind,727.73
R000783,O0023878,C002131,2022-04-09,Size Issue,237.38
R000784,O0022349,C001130,2022-04-03,Late Delivery,37916.31
R000785,O0015628,C001502,2023-08-14,Late Delivery,5031.75
R000786,O0009468,C004842,2024-02-08,Late Delivery,12866.38
R000787,O0003954,C002222,2023-03-03,Size Issue,9799.36
R000788,O0013604,C002436,2023-12-20,Late Delivery,742.71
R000789,O0012004,C004333,2023-05-02,Wrong Product,206.22
R000790,O0022365,C004731,2025-06-14,Late Delivery,1186.64
R000791,O0009186,C001599,2025-02-08,Size Issue,2433.43
R000792,O0023463,C002198,2026-07-16,Late Delivery,1741.23
R000793,O0017605,C003678,2023-09-18,Late Delivery,1783.04
R000794,O0016671,C003822,2022-09-16,Damaged Product,35064.99
R000795,O0014479,C003344,2025-02-19,Wrong Product,5661.29
R000796,O0002145,C002089,2024-09-16,Quality Issue,1821.33
R000797,O0015192,C001953,2025-11-01,Late Delivery,3793.35
R000798,O0008491,C000779,2024-08-22,Damaged Product,444.86
R000799,O0020864,C001263,2023-02-11,Customer Changed Mind,8244.03
R000800,O0017278,C001972,2023-08-07,Customer Changed Mind,276.28
R000801,O0025401,C002231,2023-09-01,Damaged Product,12561.01
R000802,O0018938,C000994,2022-02-07,Quality Issue,1856.34
R000803,O0024585,C000802,2023-01-06,Damaged Product,1518.23
R000804,O0012053,C002451,2025-10-21,Wrong Product,93138.67
R000805,O0001457,C003513,2023-02-16,Quality Issue,15779.4
R000806,O0013895,C001685,2023-08-06,Late Delivery,590.94
R000807,O0003335,C003825,2024-04-12,Damaged Product,1498.99
R000808,O0023264,C000934,2026-08-14,Customer Changed Mind,285.57
R000809,O0011021,C000218,2026-09-13,Size Issue,1126.63
R000810,O0011739,C000698,2022-06-22,Customer Changed Mind,19580.04
R000811,O0023105,C001286,2023-07-22,Size Issue,454.79
R000812,O0014617,C003988,2026-04-13,Damaged Product,160669.15
R000813,O0004225,C004113,2022-06-28,Damaged Product,7747.52
R000814,O0020317,C005044,2023-08-09,Wrong Product,295.0
R000815,O0016013,C002691,2022-12-02,Damaged Product,22199.65
R000816,O0001720,C001927,2026-05-16,Late Delivery,2120.71
R000817,O0020974,C000899,2024-04-04,Late Delivery,25089.79
R000818,O0025416,C003316,2023-04-09,Quality Issue,59046.73
R000819,O0020243,C004461,2025-04-06,Customer Changed Mind,515.11
R000820,O0023568,C003555,2026-01-03,Wrong Product,2436.28
R000821,O0012604,C002846,2023-09-03,Customer Changed Mind,6741.93
R000822,O0001011,C002300,2025-08-07,Size Issue,3740.07
R000823,O0019699,C001575,2023-12-13,Late Delivery,5174.48
R000824,O0021515,C004042,2025-07-08,Wrong Product,5235.82
R000825,O0020648,C000031,2022-04-21,Size Issue,15627.63
R000826,O0014706,C000031,2024-04-30,Size Issue,1984.07
R000827,O0010827,C005184,2023-12-08,Customer Changed Mind,43396.11
R000828,O0021229,C002077,2022-10-30,Quality Issue,4889.94
R000829,O0024710,C004333,2024-01-06,Customer Changed Mind,2495.1
R000830,O0012332,C002349,2023-07-19,Size Issue,2088.98
R000831,O0021074,C004135,2023-09-17,Damaged Product,26938.43
R000832,O0024136,C005113,2025-04-06,Size Issue,417.08
R000833,O0009966,C004747,2026-08-07,Size Issue,1458.53
R000834,O0002853,C003060,2023-03-10,Size Issue,4625.53
R000835,O0023637,C004041,2024-03-26,Late Delivery,946.39
R000836,O0006709,C002015,2023-11-27,Quality Issue,531.93
R000837,O0004550,C004536,2024-02-16,Wrong Product,1398.36
R000838,O0011914,C000847,2025-06-24,Late Delivery,13294.35
R000839,O0015228,C002884,2024-06-03,Late Delivery,660.56
R000840,O0016494,C003231,2025-05-03,Wrong Product,10530.67
R000841,O0025914,C003550,2023-02-02,Customer Changed Mind,3688.48
R000842,O0021095,C001703,2023-12-06,Wrong Product,8803.47
R000843,O0017057,C003511,2025-04-20,Quality Issue,6888.55
R000844,O0019021,C002055,2026-05-20,Damaged Product,369.25
R000845,O0014679,C002642,2022-05-14,Damaged Product,6562.68
R000846,O0019794,C003466,2025-01-28,Damaged Product,6409.73
R000847,O0013974,C003632,2022-03-12,Quality Issue,5484.08
R000848,O0013647,C004497,2024-03-21,Damaged Product,9149.12
R000849,O0005111,C001246,2024-06-18,Quality Issue,2424.1
R000850,O0010285,C002905,2024-03-18,Wrong Product,50351.67
R000851,O0014489,C003466,2023-05-01,Wrong Product,2404.69
R000852,O0018108,C001789,2023-08-09,Customer Changed Mind,755.91
R000853,O0019380,C002300,2025-03-30,Customer Changed Mind,5323.86
R000854,O0004071,C001244,2023-03-21,Size Issue,1454.34
R000855,O0013850,C000320,2022-12-25,Late Delivery,1938.73
R000856,O0021415,C002930,2025-07-20,Damaged Product,1515.41
R000857,O0016691,C001445,2023-04-17,Wrong Product,58088.25
R000858,O0023541,C001030,2026-03-19,Size Issue,718.48
R000859,O0023975,C000218,2024-04-23,Damaged Product,2405.37
R000860,O0024970,C002300,2024-04-12,Late Delivery,602.21
R000861,O0015210,C004292,2023-04-18,Size Issue,940.24
R000862,O0025531,C003490,2025-12-14,Wrong Product,376.94
R000863,O0015947,C004735,2022-06-02,Late Delivery,26727.48
R000864,O0011312,C002526,2023-04-08,Late Delivery,4972.53
R000865,O0000705,C002309,2026-04-17,Wrong Product,2902.9
R000866,O0015522,C003004,2023-09-24,Customer Changed Mind,1614.55
R000867,O0025925,C001812,2023-08-02,Damaged Product,7207.3
R000868,O0011003,C004663,2022-03-03,Wrong Product,393.28
R000869,O0008162,C000680,2026-07-01,Wrong Product,395.83
R000870,O0005196,C004047,2026-08-20,Customer Changed Mind,503.9
R000871,O0003261,C000680,2026-07-03,Quality Issue,6096.44
R000872,O0016969,C000797,2022-11-09,Customer Changed Mind,611.53
R000873,O0017127,C000365,2023-02-27,Size Issue,8624.57
R000874,O0013539,C001030,2023-02-11,Late Delivery,15569.62
R000875,O0007795,C002560,2025-08-25,Late Delivery,422.71
R000876,O0006762,C005062,2023-10-19,Wrong Product,204.42
R000877,O0019993,C003584,2024-06-14,Late Delivery,15509.62
R000878,O0016067,C004278,2022-01-22,Wrong Product,588.8
R000879,O0009061,C002426,2022-03-27,Wrong Product,20037.19
R000880,O0020053,C003679,2024-12-12,Damaged Product,8668.02
R000881,O0012765,C002300,2024-11-01,Size Issue,2787.63
R000882,O0006447,C005126,2026-09-25,Damaged Product,253.14
R000883,O0013625,C001470,2022-04-27,Wrong Product,3386.91
R000884,O0012582,C002182,2024-09-06,Size Issue,22424.91
R000885,O0009253,C003202,2023-09-06,Wrong Product,3961.82
R000886,O0006689,C003318,2026-07-18,Late Delivery,758.15
R000887,O0009263,C003877,2022-09-19,Damaged Product,11039.55
R000888,O0017552,C001831,2023-04-20,Late Delivery,6072.98
R000889,O0022785,C000207,2023-05-06,Size Issue,1010.01
R000890,O0012776,C003364,2026-07-10,Damaged Product,34104.34
R000891,O0025647,C003365,2022-06-27,Damaged Product,2989.14
R000892,O0007673,C001013,2022-04-03,Wrong Product,1717.88
R000893,O0017736,C005058,2025-06-04,Damaged Product,2118.54
R000894,O0009829,C002300,2025-05-12,Quality Issue,32800.79
R000895,O0020300,C002300,2025-08-15,Customer Changed Mind,2325.17
R000896,O0015969,C000380,2024-06-21,Wrong Product,24156.08
R000897,O0016440,C005095,2024-11-13,Wrong Product,2023.9
R000898,O0005324,C002060,2024-02-26,Customer Changed Mind,2317.87
R000899,O0012346,C005044,2025-04-24,Late Delivery,7770.21
R000900,O0000931,C000618,2025-02-12,Wrong Product,2719.42
R000901,O0017469,C003490,2022-05-12,Customer Changed Mind,11259.43
R000902,O0015236,C005194,2025-12-07,Damaged Product,27147.41
R000903,O0023058,C002625,2026-05-23,Quality Issue,29061.81
R000904,O0011103,C000701,2022-04-14,Late Delivery,330.81
R000905,O0007093,C001537,2026-06-19,Late Delivery,3553.02
R000906,O0006345,C004460,2024-08-01,Quality Issue,500.78
R000907,O0003325,C003751,2025-09-03,Late Delivery,2651.87
R000908,O0025001,C003344,2022-09-19,Customer Changed Mind,6691.82
R000909,O0001303,C001147,2026-03-22,Damaged Product,11029.01
R000910,O0003834,C000236,2024-10-04,Late Delivery,6222.53
R000911,O0006189,C004084,2026-01-06,Customer Changed Mind,2518.83
R000912,O0015914,C004241,2024-02-21,Size Issue,125604.29
R000913,O0011636,C001841,2025-11-05,Size Issue,3930.83
R000914,O0007166,C000799,2024-12-26,Quality Issue,8569.27
R000915,O0013804,C001317,2022-12-20,Customer Changed Mind,2423.77
R000916,O0002249,C001332,2024-10-04,Size Issue,3738.25
R000917,O0008334,C000852,2026-06-15,Late Delivery,6096.72
R000918,O0020092,C000701,2025-07-21,Wrong Product,6455.88
R000919,O0003818,C003175,2022-01-14,Quality Issue,9498.92
R000920,O0016198,C004416,2023-05-16,Customer Changed Mind,1124.46
R000921,O0010846,C000344,2022-06-30,Quality Issue,440.25
R000922,O0014814,C003281,2026-07-22,Wrong Product,997.35
R000923,O0024166,C004536,2026-03-09,Late Delivery,933.32
R000924,O0016611,C000576,2026-01-31,Damaged Product,4316.39
R000925,O0016764,C002230,2024-05-28,Late Delivery,46669.42
R000926,O0001845,C001702,2024-07-10,Wrong Product,2589.94
R000927,O0025427,C001121,2022-11-21,Customer Changed Mind,5304.05
R000928,O0009330,C002203,2025-01-04,Late Delivery,26500.93
R000929,O0022066,C001032,2023-09-24,Customer Changed Mind,3915.73
R000930,O0015453,C000846,2022-05-21,Quality Issue,18535.48
R000931,O0023785,C001530,2025-08-01,Quality Issue,1550.73
R000932,O0016374,C002502,2024-01-01,Size Issue,830.33
R000933,O0009591,C001915,2024-02-22,Size Issue,113283.77
R000934,O0018480,C000558,2026-07-20,Wrong Product,329.8
R000935,O0005617,C001545,2023-06-28,Size Issue,2071.78
R000936,O0020537,C000723,2025-06-15,Customer Changed Mind,6378.66
R000937,O0016980,C004930,2022-11-05,Customer Changed Mind,42372.25
R000938,O0014899,C004524,2026-07-09,Damaged Product,468.42
R000939,O0019607,C001814,2024-06-09,Size Issue,23842.72
R000940,O0001235,C002806,2026-06-09,Quality Issue,1138.86
R000941,O0014214,C004729,2025-02-27,Customer Changed Mind,3960.57
R000942,O0001610,C002494,2023-05-15,Quality Issue,215.17
R000943,O0011337,C005126,2024-03-07,Size Issue,584.76
R000944,O0025249,C001793,2022-04-24,Size Issue,3625.78
R000945,O0024539,C003213,2022-05-27,Customer Changed Mind,18780.18
R000946,O0023450,C004845,2022-10-27,Customer Changed Mind,522.32
R000947,O0002782,C004228,2022-10-15,Late Delivery,3717.77
R000948,O0024464,C001326,2023-09-09,Wrong Product,3351.26
R000949,O0023028,C001217,2024-11-04,Wrong Product,3329.58
R000950,O0004692,C004860,2026-02-19,Size Issue,2251.91
R000951,O0023970,C000361,2025-12-11,Customer Changed Mind,9829.9
R000952,O0023299,C000125,2024-10-30,Customer Changed Mind,24896.32
R000953,O0023485,C000066,2025-09-24,Customer Changed Mind,439.27
R000954,O0005968,C003424,2023-05-23,Late Delivery,17274.64
R000955,O0001887,C000844,2024-07-30,Wrong Product,56928.99
R000956,O0003896,C004180,2023-07-01,Customer Changed Mind,5855.2
R000957,O0023663,C003920,2025-03-05,Wrong Product,6803.6
R000958,O0020900,C000173,2025-07-19,Wrong Product,645.06
R000959,O0015063,C000952,2025-03-24,Customer Changed Mind,3378.6
R000960,O0012944,C000343,2022-02-16,Quality Issue,3517.43
R000961,O0013606,C001522,2026-02-04,Late Delivery,4335.51
R000962,O0017116,C004182,2025-04-26,Size Issue,8260.85
R000963,O0025185,C004736,2026-01-12,Wrong Product,1454.77
R000964,O0008382,C000218,2023-06-30,Size Issue,28510.37
R000965,O0005972,C000353,2025-05-08,Wrong Product,6526.69
R000966,O0011843,C001074,2022-12-19,Customer Changed Mind,12851.07
R000967,O0015062,C000031,2024-02-10,Damaged Product,6835.43
R000968,O0023052,C001843,2024-05-13,Wrong Product,9852.46
R000969,O0019927,C003290,2022-12-16,Damaged Product,208688.82
R000970,O0017925,C003911,2026-06-26,Wrong Product,436.32
R000971,O0022312,C003729,2025-11-16,Damaged Product,21280.29
R000972,O0013104,C002948,2023-06-24,Quality Issue,1888.46
R000973,O0011704,C003453,2025-02-28,Damaged Product,2721.45
R000974,O0023686,C003001,2024-01-14,Late Delivery,3112.88
R000975,O0019770,C000747,2025-10-17,Quality Issue,611.63
R000976,O0008135,C003667,2026-03-22,Quality Issue,7902.1
R000977,O0012737,C001427,2022-10-15,Quality Issue,8118.25
R000978,O0013342,C004048,2024-12-11,Customer Changed Mind,9782.7
R000979,O0015005,C002967,2025-06-04,Damaged Product,70236.97
R000980,O0017760,C003608,2022-08-29,Damaged Product,547.02
R000981,O0024849,C004405,2024-08-12,Size Issue,1237.31
R000982,O0019309,C002300,2026-03-14,Size Issue,14870.09
R000983,O0003670,C004747,2023-06-09,Damaged Product,185.28
R000984,O0020019,C002565,2026-03-18,Wrong Product,3453.57
R000985,O0002231,C000891,2023-02-11,Quality Issue,22888.58
R000986,O0019271,C002036,2024-02-19,Size Issue,37439.07
R000987,O0010349,C004108,2023-06-25,Size Issue,7633.73
R000988,O0020518,C003222,2026-02-15,Quality Issue,2973.08
R000989,O0020573,C002085,2022-06-18,Late Delivery,22780.72
R000990,O0012666,C000268,2026-07-30,Customer Changed Mind,21656.32
R000991,O0018781,C004180,2023-10-27,Customer Changed Mind,4712.5
R000992,O0008675,C004092,2023-02-02,Quality Issue,7714.42
R000993,O0008976,C002224,2024-05-13,Size Issue,5537.31
R000994,O0019317,C002225,2024-02-10,Wrong Product,90010.9
R000995,O0000004,C003364,2024-12-23,Customer Changed Mind,2436.2
R000996,O0016213,C004669,2022-06-18,Customer Changed Mind,1876.68
R000997,O0017999,C001431,2023-10-26,Wrong Product,853.59
R000998,O0014677,C003194,2024-05-12,Size Issue,5027.95
R000999,O0011376,C003987,2026-05-21,Damaged Product,1777.39
R001000,O0022970,C004443,2024-05-25,Damaged Product,9258.16
R001001,O0017728,C000442,2023-01-13,Wrong Product,41213.51
R001002,O0013385,C004998,2025-01-04,Late Delivery,24320.61
R001003,O0012276,C001748,2024-06-01,Customer Changed Mind,1047.27
R001004,O0006834,C004888,2026-04-22,Size Issue,7021.25
R001005,O0021724,C003222,2023-08-28,Quality Issue,13325.86
R001006,O0004623,C003972,2025-02-20,Late Delivery,1282.74
R001007,O0011422,C001067,2024-02-24,Late Delivery,5978.43
R001008,O0025786,C004596,2025-02-15,Late Delivery,1954.6
R001009,O0003688,C001980,2025-01-17,Damaged Product,2122.4
R001010,O0017256,C004332,2022-07-06,Late Delivery,928.57
R001011,O0006276,C000194,2023-10-11,Damaged Product,2403.67
R001012,O0014627,C001879,2025-06-04,Late Delivery,772.23
R001013,O0008187,C004092,2023-12-28,Wrong Product,1030.84
R001014,O0023547,C001842,2024-02-24,Customer Changed Mind,551.14
R001015,O0021246,C004076,2023-09-30,Wrong Product,3334.59
R001016,O0009062,C004914,2024-11-22,Damaged Product,34967.47
R001017,O0016677,C004881,2022-07-01,Quality Issue,4871.86
R001018,O0019768,C002982,2023-08-02,Customer Changed Mind,40286.93
R001019,O0008058,C001910,2025-09-02,Quality Issue,3326.68
R001020,O0024652,C000262,2025-01-06,Customer Changed Mind,2608.06
R001021,O0022764,C002253,2023-11-08,Size Issue,3284.0
R001022,O0007020,C001710,2026-02-14,Wrong Product,6045.82
R001023,O0022947,C004013,2025-10-20,Quality Issue,7223.88
R001024,O0023217,C001185,2025-08-27,Customer Changed Mind,6916.56
R001025,O0003329,C000536,2024-03-18,Late Delivery,891.05
R001026,O0004363,C000781,2026-04-16,Quality Issue,5021.66
R001027,O0010701,C000031,2025-08-22,Late Delivery,11331.18
R001028,O0015821,C003905,2026-01-03,Late Delivery,961.7
R001029,O0004554,C000630,2025-02-17,Wrong Product,7777.63
R001030,O0002421,C002574,2023-05-15,Wrong Product,4531.9
R001031,O0008287,C005004,2022-07-28,Late Delivery,1714.17
R001032,O0025492,C004920,2025-02-05,Quality Issue,10281.03
R001033,O0009436,C002299,2024-10-13,Late Delivery,3922.37
R001034,O0025939,C004872,2024-03-29,Quality Issue,495.09
R001035,O0002975,C002270,2025-02-03,Late Delivery,345.98
R001036,O0007045,C000460,2025-08-29,Customer Changed Mind,7703.1
R001037,O0005802,C000182,2023-09-04,Quality Issue,3917.59
R001038,O0014060,C000883,2023-01-01,Customer Changed Mind,22937.68
R001039,O0007540,C002721,2022-04-04,Damaged Product,2208.75
R001040,O0023114,C003466,2023-03-12,Wrong Product,6300.23
R001041,O0003975,C001924,2025-01-05,Quality Issue,4713.43
R001042,O0016903,C002778,2025-11-10,Quality Issue,2848.99
R001043,O0024529,C000959,2025-04-29,Size Issue,1515.84
R001044,O0000560,C004084,2024-02-09,Size Issue,5638.54
R001045,O0015182,C004092,2025-05-20,Damaged Product,802.34
R001046,O0021777,C002689,2025-10-05,Customer Changed Mind,316.06
R001047,O0016437,C004384,2023-06-27,Damaged Product,194554.56
R001048,O0014444,C001030,2023-01-09,Size Issue,12735.47
R001049,O0023376,C003800,2022-05-08,Wrong Product,1297.78
R001050,O0006056,C004305,2025-01-10,Customer Changed Mind,2397.18
R001051,O0018859,C003729,2022-09-04,Wrong Product,98729.82
R001052,O0016782,C004108,2024-11-22,Late Delivery,4218.97
R001053,O0013694,C001030,2024-03-27,Late Delivery,387.22
R001054,O0010128,C000882,2026-08-17,Quality Issue,18238.33
R001055,O0007940,C002295,2024-09-12,Damaged Product,2506.38
R001056,O0002534,C000543,2025-07-21,Customer Changed Mind,67918.59
R001057,O0004912,C002726,2026-03-27,Damaged Product,31913.13
R001058,O0022899,C000368,2023-06-12,Late Delivery,6176.62
R001059,O0004805,C000397,2024-05-29,Wrong Product,543.92
R001060,O0022612,C005092,2022-01-22,Quality Issue,14724.67
R001061,O0021070,C000529,2026-04-01,Late Delivery,10310.26
R001062,O0009364,C002622,2025-04-06,Quality Issue,121047.81
R001063,O0019516,C003773,2024-11-02,Customer Changed Mind,6581.43
R001064,O0000672,C002300,2025-01-19,Late Delivery,1079.48
R001065,O0025184,C002748,2023-10-21,Damaged Product,3273.35
R001066,O0008643,C000031,2026-09-12,Late Delivery,861.59
R001067,O0008219,C001316,2022-01-15,Damaged Product,1994.55
R001068,O0022700,C002869,2025-01-14,Late Delivery,7783.33
R001069,O0001326,C002812,2023-11-28,Damaged Product,214.05
R001070,O0009690,C000400,2023-08-26,Damaged Product,505.6
R001071,O0002038,C002753,2023-01-20,Late Delivery,212.54
R001072,O0017931,C004443,2022-06-17,Customer Changed Mind,3160.99
R001073,O0019460,C001068,2026-08-20,Wrong Product,9062.55
R001074,O0020476,C001331,2022-08-08,Quality Issue,8843.29
R001075,O0020564,C003795,2025-11-01,Size Issue,1554.86
R001076,O0025283,C004007,2022-10-13,Size Issue,482.21
R001077,O0020055,C000883,2023-11-19,Customer Changed Mind,2674.13
R001078,O0012997,C003861,2024-02-22,Wrong Product,5951.1
R001079,O0002632,C001331,2025-11-28,Damaged Product,9788.72
R001080,O0002517,C000106,2023-03-03,Wrong Product,6384.58
R001081,O0019482,C005087,2024-08-04,Wrong Product,346.05
R001082,O0002455,C001421,2022-03-14,Late Delivery,15368.0
R001083,O0009486,C002300,2025-01-02,Damaged Product,31674.77
R001084,O0005056,C002629,2025-05-03,Wrong Product,13488.9
R001085,O0009659,C002640,2022-02-06,Damaged Product,2428.77
R001086,O0015257,C003031,2023-01-07,Late Delivery,6033.89
R001087,O0016588,C002427,2022-11-01,Wrong Product,41339.48
R001088,O0012074,C003100,2025-11-23,Damaged Product,5371.19
R001089,O0015349,C001485,2024-08-14,Wrong Product,689.37
R001090,O0016709,C003191,2022-10-11,Customer Changed Mind,4103.89
R001091,O0004926,C001858,2026-06-16,Late Delivery,8179.13
R001092,O0008091,C003682,2026-03-29,Customer Changed Mind,1126.58
R001093,O0024280,C001094,2023-10-23,Wrong Product,13976.09
R001094,O0023950,C001344,2024-08-10,Quality Issue,1233.08
R001095,O0004522,C002967,2026-08-02,Late Delivery,30870.51
R001096,O0015150,C000902,2025-03-26,Late Delivery,1408.86
R001097,O0001465,C002088,2024-01-25,Wrong Product,217.64
R001098,O0011631,C002372,2024-04-10,Damaged Product,987.09
R001099,O0005010,C000031,2024-03-21,Late Delivery,610.94
R001100,O0009663,C000095,2023-04-18,Late Delivery,1087.24
R001101,O0015635,C002203,2022-11-12,Quality Issue,1840.37
R001102,O0023178,C000490,2023-11-09,Damaged Product,17644.4
R001103,O0022658,C005053,2025-04-13,Wrong Product,28389.39
R001104,O0012144,C004454,2023-07-06,Late Delivery,2346.94
R001105,O0011869,C001942,2026-06-23,Size Issue,1019.58
R001106,O0009351,C001158,2022-05-14,Customer Changed Mind,1292.13
R001107,O0001364,C000187,2023-03-26,Quality Issue,8529.47
R001108,O0019856,C000249,2023-08-24,Late Delivery,1363.11
R001109,O0015052,C002269,2026-05-07,Customer Changed Mind,9050.26
R001110,O0017835,C001263,2023-06-02,Customer Changed Mind,955.37
R001111,O0012255,C001663,2025-09-27,Customer Changed Mind,6351.92
R001112,O0019880,C003809,2022-05-01,Late Delivery,651.94
R001113,O0015016,C005131,2026-01-14,Wrong Product,1035.09
R001114,O0022714,C002414,2022-09-24,Wrong Product,1065.33
R001115,O0017549,C001326,2025-04-16,Customer Changed Mind,347.84
R001116,O0014873,C001293,2023-09-12,Damaged Product,10777.38
R001117,O0002604,C004180,2022-09-23,Damaged Product,27741.15
R001118,O0009539,C001600,2026-02-04,Late Delivery,1721.92
R001119,O0015232,C005187,2024-12-06,Wrong Product,10763.05
R001120,O0005023,C001705,2026-01-04,Quality Issue,1209.22
R001121,O0001164,C002454,2026-04-13,Customer Changed Mind,1891.28
R001122,O0014386,C004611,2022-06-12,Wrong Product,7247.98
R001123,O0024979,C002161,2025-06-24,Late Delivery,2314.84
R001124,O0015542,C001322,2026-05-01,Damaged Product,1456.72
R001125,O0023088,C002763,2023-01-11,Size Issue,2371.18
R001126,O0010749,C000981,2025-06-03,Customer Changed Mind,7773.13
R001127,O0013085,C000427,2026-03-18,Customer Changed Mind,3659.48
R001128,O0003860,C000442,2022-11-19,Quality Issue,14397.39
R001129,O0012863,C002300,2024-06-21,Late Delivery,838.53
R001130,O0003598,C003787,2025-10-04,Wrong Product,1222.29
R001131,O0024625,C001821,2022-10-23,Damaged Product,4988.62
R001132,O0019801,C003911,2022-11-16,Quality Issue,12968.87
R001133,O0006995,C003410,2025-10-08,Late Delivery,776.2
R001134,O0016540,C002732,2022-06-15,Late Delivery,2107.41
R001135,O0004660,C002013,2022-08-11,Quality Issue,3155.39
R001136,O0017811,C002372,2024-09-08,Late Delivery,9467.77
R001137,O0009007,C000633,2024-01-04,Wrong Product,2522.42
R001138,O0010300,C000141,2022-06-29,Size Issue,7205.04
R001139,O0012869,C002570,2024-05-05,Damaged Product,17843.72
R001140,O0015274,C003285,2026-06-06,Late Delivery,49286.73
R001141,O0000515,C001840,2025-12-30,Wrong Product,8840.49
R001142,O0018558,C003582,2024-10-28,Damaged Product,472.01
R001143,O0010680,C000031,2022-02-14,Customer Changed Mind,3100.9
R001144,O0002611,C002657,2023-08-14,Late Delivery,14848.55
R001145,O0025886,C002792,2023-12-23,Damaged Product,1184.53
R001146,O0011722,C001549,2025-10-02,Wrong Product,682.77
R001147,O0014266,C002015,2022-10-15,Customer Changed Mind,43731.4
R001148,O0012056,C001993,2024-02-27,Damaged Product,1070.81
R001149,O0009235,C004443,2026-06-22,Quality Issue,28605.02
R001150,O0014640,C003290,2025-05-14,Damaged Product,207341.22
R001151,O0008020,C001236,2024-05-15,Size Issue,6963.15
R001152,O0015758,C004811,2022-02-14,Customer Changed Mind,4079.75
R001153,O0007473,C000618,2025-02-26,Quality Issue,3092.62
R001154,O0021907,C000031,2022-10-18,Size Issue,3758.33
R001155,O0007974,C001298,2025-04-19,Late Delivery,11990.83
R001156,O0002276,C003945,2022-01-16,Quality Issue,767.21
R001157,O0022889,C000809,2025-02-25,Wrong Product,5864.29
R001158,O0000631,C003191,2024-12-09,Damaged Product,63436.32
R001159,O0012614,C000361,2026-04-15,Late Delivery,911.67
R001160,O0001616,C002553,2024-04-05,Size Issue,2031.04
R001161,O0022116,C003459,2022-07-08,Quality Issue,4838.36
R001162,O0014721,C000418,2026-05-13,Customer Changed Mind,53344.9
R001163,O0007629,C001381,2024-03-28,Customer Changed Mind,9351.35
R001164,O0013428,C005038,2024-08-27,Damaged Product,14280.42
R001165,O0020844,C000031,2024-07-28,Wrong Product,10175.2
R001166,O0018038,C004084,2025-08-05,Customer Changed Mind,539.08
R001167,O0003824,C003084,2026-08-03,Quality Issue,2466.78
R001168,O0000568,C000814,2025-06-01,Quality Issue,82026.11
R001169,O0018673,C000232,2024-07-10,Wrong Product,9999.96
R001170,O0016775,C000218,2022-08-27,Customer Changed Mind,2397.36
R001171,O0002567,C003030,2025-02-08,Late Delivery,5229.54
R001172,O0023947,C002220,2025-10-16,Quality Issue,1869.36
R001173,O0007434,C001021,2023-01-01,Damaged Product,39394.95
R001174,O0003599,C001286,2025-12-03,Late Delivery,41995.99
R001175,O0010245,C003793,2023-01-11,Late Delivery,23033.61
R001176,O0016218,C003317,2023-03-15,Quality Issue,27769.32
R001177,O0020921,C003023,2026-04-02,Size Issue,29749.89
R001178,O0016210,C001428,2025-11-09,Quality Issue,197.06
R001179,O0015558,C001580,2025-11-27,Size Issue,99131.16
R001180,O0009986,C002363,2025-05-23,Damaged Product,27472.96
R001181,O0006578,C003021,2026-05-19,Late Delivery,11984.8
R001182,O0000403,C004275,2024-07-15,Customer Changed Mind,22778.47
R001183,O0017137,C002123,2022-05-20,Late Delivery,311.39
R001184,O0025479,C002769,2026-08-29,Damaged Product,6827.26
R001185,O0025543,C001789,2022-07-04,Wrong Product,25069.16
R001186,O0010818,C004779,2023-06-19,Late Delivery,1637.23
R001187,O0009833,C002914,2024-06-08,Late Delivery,669.36
R001188,O0025098,C002144,2026-03-17,Size Issue,636.69
R001189,O0010054,C000624,2026-06-24,Wrong Product,4705.76
R001190,O0004923,C003577,2022-08-03,Late Delivery,26292.31
R001191,O0016196,C003120,2023-04-06,Quality Issue,326.26
R001192,O0019493,C001100,2022-02-22,Late Delivery,5105.97
R001193,O0003866,C000006,2025-08-19,Customer Changed Mind,3516.04
R001194,O0019668,C002224,2023-07-19,Quality Issue,3522.58
R001195,O0024009,C000633,2023-12-16,Wrong Product,107940.2
R001196,O0021694,C002967,2023-08-27,Wrong Product,43713.59
R001197,O0017656,C000987,2025-04-21,Size Issue,1268.44
R001198,O0011036,C002300,2023-11-08,Size Issue,1956.71
R001199,O0018075,C004250,2023-11-03,Wrong Product,19666.75
R001200,O0019323,C004752,2023-07-15,Damaged Product,1788.9
R001201,O0009292,C001371,2024-07-24,Quality Issue,19440.33
R001202,O0022466,C004345,2024-06-19,Wrong Product,6427.05
R001203,O0002788,C004888,2025-10-06,Damaged Product,19474.71
R001204,O0018929,C001306,2024-10-07,Quality Issue,909.99
R001205,O0004482,C001447,2023-07-20,Customer Changed Mind,9202.47
R001206,O0010213,C004641,2026-09-16,Customer Changed Mind,6270.89
R001207,O0010401,C002966,2026-01-16,Customer Changed Mind,3138.22
R001208,O0022676,C000536,2025-07-14,Wrong Product,477.86
R001209,O0024951,C001326,2026-02-24,Quality Issue,129006.13
R001210,O0001210,C000062,2022-06-30,Customer Changed Mind,10186.85
R001211,O0000350,C004945,2026-05-06,Quality Issue,1030.49
R001212,O0005408,C002341,2022-01-06,Wrong Product,1963.63
R001213,O0010638,C004453,2023-11-19,Late Delivery,19112.9
R001214,O0013676,C004845,2022-08-22,Damaged Product,7790.11
R001215,O0019571,C002769,2026-06-01,Size Issue,22051.18
R001216,O0003411,C003621,2023-11-30,Damaged Product,4559.35
R001217,O0020269,C000773,2022-11-10,Customer Changed Mind,13603.95
R001218,O0019298,C003220,2025-02-21,Customer Changed Mind,85525.84
R001219,O0017457,C000574,2026-01-02,Wrong Product,230.5
R001220,O0013980,C000851,2025-08-31,Late Delivery,22809.06
R001221,O0015837,C000218,2026-04-24,Quality Issue,12113.71
R001222,O0012257,C002066,2026-01-20,Damaged Product,504.65
R001223,O0025651,C004896,2024-01-16,Quality Issue,2899.54
R001224,O0022281,C003831,2025-04-08,Quality Issue,2051.78
R001225,O0023998,C000958,2023-01-26,Wrong Product,2355.91
R001226,O0014874,C004672,2024-09-20,Damaged Product,1028.94
R001227,O0000820,C004636,2023-03-07,Quality Issue,9369.2
R001228,O0016511,C004614,2023-06-26,Quality Issue,2208.15
R001229,O0006509,C000032,2023-09-23,Customer Changed Mind,2279.35
R001230,O0017889,C001581,2023-06-29,Size Issue,1701.14
R001231,O0003244,C004726,2025-09-24,Size Issue,3107.13
R001232,O0002164,C004059,2024-04-16,Damaged Product,23677.92
R001233,O0017658,C002507,2022-12-14,Late Delivery,2749.54
R001234,O0005544,C002161,2026-02-28,Late Delivery,1617.37
R001235,O0023832,C002594,2024-11-03,Damaged Product,3910.66
R001236,O0016685,C001030,2024-01-20,Wrong Product,10794.82
R001237,O0002963,C003106,2025-08-19,Customer Changed Mind,11496.64
R001238,O0001276,C002615,2026-07-25,Damaged Product,2636.07
R001239,O0002515,C002703,2024-05-07,Damaged Product,12996.13
R001240,O0007889,C004888,2023-02-14,Customer Changed Mind,5301.03
R001241,O0020381,C001500,2022-09-17,Wrong Product,11785.11
R001242,O0012685,C000527,2025-12-22,Size Issue,813.17
R001243,O0016124,C002149,2022-07-25,Wrong Product,3711.16
R001244,O0000546,C004497,2024-10-06,Late Delivery,42055.17
R001245,O0019444,C004035,2026-07-15,Late Delivery,7374.32
R001246,O0022565,C000568,2023-08-19,Late Delivery,3280.7
R001247,O0019590,C000442,2023-08-28,Late Delivery,2818.52
R001248,O0007662,C002568,2024-01-15,Damaged Product,3773.27
R001249,O0021374,C001646,2024-07-07,Damaged Product,1445.07
R001250,O0018701,C004274,2025-07-18,Customer Changed Mind,11495.8
R001251,O0020587,C001146,2024-04-24,Size Issue,4363.5
R001252,O0003022,C003382,2022-03-03,Damaged Product,19906.29
R001253,O0004872,C001183,2026-06-15,Size Issue,1545.73
R001254,O0009688,C002017,2025-07-31,Damaged Product,5414.93
R001255,O0012751,C001741,2023-02-13,Late Delivery,11532.95
R001256,O0025255,C004514,2022-02-21,Wrong Product,8652.15
R001257,O0004405,C004648,2022-12-11,Late Delivery,13054.99
R001258,O0023736,C002406,2025-08-30,Customer Changed Mind,6827.24
R001259,O0016073,C002451,2022-11-06,Customer Changed Mind,14907.42
R001260,O0024723,C002179,2023-05-31,Quality Issue,39994.56
R001261,O0008632,C002175,2022-04-27,Quality Issue,5733.35
R001262,O0008389,C002300,2023-10-28,Damaged Product,11380.44
R001263,O0013167,C004206,2022-07-24,Quality Issue,19743.12
R001264,O0002464,C002727,2023-03-06,Wrong Product,1728.29
R001265,O0015203,C002550,2024-11-29,Customer Changed Mind,9028.02
R001266,O0000138,C003808,2024-03-11,Customer Changed Mind,3017.35
R001267,O0010074,C002581,2025-05-31,Late Delivery,7830.71
R001268,O0007525,C002884,2023-11-14,Damaged Product,805.81
R001269,O0004748,C003039,2023-03-23,Customer Changed Mind,2340.53
R001270,O0013624,C002806,2025-03-05,Wrong Product,4412.2
R001271,O0003160,C002454,2024-02-25,Late Delivery,3373.93
R001272,O0000642,C004611,2022-12-01,Customer Changed Mind,2293.32
R001273,O0014699,C004627,2026-08-16,Customer Changed Mind,19814.66
R001274,O0002225,C004660,2022-08-27,Quality Issue,2439.43
R001275,O0015233,C002186,2023-03-28,Late Delivery,343.26
R001276,O0003120,C002699,2024-07-15,Damaged Product,1495.82
R001277,O0020010,C000427,2025-09-06,Size Issue,1157.2
R001278,O0025809,C000202,2023-07-08,Damaged Product,9351.17
R001279,O0005428,C002528,2025-10-06,Damaged Product,3723.22
R001280,O0017087,C004317,2024-12-03,Damaged Product,1452.36
R001281,O0005580,C002967,2024-09-29,Customer Changed Mind,476.59
R001282,O0002623,C004261,2022-02-20,Damaged Product,9991.74
R001283,O0024163,C002300,2026-07-24,Quality Issue,19228.33
R001284,O0006039,C004180,2024-03-13,Wrong Product,4928.24
R001285,O0008517,C003573,2024-02-03,Wrong Product,14161.82
R001286,O0020999,C000912,2026-01-19,Late Delivery,3488.22
R001287,O0006172,C003091,2026-01-15,Late Delivery,250.01
R001288,O0022284,C001883,2023-02-22,Quality Issue,535.21
R001289,O0022368,C004053,2026-01-07,Damaged Product,3852.78
R001290,O0002491,C003490,2025-11-02,Late Delivery,927.41
R001291,O0017607,C003606,2025-07-30,Customer Changed Mind,2975.01
R001292,O0008498,C004696,2026-02-20,Size Issue,570.01
R001293,O0019351,C003583,2025-04-09,Wrong Product,2369.72
R001294,O0018354,C000916,2023-10-02,Size Issue,2151.24
R001295,O0022948,C000697,2026-06-05,Late Delivery,7897.71
R001296,O0024165,C004945,2024-02-16,Wrong Product,3060.96
R001297,O0016942,C000071,2024-03-18,Customer Changed Mind,3813.58
R001298,O0008477,C001919,2022-06-07,Damaged Product,8288.81
R001299,O0016966,C003167,2025-03-18,Wrong Product,2551.94
R001300,O0010446,C002418,2024-04-10,Size Issue,1902.98
R001301,O0008144,C001273,2022-04-04,Size Issue,3020.36
R001302,O0024498,C005031,2025-01-22,Quality Issue,6538.82
R001303,O0011927,C004515,2025-08-14,Wrong Product,3536.37
R001304,O0025154,C002512,2024-10-13,Customer Changed Mind,1053.92
R001305,O0003768,C000017,2024-08-16,Quality Issue,2419.14
R001306,O0009034,C002427,2026-09-14,Quality Issue,992.32
R001307,O0021582,C004608,2023-02-09,Damaged Product,28358.65
R001308,O0002947,C000936,2024-01-24,Wrong Product,3416.14
R001309,O0012778,C005152,2026-06-21,Wrong Product,439.11
R001310,O0018971,C002550,2023-02-03,Size Issue,1287.56
R001311,O0016698,C004321,2022-10-27,Wrong Product,10449.83
R001312,O0017601,C001660,2022-10-09,Quality Issue,7233.39
R001313,O0015578,C002642,2022-12-02,Damaged Product,1360.52
R001314,O0005611,C000321,2023-01-11,Late Delivery,6369.2
R001315,O0017115,C003344,2023-12-01,Size Issue,3528.6
R001316,O0019369,C002185,2022-05-25,Late Delivery,26844.95
R001317,O0004374,C004211,2023-07-26,Size Issue,1042.31
R001318,O0020279,C003519,2023-10-14,Late Delivery,3901.67
R001319,O0000011,C002683,2025-05-12,Size Issue,2888.98
R001320,O0010734,C001322,2022-09-14,Customer Changed Mind,3301.55
R001321,O0009951,C003951,2022-08-24,Size Issue,3458.02
R001322,O0019043,C000902,2023-12-06,Quality Issue,57001.89
R001323,O0023436,C001223,2024-12-14,Customer Changed Mind,3625.1
R001324,O0023676,C000595,2023-12-04,Damaged Product,60151.17
R001325,O0000198,C002245,2023-07-14,Quality Issue,809.34
R001326,O0013975,C002231,2022-02-07,Quality Issue,18347.96
R001327,O0011138,C004635,2025-12-06,Damaged Product,15354.62
R001328,O0006255,C002300,2023-06-29,Damaged Product,733.07
R001329,O0006967,C000894,2023-07-06,Wrong Product,6797.07
R001330,O0019437,C004514,2023-01-28,Size Issue,1762.48
R001331,O0003050,C001253,2026-04-15,Size Issue,3716.1
R001332,O0019549,C001968,2023-06-07,Damaged Product,1374.72
R001333,O0012113,C003013,2024-12-07,Customer Changed Mind,1972.04
R001334,O0021240,C003183,2024-03-22,Quality Issue,3525.99
R001335,O0000247,C000077,2024-04-09,Customer Changed Mind,409.87
R001336,O0023911,C003005,2024-05-17,Quality Issue,4766.65
R001337,O0014100,C004504,2022-11-15,Late Delivery,4536.02
R001338,O0003213,C002759,2025-01-20,Size Issue,23573.59
R001339,O0022391,C003850,2023-08-24,Quality Issue,1171.49
R001340,O0013123,C003379,2026-01-05,Customer Changed Mind,3932.98
R001341,O0022721,C000297,2026-07-25,Quality Issue,1090.65
R001342,O0025365,C001253,2024-11-23,Late Delivery,9636.17
R001343,O0002518,C001877,2023-06-04,Customer Changed Mind,1562.74
R001344,O0017077,C000467,2025-10-22,Customer Changed Mind,5960.92
R001345,O0000176,C004578,2023-02-15,Late Delivery,18132.84
R001346,O0011483,C001884,2023-07-18,Customer Changed Mind,4449.6
R001347,O0007681,C000895,2022-06-26,Damaged Product,24721.88
R001348,O0015379,C004101,2022-12-07,Wrong Product,6938.37
R001349,O0003806,C000031,2023-09-29,Quality Issue,3891.27
R001350,O0002758,C001915,2024-07-15,Size Issue,5351.72
R001351,O0021363,C000253,2026-02-09,Wrong Product,4558.06
R001352,O0016254,C002134,2022-05-13,Customer Changed Mind,900.2
R001353,O0000418,C005061,2024-07-22,Damaged Product,17193.59
R001354,O0024920,C000306,2022-10-19,Damaged Product,36680.23
R001355,O0025166,C003480,2023-03-01,Size Issue,5291.17
R001356,O0021141,C001030,2026-08-05,Damaged Product,371.97
R001357,O0007276,C003682,2022-02-24,Quality Issue,2347.7
R001358,O0012238,C000585,2024-01-07,Size Issue,23508.24
R001359,O0012671,C001840,2025-08-15,Quality Issue,889.03
R001360,O0016694,C004845,2026-05-21,Wrong Product,1286.7
R001361,O0007469,C000131,2026-06-17,Damaged Product,2954.66
R001362,O0005443,C004492,2022-04-21,Wrong Product,7507.96
R001363,O0006905,C000143,2026-08-14,Damaged Product,6556.0
R001364,O0013150,C000507,2023-07-14,Wrong Product,5841.01
R001365,O0024828,C004443,2022-01-31,Damaged Product,21149.61
R001366,O0017235,C001284,2023-04-18,Damaged Product,1755.57
R001367,O0017893,C002021,2024-05-01,Damaged Product,23190.83
R001368,O0010948,C000455,2022-06-16,Size Issue,250.31
R001369,O0003334,C003215,2023-04-29,Customer Changed Mind,12251.11
R001370,O0015981,C003727,2022-07-30,Size Issue,2079.15
R001371,O0008580,C004536,2026-08-17,Late Delivery,561.57
R001372,O0006571,C004133,2024-05-17,Wrong Product,196.94
R001373,O0008804,C004865,2025-06-23,Late Delivery,1901.36
R001374,O0007934,C004858,2023-03-11,Customer Changed Mind,6657.14
R001375,O0010259,C002967,2024-01-28,Size Issue,382.87
R001376,O0020390,C002393,2026-02-25,Size Issue,838.0
R001377,O0003935,C001817,2024-06-25,Wrong Product,737.22
R001378,O0013623,C003974,2023-11-25,Customer Changed Mind,421.08
R001379,O0008961,C000262,2023-11-23,Customer Changed Mind,4383.41
R001380,O0013898,C000941,2022-04-27,Wrong Product,3047.43
R001381,O0003068,C002018,2026-01-09,Customer Changed Mind,22463.07
R001382,O0022430,C003729,2023-08-28,Customer Changed Mind,1420.68
R001383,O0000269,C002113,2024-04-03,Wrong Product,6404.52
R001384,O0021874,C004628,2023-02-11,Late Delivery,3273.61
R001385,O0016423,C003438,2024-03-03,Late Delivery,12927.42
R001386,O0023745,C000418,2025-05-24,Quality Issue,469.4
R001387,O0001030,C001775,2022-01-29,Damaged Product,13586.0
R001388,O0022694,C000433,2025-06-24,Late Delivery,6609.4
R001389,O0011216,C001562,2022-10-20,Quality Issue,630.8
R001390,O0010451,C000417,2023-06-16,Damaged Product,8742.21
R001391,O0012388,C002077,2022-09-03,Quality Issue,16965.69
R001392,O0001002,C002890,2024-04-01,Size Issue,991.29
R001393,O0000461,C002568,2022-06-12,Late Delivery,53572.39
R001394,O0014926,C000618,2022-12-29,Customer Changed Mind,26807.04
R001395,O0022997,C000205,2022-01-26,Damaged Product,5724.65
R001396,O0000304,C004510,2024-07-01,Customer Changed Mind,17624.04
R001397,O0006564,C004550,2022-05-06,Wrong Product,28971.67
R001398,O0025378,C004416,2025-03-27,Late Delivery,23945.92
R001399,O0013346,C003271,2024-02-09,Late Delivery,9226.04
R001400,O0020892,C002182,2025-02-22,Customer Changed Mind,383.23
R001401,O0015189,C001581,2024-09-22,Late Delivery,46888.91
R001402,O0018264,C002396,2024-08-08,Late Delivery,2071.15
R001403,O0024843,C002684,2022-08-13,Quality Issue,1831.45
R001404,O0014529,C004792,2023-04-30,Size Issue,16202.12
R001405,O0022366,C004317,2023-01-21,Quality Issue,405.08
R001406,O0010651,C000031,2024-08-09,Size Issue,5545.44
R001407,O0009645,C003979,2026-09-07,Late Delivery,7583.5
R001408,O0024152,C004724,2024-12-09,Customer Changed Mind,7953.31
R001409,O0001367,C001542,2024-07-31,Wrong Product,10410.96
R001410,O0015362,C001204,2022-08-28,Quality Issue,2891.34
R001411,O0018885,C003434,2022-03-19,Wrong Product,7859.51
R001412,O0006230,C003838,2023-01-09,Customer Changed Mind,48250.61
R001413,O0021727,C001452,2022-03-13,Customer Changed Mind,1129.07
R001414,O0000154,C004639,2024-10-31,Customer Changed Mind,15971.65
R001415,O0015409,C001484,2026-04-21,Damaged Product,120127.55
R001416,O0006719,C004454,2024-03-12,Customer Changed Mind,7580.44
R001417,O0004006,C000618,2023-01-17,Wrong Product,5788.5
R001418,O0004994,C000179,2025-11-26,Size Issue,2345.28
R001419,O0003308,C000618,2022-04-10,Damaged Product,1929.75
R001420,O0025116,C001818,2022-09-24,Quality Issue,21507.06
R001421,O0017823,C000777,2024-09-27,Customer Changed Mind,5889.62
R001422,O0005292,C004415,2023-08-23,Damaged Product,1812.08
R001423,O0003983,C002029,2026-08-03,Customer Changed Mind,49545.11
R001424,O0020014,C001640,2023-02-16,Wrong Product,781.88
R001425,O0009615,C000943,2024-12-20,Customer Changed Mind,3056.94
R001426,O0023014,C002744,2022-07-30,Customer Changed Mind,509.68
R001427,O0009153,C001250,2022-08-19,Customer Changed Mind,211.33
R001428,O0008800,C000758,2023-04-09,Size Issue,1901.31
R001429,O0023414,C003942,2026-07-17,Wrong Product,8410.88
R001430,O0012450,C000034,2025-08-07,Damaged Product,1379.32
R001431,O0018488,C004274,2023-09-07,Size Issue,54284.87
R001432,O0018460,C002806,2026-08-26,Wrong Product,3903.86
R001433,O0025644,C000140,2026-05-27,Damaged Product,1034.74
R001434,O0014975,C000476,2026-05-15,Quality Issue,752.8
R001435,O0016427,C002474,2025-09-20,Quality Issue,1528.56
R001436,O0019240,C002473,2023-05-08,Damaged Product,11969.19
R001437,O0016968,C001754,2023-01-29,Customer Changed Mind,10098.09
R001438,O0018886,C004317,2023-01-20,Damaged Product,51116.68
R001439,O0004338,C004894,2025-10-13,Late Delivery,67909.53
R001440,O0023596,C004719,2024-06-26,Damaged Product,7640.78
R001441,O0025328,C004624,2026-05-09,Damaged Product,1560.86
R001442,O0018188,C002300,2026-02-22,Damaged Product,411.22
R001443,O0009360,C003502,2023-05-23,Damaged Product,680.86
R001444,O0020777,C000381,2026-02-13,Customer Changed Mind,8057.69
R001445,O0025983,C003606,2023-02-15,Late Delivery,45623.83
R001446,O0013772,C001340,2026-06-25,Damaged Product,11226.14
R001447,O0003747,C004575,2024-09-16,Customer Changed Mind,1504.7
R001448,O0005733,C002930,2023-03-28,Late Delivery,4761.79
R001449,O0021139,C001775,2022-04-25,Size Issue,2934.85
R001450,O0021863,C003010,2022-12-17,Late Delivery,2811.73
R001451,O0025534,C005062,2022-01-27,Quality Issue,4339.92
R001452,O0013699,C000031,2024-02-02,Late Delivery,2698.02
R001453,O0020099,C001976,2023-01-06,Wrong Product,4300.39
R001454,O0016927,C004675,2024-12-24,Customer Changed Mind,6838.81
R001455,O0013549,C004719,2025-08-28,Damaged Product,1655.91
R001456,O0005895,C000041,2026-04-20,Quality Issue,17527.62
R001457,O0020569,C002300,2025-06-03,Quality Issue,1688.83
R001458,O0019095,C003581,2026-05-03,Customer Changed Mind,8043.46
R001459,O0008885,C004059,2024-10-17,Damaged Product,153012.46
R001460,O0013826,C003664,2023-07-21,Customer Changed Mind,5944.6
R001461,O0016108,C001927,2024-11-13,Quality Issue,9181.59
R001462,O0005776,C002935,2026-05-27,Size Issue,237.89
R001463,O0024146,C002623,2025-06-19,Size Issue,1493.06
R001464,O0016815,C003769,2023-11-11,Late Delivery,12450.07
R001465,O0004564,C004059,2025-05-15,Customer Changed Mind,209.32
R001466,O0020185,C004719,2023-10-14,Damaged Product,9411.33
R001467,O0005768,C004108,2026-07-29,Damaged Product,482.77
R001468,O0007642,C001700,2024-09-03,Wrong Product,465.74
R001469,O0006994,C005097,2026-07-29,Size Issue,13947.15
R001470,O0005525,C000621,2022-06-04,Wrong Product,394.07
R001471,O0015946,C000445,2024-12-05,Late Delivery,2957.67
R001472,O0006829,C001212,2024-07-07,Size Issue,1124.17
R001473,O0006852,C004134,2023-11-06,Wrong Product,456.3
R001474,O0009242,C003774,2024-01-04,Damaged Product,76056.53
R001475,O0021253,C001125,2026-01-19,Wrong Product,1292.92
R001476,O0023188,C004100,2026-07-14,Size Issue,12975.87
R001477,O0018815,C004293,2022-03-27,Damaged Product,321.06
R001478,O0000056,C003106,2023-10-21,Wrong Product,1355.8
R001479,O0023845,C003588,2025-12-12,Late Delivery,4468.73
R001480,O0000417,C001556,2025-05-14,Size Issue,558.92
R001481,O0012292,C004076,2025-03-06,Late Delivery,38597.2
R001482,O0003943,C001018,2026-04-09,Customer Changed Mind,884.65
R001483,O0022509,C004364,2023-11-18,Wrong Product,2289.17
R001484,O0003732,C000866,2026-06-02,Customer Changed Mind,1494.51
R001485,O0022932,C002933,2024-10-31,Damaged Product,6620.26
R001486,O0003805,C000585,2024-09-05,Customer Changed Mind,2894.73
R001487,O0015324,C001848,2024-05-19,Wrong Product,1355.44
R001488,O0009992,C003306,2022-06-13,Wrong Product,6394.94
R001489,O0000959,C002876,2025-02-21,Wrong Product,6398.17
R001490,O0013041,C004729,2023-09-14,Customer Changed Mind,13141.22
R001491,O0022074,C003535,2024-07-01,Size Issue,8762.36
R001492,O0025577,C002976,2025-10-05,Size Issue,2851.17
R001493,O0023492,C003654,2022-08-16,Customer Changed Mind,1449.52
R001494,O0014199,C002006,2025-07-18,Quality Issue,5371.13
R001495,O0013371,C001637,2023-04-05,Wrong Product,5662.92
R001496,O0019569,C002626,2026-03-09,Size Issue,139366.04
R001497,O0012760,C000618,2023-06-11,Late Delivery,9160.03
R001498,O0003553,C002780,2023-01-24,Quality Issue,6528.55
R001499,O0005040,C003191,2023-09-17,Damaged Product,1917.39
R001500,O0023773,C000259,2025-02-08,Damaged Product,364.52
R001501,O0016059,C000466,2025-10-04,Customer Changed Mind,24488.75
R001502,O0017720,C003808,2024-09-15,Wrong Product,9120.48
R001503,O0002153,C004415,2024-08-16,Late Delivery,1361.06
R001504,O0014655,C000031,2023-02-12,Wrong Product,1427.2
R001505,O0024866,C005166,2022-07-19,Size Issue,277.42
R001506,O0002378,C004065,2026-02-01,Customer Changed Mind,972.23
R001507,O0008048,C002949,2023-03-28,Damaged Product,621.0
R001508,O0005640,C002300,2023-06-01,Customer Changed Mind,28091.87
R001509,O0021485,C002077,2022-07-28,Late Delivery,17024.38
R001510,O0023654,C001071,2026-05-10,Quality Issue,269.47
R001511,O0000469,C003911,2022-04-24,Size Issue,1993.05
R001512,O0014046,C003982,2026-04-02,Late Delivery,841.19
R001513,O0000530,C001405,2026-05-13,Customer Changed Mind,4080.46
R001514,O0013570,C003023,2022-04-18,Late Delivery,89186.07
R001515,O0010692,C001504,2025-08-06,Late Delivery,1456.8
R001516,O0014696,C002913,2023-12-24,Size Issue,15194.78
R001517,O0024744,C003775,2025-03-25,Customer Changed Mind,383.48
R001518,O0009685,C004812,2022-06-13,Wrong Product,21558.89
R001519,O0012281,C005083,2023-03-14,Size Issue,13842.29
R001520,O0001793,C005191,2025-11-14,Size Issue,2119.57
R001521,O0018208,C003433,2022-07-17,Damaged Product,25136.43
R001522,O0024398,C003350,2023-07-11,Late Delivery,311.81
R001523,O0020221,C003679,2023-04-14,Customer Changed Mind,39113.08
R001524,O0011550,C000775,2025-01-23,Late Delivery,1740.48
R001525,O0005399,C004329,2024-04-02,Size Issue,13915.96
R001526,O0022377,C003419,2024-07-09,Size Issue,2052.74
R001527,O0016002,C003481,2026-04-27,Size Issue,5507.8
R001528,O0019393,C000480,2025-05-16,Late Delivery,459.41
R001529,O0019132,C003354,2025-08-16,Wrong Product,16625.17
R001530,O0010954,C002601,2022-02-20,Size Issue,595.38
R001531,O0011004,C003676,2024-07-01,Late Delivery,5477.22
R001532,O0017369,C002024,2024-07-31,Damaged Product,5505.73
R001533,O0012406,C000424,2026-07-27,Size Issue,2511.79
R001534,O0021723,C004367,2026-01-26,Late Delivery,794.39
R001535,O0017271,C003341,2025-06-30,Size Issue,1224.68
R001536,O0011845,C003243,2024-08-18,Wrong Product,46636.23
R001537,O0017882,C001905,2026-05-06,Late Delivery,2721.68
R001538,O0020926,C004051,2023-03-09,Customer Changed Mind,3800.82
R001539,O0008793,C001358,2023-01-21,Customer Changed Mind,15016.38
R001540,O0017595,C002388,2024-03-19,Quality Issue,783.42
R001541,O0022029,C005186,2024-04-04,Customer Changed Mind,34905.2
R001542,O0014449,C003262,2024-10-14,Size Issue,13001.92
R001543,O0008438,C001352,2023-05-18,Late Delivery,1648.84
R001544,O0010171,C000378,2025-07-28,Damaged Product,1230.63
R001545,O0001695,C001019,2023-05-18,Wrong Product,14987.47
R001546,O0013704,C003094,2022-02-13,Size Issue,614.16
R001547,O0008805,C004701,2025-06-28,Wrong Product,15106.38
R001548,O0014354,C002837,2022-10-04,Customer Changed Mind,2404.62
R001549,O0016151,C004631,2025-09-12,Customer Changed Mind,23827.3
R001550,O0016664,C002300,2022-09-10,Size Issue,899.01
R001551,O0020406,C003130,2023-10-10,Quality Issue,3392.73
R001552,O0014182,C001689,2023-02-19,Size Issue,10212.06
R001553,O0009555,C004732,2023-04-01,Late Delivery,1891.46
R001554,O0024635,C003968,2022-04-22,Size Issue,9034.1
R001555,O0025731,C002778,2025-02-15,Size Issue,460.72
R001556,O0008436,C002397,2026-05-02,Damaged Product,5295.24
R001557,O0021049,C003010,2025-05-14,Damaged Product,900.42
R001558,O0007240,C003967,2023-08-04,Damaged Product,25650.1
R001559,O0015147,C003601,2026-02-14,Late Delivery,11822.2
R001560,O0009274,C001212,2022-07-28,Damaged Product,726.12
R001561,O0014221,C004861,2026-04-28,Damaged Product,2940.21
R001562,O0014265,C004245,2024-12-28,Customer Changed Mind,1512.84
R001563,O0014846,C004971,2026-08-16,Customer Changed Mind,440.01
R001564,O0016266,C002884,2025-02-23,Wrong Product,487.59
R001565,O0003671,C004995,2023-08-12,Customer Changed Mind,5182.54
R001566,O0013791,C000270,2024-04-20,Size Issue,5154.04
R001567,O0012571,C000199,2023-11-30,Damaged Product,16270.02
R001568,O0015762,C000028,2025-11-26,Quality Issue,666.47
R001569,O0009354,C003024,2023-12-24,Customer Changed Mind,6261.58
R001570,O0001450,C003379,2023-05-02,Late Delivery,3208.25
R001571,O0016681,C003632,2022-03-05,Quality Issue,4164.29
R001572,O0007594,C005030,2022-02-26,Size Issue,12479.41
R001573,O0005398,C002550,2025-02-08,Size Issue,15610.46
R001574,O0018695,C002300,2023-04-19,Customer Changed Mind,12508.72
R001575,O0007044,C001599,2026-02-03,Size Issue,429.66
R001576,O0005349,C003808,2025-01-21,Wrong Product,23094.1
R001577,O0002672,C001090,2022-11-24,Wrong Product,2065.64
R001578,O0013281,C004953,2025-03-01,Customer Changed Mind,1456.05
R001579,O0012888,C002255,2023-02-10,Late Delivery,8141.22
R001580,O0001773,C000928,2022-01-27,Customer Changed Mind,1245.71
R001581,O0018449,C001332,2023-05-25,Wrong Product,174.81
R001582,O0014124,C000899,2022-07-01,Damaged Product,647.05
R001583,O0007090,C000797,2022-06-07,Customer Changed Mind,12887.52
R001584,O0009818,C001286,2025-02-25,Quality Issue,5074.74
R001585,O0003489,C002136,2026-08-04,Wrong Product,8774.16
R001586,O0023101,C000328,2023-03-28,Late Delivery,3858.36
R001587,O0002879,C004373,2024-04-27,Wrong Product,4250.17
R001588,O0008276,C003940,2022-07-19,Damaged Product,7691.29
R001589,O0009895,C000218,2025-03-21,Damaged Product,1197.83
R001590,O0022227,C001115,2022-05-28,Size Issue,3327.95
R001591,O0017222,C003036,2023-06-24,Wrong Product,2825.44
R001592,O0018340,C000896,2025-09-09,Size Issue,17238.48
R001593,O0020094,C002507,2026-02-13,Customer Changed Mind,3050.25
R001594,O0020726,C003392,2023-07-30,Customer Changed Mind,18099.72
R001595,O0016159,C002564,2023-10-14,Wrong Product,1194.13
R001596,O0024144,C004816,2022-08-18,Late Delivery,990.39
R001597,O0012049,C000031,2022-02-13,Size Issue,123156.69
R001598,O0004134,C000130,2023-06-25,Damaged Product,6392.72
R001599,O0016063,C000633,2022-08-07,Late Delivery,1962.7
R001600,O0015808,C000809,2023-01-20,Wrong Product,778.1
R001601,O0024787,C002633,2025-02-17,Damaged Product,2448.55
R001602,O0011824,C003038,2022-03-09,Size Issue,15196.55
R001603,O0013780,C003952,2022-07-19,Customer Changed Mind,111273.38
R001604,O0006269,C004848,2022-04-16,Size Issue,38570.14
R001605,O0000728,C000853,2026-04-28,Quality Issue,1371.61
R001606,O0008984,C000031,2023-06-18,Size Issue,978.31
R001607,O0005663,C000714,2024-01-07,Customer Changed Mind,2085.65
R001608,O0012287,C004317,2026-01-28,Damaged Product,1246.67
R001609,O0017061,C003966,2022-06-30,Damaged Product,1619.47
R001610,O0010229,C005004,2025-04-09,Damaged Product,3688.88
R001611,O0013855,C001082,2023-02-06,Customer Changed Mind,4052.24
R001612,O0023287,C002083,2025-08-17,Size Issue,4107.02
R001613,O0022172,C004316,2025-11-16,Late Delivery,2395.3
R001614,O0020754,C003264,2022-06-30,Late Delivery,6281.6
R001615,O0000960,C000031,2026-06-24,Quality Issue,3975.53
R001616,O0010164,C004816,2025-05-30,Late Delivery,5703.77
R001617,O0010567,C001712,2025-08-28,Late Delivery,10586.12
R001618,O0020364,C003894,2025-01-21,Late Delivery,4493.85
R001619,O0013284,C004222,2022-03-18,Size Issue,4110.57
R001620,O0002885,C002134,2023-10-09,Late Delivery,3874.05
R001621,O0018197,C002855,2025-12-12,Wrong Product,5043.74
R001622,O0010395,C005055,2025-07-02,Quality Issue,15218.55
R001623,O0014773,C000132,2025-12-10,Quality Issue,5885.4
R001624,O0003446,C004461,2025-07-16,Customer Changed Mind,2219.17
R001625,O0014676,C003674,2025-02-11,Size Issue,3184.73
R001626,O0024964,C003344,2026-06-20,Damaged Product,1277.02
R001627,O0006047,C000953,2025-12-29,Late Delivery,1938.88
R001628,O0014955,C002770,2024-07-27,Size Issue,969.61
R001629,O0025446,C001264,2023-06-23,Customer Changed Mind,18661.44
R001630,O0007496,C000513,2024-01-16,Damaged Product,1218.11
R001631,O0018921,C001030,2023-11-03,Quality Issue,3144.73
R001632,O0015975,C005195,2022-02-13,Wrong Product,2824.17
R001633,O0025563,C004014,2024-06-05,Quality Issue,782.16
R001634,O0007607,C000385,2024-04-15,Damaged Product,4078.96
R001635,O0005699,C004939,2024-05-07,Wrong Product,1654.19
R001636,O0013114,C002168,2022-02-23,Wrong Product,22034.06
R001637,O0015684,C000289,2024-06-02,Size Issue,324.22
R001638,O0025109,C003231,2026-01-28,Wrong Product,5484.0
R001639,O0012196,C005083,2022-04-21,Size Issue,17752.15
R001640,O0008998,C002454,2026-02-24,Quality Issue,842.26
R001641,O0004892,C001986,2025-02-08,Customer Changed Mind,4942.76
R001642,O0022727,C000671,2023-09-20,Damaged Product,2250.0
R001643,O0005494,C000101,2024-09-26,Quality Issue,3422.8
R001644,O0004785,C003931,2026-09-18,Wrong Product,2392.12
R001645,O0017741,C004608,2026-08-09,Quality Issue,5107.1
R001646,O0021071,C001982,2025-02-23,Quality Issue,6393.15
R001647,O0002679,C005152,2024-04-10,Late Delivery,15012.81
R001648,O0021340,C003153,2024-05-17,Size Issue,11765.54
R001649,O0018357,C004652,2026-04-01,Damaged Product,60455.74
R001650,O0010689,C000859,2025-05-04,Quality Issue,7400.45
R001651,O0004584,C001291,2026-05-20,Quality Issue,4717.45
R001652,O0021078,C000734,2026-03-13,Late Delivery,638.42
R001653,O0018951,C004739,2023-03-17,Wrong Product,6369.06
R001654,O0018298,C002299,2022-08-21,Size Issue,362.52
R001655,O0016970,C001234,2023-09-11,Size Issue,4375.49
R001656,O0023293,C000031,2026-02-01,Late Delivery,4201.07
R001657,O0014397,C002300,2024-04-21,Quality Issue,25882.37
R001658,O0000280,C003851,2025-07-22,Quality Issue,1940.61
R001659,O0020749,C000031,2024-04-22,Quality Issue,7879.88
R001660,O0012883,C004063,2025-01-19,Wrong Product,6032.37
R001661,O0019700,C001775,2023-06-06,Customer Changed Mind,69251.06
R001662,O0016602,C002454,2026-05-25,Size Issue,4988.4
R001663,O0000749,C001962,2022-06-02,Wrong Product,11297.45
R001664,O0018556,C005169,2025-08-28,Quality Issue,2449.67
R001665,O0024497,C001063,2023-04-25,Quality Issue,1701.48
R001666,O0022907,C001521,2024-04-11,Late Delivery,31760.63
R001667,O0022443,C000264,2024-12-19,Damaged Product,329.2
R001668,O0016339,C004928,2025-08-12,Quality Issue,1197.33
R001669,O0005170,C004609,2025-11-04,Wrong Product,15395.21
R001670,O0002227,C001790,2025-05-09,Wrong Product,6225.64
R001671,O0024411,C003620,2025-05-25,Late Delivery,25625.29
R001672,O0010038,C003129,2024-09-10,Wrong Product,10093.9
R001673,O0015636,C004405,2023-01-16,Customer Changed Mind,1385.21
R001674,O0000938,C001279,2022-09-07,Customer Changed Mind,1287.69
R001675,O0013718,C004000,2025-08-26,Wrong Product,1862.09
R001676,O0005957,C000529,2024-12-27,Late Delivery,2186.06
R001677,O0010606,C004046,2022-05-11,Quality Issue,3193.92
R001678,O0024789,C004415,2022-12-01,Wrong Product,1945.56
R001679,O0007996,C001086,2025-12-05,Quality Issue,1367.94
R001680,O0018324,C004670,2023-10-22,Customer Changed Mind,4637.57
R001681,O0011854,C003201,2024-04-01,Late Delivery,7370.76
R001682,O0015697,C002300,2023-03-26,Quality Issue,2629.92
R001683,O0014802,C000409,2026-03-04,Wrong Product,5677.32
R001684,O0020035,C000442,2026-04-18,Damaged Product,547.08
R001685,O0010635,C004309,2026-08-09,Damaged Product,11046.88
R001686,O0001831,C003225,2023-03-08,Customer Changed Mind,8397.49
R001687,O0015507,C003002,2023-08-23,Quality Issue,15463.96
R001688,O0015990,C000318,2023-02-15,Damaged Product,6852.85
R001689,O0012853,C002181,2024-07-31,Late Delivery,1041.52
R001690,O0010539,C002454,2022-04-18,Quality Issue,2731.79
R001691,O0004563,C003131,2023-05-09,Quality Issue,8648.87
R001692,O0008824,C001972,2026-03-12,Damaged Product,2598.55
R001693,O0017774,C002904,2022-02-23,Wrong Product,3764.95
R001694,O0012401,C002427,2026-04-28,Quality Issue,7267.63
R001695,O0004630,C003467,2026-04-10,Damaged Product,3709.56
R001696,O0009039,C004415,2025-11-14,Size Issue,3919.22
R001697,O0018172,C004218,2022-06-14,Wrong Product,4708.32
R001698,O0023397,C001775,2023-10-03,Quality Issue,3118.44
R001699,O0003635,C001705,2024-07-06,Customer Changed Mind,1100.24
R001700,O0010607,C004746,2023-05-07,Late Delivery,916.94
R001701,O0000613,C004902,2023-04-19,Damaged Product,2361.41
R001702,O0007439,C001350,2026-04-13,Damaged Product,1027.57
R001703,O0012681,C004138,2022-09-30,Size Issue,129130.86
R001704,O0019081,C001095,2026-08-07,Wrong Product,1638.38
R001705,O0009581,C001323,2023-01-01,Wrong Product,4185.99
R001706,O0016928,C003415,2025-10-06,Size Issue,38609.94
R001707,O0001902,C003480,2022-02-25,Size Issue,12228.63
R001708,O0024370,C002061,2024-09-09,Quality Issue,7970.61
R001709,O0004282,C000040,2025-09-22,Customer Changed Mind,847.11
R001710,O0021955,C000521,2024-12-27,Customer Changed Mind,301.21
R001711,O0014296,C004106,2026-03-26,Customer Changed Mind,310.66
R001712,O0024446,C001352,2024-05-14,Size Issue,1042.88
R001713,O0013451,C000161,2025-05-28,Late Delivery,892.91
R001714,O0024865,C000902,2025-07-31,Late Delivery,2756.24
R001715,O0002752,C001722,2023-11-01,Customer Changed Mind,4812.88
R001716,O0000836,C000731,2025-01-22,Wrong Product,25241.41
R001717,O0008627,C000106,2026-03-12,Quality Issue,1153.55
R001718,O0022416,C003365,2024-10-01,Late Delivery,176448.31
R001719,O0001943,C001763,2024-09-09,Size Issue,11865.82
R001720,O0007562,C003036,2025-07-11,Size Issue,2173.66
R001721,O0003472,C001462,2022-04-25,Damaged Product,1683.09
R001722,O0000226,C002454,2026-04-30,Wrong Product,1113.85
R001723,O0017473,C003174,2025-10-02,Damaged Product,2927.36
R001724,O0015961,C000797,2025-12-28,Customer Changed Mind,9754.72
R001725,O0003609,C003023,2023-03-11,Damaged Product,26874.17
R001726,O0007838,C000363,2022-07-20,Late Delivery,1577.34
R001727,O0007918,C001148,2024-04-10,Damaged Product,175992.44
R001728,O0013448,C004170,2022-11-16,Late Delivery,666.14
R001729,O0017465,C003696,2022-01-11,Quality Issue,14429.57
R001730,O0006363,C004765,2023-07-11,Quality Issue,3601.26
R001731,O0016089,C003614,2023-04-30,Late Delivery,773.64
R001732,O0019055,C003173,2024-09-28,Damaged Product,1932.98
R001733,O0011453,C003231,2022-04-19,Size Issue,3191.19
R001734,O0023884,C002281,2025-09-05,Customer Changed Mind,6625.61
R001735,O0010298,C001316,2024-10-16,Size Issue,3404.38
R001736,O0009483,C003191,2023-02-18,Size Issue,4568.91
R001737,O0010186,C004865,2022-08-13,Late Delivery,676.25
R001738,O0019785,C002643,2022-10-11,Customer Changed Mind,37960.68
R001739,O0006380,C001921,2022-08-11,Customer Changed Mind,1834.37
R001740,O0015577,C003427,2023-08-13,Wrong Product,2156.65
R001741,O0024499,C001511,2022-05-21,Late Delivery,3990.92
R001742,O0016029,C002584,2026-02-04,Late Delivery,26650.57
R001743,O0022677,C000827,2023-12-19,Quality Issue,38870.8
R001744,O0018574,C004778,2022-11-02,Wrong Product,13246.17
R001745,O0023468,C000701,2022-02-02,Size Issue,642.65
R001746,O0005563,C003589,2026-06-07,Size Issue,1284.6
R001747,O0006251,C002183,2025-10-27,Size Issue,14430.71
R001748,O0014876,C001030,2023-10-23,Quality Issue,362.39
R001749,O0009642,C000934,2024-07-17,Customer Changed Mind,1169.3
R001750,O0025997,C001522,2024-10-29,Wrong Product,4013.09
R001751,O0021286,C002212,2026-06-05,Wrong Product,7670.39
R001752,O0004606,C003150,2023-06-23,Late Delivery,1291.34
R001753,O0015778,C002929,2025-12-09,Size Issue,63352.41
R001754,O0013480,C000427,2026-05-06,Size Issue,39571.28
R001755,O0007823,C005191,2025-04-02,Quality Issue,24720.29
R001756,O0013275,C003871,2025-05-13,Quality Issue,14448.21
R001757,O0004230,C002913,2023-05-12,Quality Issue,4688.87
R001758,O0016003,C002088,2025-08-26,Wrong Product,16614.32
R001759,O0020774,C001429,2022-04-19,Late Delivery,14098.35
R001760,O0006831,C000442,2023-09-20,Customer Changed Mind,13279.85
R001761,O0017495,C000999,2022-10-01,Wrong Product,3565.54
R001762,O0019899,C001030,2023-12-17,Late Delivery,91576.12
R001763,O0013090,C000512,2023-03-12,Damaged Product,494.96
R001764,O0012870,C005103,2022-12-06,Customer Changed Mind,25718.36
R001765,O0020646,C003674,2025-05-16,Wrong Product,3905.24
R001766,O0014609,C002502,2022-08-18,Size Issue,10368.28
R001767,O0023187,C004180,2024-10-28,Late Delivery,7286.68
R001768,O0014191,C004536,2023-05-12,Customer Changed Mind,1505.5
R001769,O0009737,C002590,2025-07-28,Late Delivery,2321.46
R001770,O0002313,C004304,2023-02-23,Damaged Product,3435.87
R001771,O0017489,C001598,2024-06-01,Wrong Product,20462.26
R001772,O0007932,C003231,2022-03-10,Wrong Product,7912.39
R001773,O0011439,C004259,2025-10-07,Quality Issue,14111.81
R001774,O0003620,C000560,2026-05-19,Customer Changed Mind,375.05
R001775,O0020923,C003729,2022-12-16,Late Delivery,821.98
R001776,O0025589,C001927,2022-11-06,Late Delivery,788.22
R001777,O0008810,C002733,2024-03-09,Late Delivery,4861.93
R001778,O0002430,C002112,2022-05-25,Late Delivery,34438.5
R001779,O0000165,C002074,2025-01-16,Quality Issue,23056.18
R001780,O0017602,C001193,2022-04-07,Customer Changed Mind,22747.15
R001781,O0014978,C000031,2025-11-16,Damaged Product,4844.48
R001782,O0003798,C005018,2022-11-30,Damaged Product,9743.16
R001783,O0009115,C002609,2025-05-10,Damaged Product,24333.2
R001784,O0015513,C003729,2024-01-01,Damaged Product,5506.06
R001785,O0002197,C002914,2023-06-12,Wrong Product,3753.67
R001786,O0016128,C001030,2024-05-16,Size Issue,215.29
R001787,O0024300,C001780,2024-12-10,Size Issue,13831.63
R001788,O0022071,C005050,2026-07-09,Damaged Product,869.76
R001789,O0016048,C000262,2023-07-29,Wrong Product,1315.1
R001790,O0018375,C003985,2025-01-07,Damaged Product,24786.54
R001791,O0012690,C000907,2022-02-19,Size Issue,4103.6
R001792,O0010760,C004536,2026-06-12,Size Issue,246.24
R001793,O0009601,C000998,2026-01-20,Customer Changed Mind,13161.99
R001794,O0001742,C000618,2025-05-14,Late Delivery,3334.31
R001795,O0009132,C003467,2022-11-25,Wrong Product,710.47
R001796,O0020609,C000898,2023-11-13,Quality Issue,34427.82
R001797,O0019737,C000571,2023-02-11,Customer Changed Mind,4610.23
R001798,O0014472,C002191,2022-08-23,Quality Issue,10304.23
R001799,O0024312,C002732,2022-05-17,Wrong Product,10789.97
R001800,O0025526,C003628,2024-05-07,Customer Changed Mind,7332.91
R001801,O0010631,C004333,2024-10-24,Damaged Product,24775.1
R001802,O0001231,C000427,2024-07-02,Quality Issue,53246.72
R001803,O0022023,C001157,2024-10-05,Size Issue,74570.43
R001804,O0002211,C003744,2022-09-12,Wrong Product,1174.9
R001805,O0025140,C001019,2024-09-30,Quality Issue,18101.88
R001806,O0008970,C004579,2026-05-10,Late Delivery,4456.37
R001807,O0008241,C000031,2023-04-05,Customer Changed Mind,2181.7
R001808,O0007870,C001331,2022-07-05,Wrong Product,2463.92
R001809,O0017224,C000299,2022-02-01,Damaged Product,445.87
R001810,O0001173,C000218,2022-11-30,Quality Issue,8931.27
R001811,O0021023,C001352,2026-03-25,Late Delivery,5306.0
R001812,O0024272,C000031,2025-07-20,Wrong Product,17491.08
R001813,O0009291,C004284,2024-10-10,Size Issue,1068.57
R001814,O0006435,C002068,2023-11-17,Customer Changed Mind,2216.32
R001815,O0014324,C001670,2025-03-26,Late Delivery,33915.42
R001816,O0005071,C001286,2023-02-08,Damaged Product,1128.41
R001817,O0021029,C000180,2024-02-19,Wrong Product,674.58
R001818,O0007916,C003194,2026-05-13,Wrong Product,47873.21
R001819,O0013913,C005072,2024-09-24,Wrong Product,2600.66
R001820,O0024655,C000673,2023-12-25,Late Delivery,7327.31
R001821,O0001150,C001094,2023-04-07,Wrong Product,1219.58
R001822,O0014363,C000639,2022-03-02,Damaged Product,15493.62
R001823,O0000985,C001310,2026-06-08,Late Delivery,5502.93
R001824,O0015376,C002470,2025-09-24,Size Issue,11365.46
R001825,O0006396,C003032,2023-11-12,Quality Issue,2032.82
R001826,O0019702,C004780,2023-05-25,Customer Changed Mind,5178.46
R001827,O0011792,C002382,2023-01-02,Wrong Product,3501.31
R001828,O0006794,C004279,2022-09-03,Quality Issue,7723.4
R001829,O0005002,C000028,2024-10-15,Damaged Product,27151.62
R001830,O0021896,C001661,2023-09-27,Size Issue,3725.58
R001831,O0010584,C004882,2025-07-14,Quality Issue,2157.41
R001832,O0012654,C003745,2024-07-12,Size Issue,7668.33
R001833,O0007647,C000111,2022-04-10,Size Issue,30109.56
R001834,O0021471,C000103,2024-11-03,Damaged Product,17334.02
R001835,O0002675,C003800,2023-12-16,Wrong Product,13754.57
R001836,O0006718,C002931,2025-04-21,Damaged Product,2279.83
R001837,O0025679,C001775,2022-09-01,Size Issue,2272.65
R001838,O0015561,C004894,2024-04-23,Size Issue,149842.37
R001839,O0025715,C001730,2024-08-21,Damaged Product,4968.73
R001840,O0004995,C004354,2026-04-30,Quality Issue,500.86
R001841,O0010288,C002178,2022-12-26,Customer Changed Mind,1610.4
R001842,O0024768,C001038,2024-07-12,Late Delivery,21455.61
R001843,O0001365,C000638,2022-02-04,Size Issue,73554.8
R001844,O0009089,C004755,2025-12-15,Quality Issue,617.39
R001845,O0018478,C001671,2024-06-27,Wrong Product,3168.43
R001846,O0020778,C000529,2025-09-11,Customer Changed Mind,462.71
R001847,O0024562,C005022,2024-11-24,Wrong Product,53918.26
R001848,O0019023,C004460,2023-12-07,Damaged Product,1606.13
R001849,O0009227,C004999,2026-02-23,Wrong Product,22311.86
R001850,O0014002,C000276,2025-01-01,Late Delivery,14506.43
R001851,O0023875,C003419,2026-08-03,Size Issue,482.25
R001852,O0012914,C003786,2023-12-02,Damaged Product,6374.02
R001853,O0012154,C000273,2022-11-15,Damaged Product,3486.21
R001854,O0022143,C001030,2022-07-24,Size Issue,12563.86
R001855,O0017141,C001775,2024-06-23,Late Delivery,1649.32
R001856,O0016001,C003863,2024-04-18,Late Delivery,1773.48
R001857,O0012507,C000618,2026-02-25,Size Issue,8141.93
R001858,O0000656,C001837,2023-09-12,Wrong Product,6531.6
R001859,O0012137,C000675,2023-05-01,Damaged Product,31339.26
R001860,O0025792,C005144,2023-06-19,Late Delivery,5230.21
R001861,O0021228,C002845,2023-08-04,Customer Changed Mind,17738.76
R001862,O0021774,C000998,2023-01-20,Customer Changed Mind,846.02
R001863,O0023010,C002710,2023-06-28,Damaged Product,4374.82
R001864,O0016686,C001795,2025-09-28,Size Issue,108883.31
R001865,O0025164,C001232,2023-11-17,Size Issue,10160.72
R001866,O0011996,C004553,2026-09-15,Damaged Product,3735.29
R001867,O0024299,C002712,2024-09-28,Quality Issue,338.01
R001868,O0008479,C003851,2023-11-17,Wrong Product,2186.21
R001869,O0005272,C004719,2024-09-23,Damaged Product,199.46
R001870,O0008997,C001181,2022-05-24,Wrong Product,2089.47
R001871,O0007697,C004059,2022-07-21,Damaged Product,21985.23
R001872,O0011834,C000912,2024-05-02,Late Delivery,921.19
R001873,O0010843,C000882,2022-11-19,Quality Issue,3869.93
R001874,O0003255,C000381,2025-06-02,Customer Changed Mind,13927.26
R001875,O0016756,C004784,2024-09-20,Quality Issue,902.18
R001876,O0000963,C002309,2022-07-21,Customer Changed Mind,4757.0
R001877,O0013240,C000659,2024-06-13,Damaged Product,878.84
R001878,O0008277,C002131,2023-09-05,Customer Changed Mind,1243.43
R001879,O0012333,C004642,2025-02-20,Wrong Product,849.37
R001880,O0025678,C004084,2024-12-03,Size Issue,217.92
R001881,O0019582,C001180,2023-01-04,Wrong Product,2239.02
R001882,O0003381,C001789,2022-04-30,Customer Changed Mind,8695.79
R001883,O0023171,C000730,2022-03-13,Damaged Product,392.65
R001884,O0015892,C001488,2025-06-04,Damaged Product,7975.1
R001885,O0017853,C000877,2024-10-05,Late Delivery,11377.34
R001886,O0001067,C000651,2024-05-22,Quality Issue,3642.11
R001887,O0012621,C004317,2025-03-25,Quality Issue,3163.65
R001888,O0009278,C001074,2026-07-04,Quality Issue,12311.89
R001889,O0021593,C001634,2024-07-24,Late Delivery,8019.33
R001890,O0011342,C002052,2025-09-06,Size Issue,6241.45
R001891,O0014394,C000031,2024-07-24,Size Issue,541.74
R001892,O0021678,C000265,2024-01-28,Late Delivery,24970.44
R001893,O0019974,C003808,2023-11-26,Damaged Product,97088.86
R001894,O0015290,C000516,2022-07-12,Customer Changed Mind,2617.26
R001895,O0012576,C002766,2024-04-24,Size Issue,3257.84
R001896,O0006171,C000898,2024-08-29,Late Delivery,1583.25
R001897,O0002897,C000655,2024-01-21,Customer Changed Mind,5359.46
R001898,O0006566,C000433,2023-05-05,Customer Changed Mind,2291.29
R001899,O0023981,C002289,2025-08-21,Damaged Product,25055.16
R001900,O0022149,C004866,2022-03-09,Size Issue,1047.75
R001901,O0013243,C002300,2024-10-29,Damaged Product,11992.11
R001902,O0001264,C004721,2025-12-05,Wrong Product,23361.7
R001903,O0010127,C001798,2022-04-26,Late Delivery,25625.07
R001904,O0025281,C001690,2026-04-21,Damaged Product,5140.15
R001905,O0024931,C002006,2023-11-17,Quality Issue,24920.46
R001906,O0007061,C001236,2024-09-27,Quality Issue,5871.09
R001907,O0005700,C000129,2025-02-03,Late Delivery,1223.45
R001908,O0006754,C004493,2023-12-20,Damaged Product,80443.5
R001909,O0021620,C001742,2024-10-06,Late Delivery,2376.13
R001910,O0018217,C001789,2023-02-06,Wrong Product,22909.3
R001911,O0020047,C001744,2022-04-11,Size Issue,975.15
R001912,O0017337,C003438,2025-06-24,Wrong Product,750.18
R001913,O0008919,C000181,2023-03-07,Quality Issue,98515.68
R001914,O0020445,C005055,2023-05-03,Customer Changed Mind,5983.91
R001915,O0007057,C003779,2023-09-23,Wrong Product,1955.35
R001916,O0000155,C001160,2024-03-06,Customer Changed Mind,2066.33
R001917,O0013703,C004264,2023-08-21,Damaged Product,43807.68
R001918,O0012962,C003484,2026-04-25,Late Delivery,1014.31
R001919,O0015293,C004666,2025-03-24,Late Delivery,18219.18
R001920,O0008583,C003046,2024-05-14,Quality Issue,831.39
R001921,O0022101,C003466,2025-03-15,Wrong Product,1558.28
R001922,O0021222,C003238,2023-10-28,Damaged Product,9478.84
R001923,O0020831,C004689,2025-04-22,Late Delivery,318.64
R001924,O0024287,C000827,2025-05-20,Size Issue,4998.57
R001925,O0000212,C001970,2024-01-21,Quality Issue,380.57
R001926,O0000166,C000854,2025-12-28,Wrong Product,408.79
R001927,O0022951,C003365,2024-04-11,Quality Issue,1167.95
R001928,O0015782,C001634,2026-09-01,Wrong Product,2026.69
R001929,O0002583,C001986,2025-07-02,Size Issue,5033.08
R001930,O0013558,C003023,2024-07-22,Late Delivery,1442.05
R001931,O0015010,C003453,2023-08-26,Quality Issue,12998.38
R001932,O0005463,C003610,2023-07-30,Late Delivery,31107.3
R001933,O0004124,C000343,2026-01-08,Damaged Product,2431.84
R001934,O0009457,C003018,2022-04-26,Wrong Product,740.34
R001935,O0022767,C001331,2024-12-31,Wrong Product,30715.46
R001936,O0012119,C002230,2026-03-09,Wrong Product,21000.8
R001937,O0023044,C004860,2023-02-14,Size Issue,3470.11
R001938,O0012422,C001030,2025-09-24,Late Delivery,4080.95
R001939,O0023529,C003191,2023-02-08,Customer Changed Mind,575.45
R001940,O0005115,C000920,2026-01-07,Damaged Product,18998.33
R001941,O0001551,C001030,2024-11-18,Quality Issue,19837.03
R001942,O0020477,C000735,2023-03-01,Size Issue,203.59
R001943,O0003718,C002568,2026-08-08,Quality Issue,35557.05
R001944,O0019680,C002867,2023-11-02,Damaged Product,5216.0
R001945,O0006463,C001107,2023-05-04,Quality Issue,202.92
R001946,O0017046,C002020,2023-01-05,Damaged Product,1914.04
R001947,O0020308,C003053,2023-02-22,Size Issue,3212.75
R001948,O0025041,C000595,2023-10-07,Quality Issue,6929.74
R001949,O0022755,C002565,2023-11-02,Damaged Product,1279.74
R001950,O0018112,C005017,2025-05-13,Quality Issue,3908.32
R001951,O0003682,C002427,2022-07-28,Damaged Product,208.99
R001952,O0016132,C004364,2022-06-13,Damaged Product,2067.65
R001953,O0003856,C000282,2023-06-17,Quality Issue,1683.89
R001954,O0020567,C002502,2026-05-18,Late Delivery,1993.09
R001955,O0017195,C004624,2024-08-05,Damaged Product,994.78
R001956,O0011532,C000791,2025-08-04,Damaged Product,1989.65
R001957,O0024492,C001246,2022-05-19,Quality Issue,1007.04
R001958,O0011836,C003424,2024-02-01,Wrong Product,2852.82
R001959,O0023295,C005081,2026-03-22,Damaged Product,1176.96
R001960,O0018424,C001056,2025-04-01,Size Issue,42078.99
R001961,O0015988,C001099,2025-01-12,Damaged Product,2252.13
R001962,O0019113,C002552,2023-08-02,Late Delivery,287.66
R001963,O0014443,C003498,2025-12-06,Customer Changed Mind,648.48
R001964,O0022282,C000211,2023-08-07,Late Delivery,14226.62
R001965,O0009604,C002967,2024-08-19,Wrong Product,3188.37
R001966,O0016034,C001901,2023-12-18,Wrong Product,5081.88
R001967,O0025326,C002406,2023-05-07,Customer Changed Mind,9887.4
R001968,O0007070,C003419,2022-06-15,Damaged Product,106389.69
R001969,O0015622,C004406,2026-06-17,Quality Issue,3156.88
R001970,O0012991,C002179,2025-12-12,Quality Issue,27591.51
R001971,O0024474,C000179,2025-04-29,Quality Issue,8267.66
R001972,O0001043,C002076,2022-09-23,Wrong Product,11419.7
R001973,O0014516,C003481,2022-12-22,Quality Issue,6916.41
R001974,O0009487,C002103,2022-03-05,Quality Issue,12117.05
R001975,O0015132,C000607,2026-08-29,Late Delivery,5773.95
R001976,O0008698,C003341,2024-02-12,Wrong Product,7380.8
R001977,O0017330,C002806,2024-06-05,Customer Changed Mind,816.38
R001978,O0012820,C004514,2023-05-13,Customer Changed Mind,1177.96
R001979,O0024472,C004084,2024-02-29,Wrong Product,3802.21
R001980,O0009755,C000031,2024-02-10,Wrong Product,3350.01
R001981,O0008124,C001901,2023-06-18,Late Delivery,2296.21
R001982,O0008789,C002435,2022-10-03,Size Issue,3383.91
R001983,O0002151,C000705,2022-10-01,Damaged Product,2926.0
R001984,O0012497,C002677,2023-11-06,Wrong Product,4443.1
R001985,O0005026,C001409,2023-06-25,Damaged Product,9787.56
R001986,O0013903,C003158,2023-03-26,Size Issue,376.18
R001987,O0017451,C003254,2022-09-07,Customer Changed Mind,1084.28
R001988,O0018286,C001742,2026-04-08,Customer Changed Mind,330.54
R001989,O0018888,C004483,2022-07-04,Customer Changed Mind,95505.26
R001990,O0007724,C001149,2022-11-25,Damaged Product,5750.73
R001991,O0006436,C001362,2024-07-29,Customer Changed Mind,5048.62
R001992,O0022040,C000630,2025-04-07,Damaged Product,483.36
R001993,O0019803,C001167,2026-04-10,Late Delivery,3557.53
R001994,O0011117,C003609,2023-06-30,Customer Changed Mind,2031.03
R001995,O0007649,C002693,2022-08-27,Size Issue,27575.35
R001996,O0020998,C004307,2023-07-02,Wrong Product,49253.91
R001997,O0023460,C001905,2022-02-25,Customer Changed Mind,9105.47
R001998,O0009064,C001269,2024-07-03,Damaged Product,94431.82
R001999,O0007233,C001702,2025-07-28,Wrong Product,7033.61
R002000,O0023724,C000031,2023-04-27,Wrong Product,38726.79
R002001,O0001910,C002406,2024-04-06,Damaged Product,2910.93
R002002,O0020891,C004285,2025-06-13,Damaged Product,57294.51
R002003,O0019000,C003242,2024-05-26,Wrong Product,19894.23
R002004,O0020653,C000809,2022-10-17,Customer Changed Mind,21662.9
R002005,O0007868,C001099,2025-06-28,Customer Changed Mind,2731.72
R002006,O0008630,C002761,2022-06-12,Size Issue,17171.62
R002007,O0013341,C003615,2025-04-11,Damaged Product,16718.16
R002008,O0012100,C002884,2022-08-30,Damaged Product,1101.39
R002009,O0021623,C003496,2025-10-12,Quality Issue,612.1
R002010,O0025733,C003985,2022-06-04,Late Delivery,8293.71
R002011,O0004830,C001967,2024-08-05,Customer Changed Mind,8649.89
R002012,O0024592,C003317,2025-10-30,Quality Issue,7665.42
R002013,O0000693,C001927,2026-07-01,Late Delivery,3553.44
R002014,O0020782,C001553,2024-10-22,Size Issue,16876.44
R002015,O0002299,C000550,2026-08-12,Quality Issue,8610.06
R002016,O0000877,C002497,2023-09-21,Late Delivery,1642.19
R002017,O0006813,C001634,2025-09-20,Late Delivery,33327.65
R002018,O0016020,C001890,2025-12-02,Customer Changed Mind,12977.0
R002019,O0006016,C004350,2025-03-02,Customer Changed Mind,455.18
R002020,O0021499,C001847,2022-07-24,Damaged Product,12020.27
R002021,O0012958,C002470,2022-02-11,Quality Issue,1158.13
R002022,O0012836,C002126,2022-05-21,Size Issue,804.58
R002023,O0019532,C000330,2024-05-23,Customer Changed Mind,4722.73
R002024,O0016396,C000783,2022-11-26,Wrong Product,39978.77
R002025,O0009869,C003513,2022-11-09,Wrong Product,2636.6
R002026,O0023393,C001832,2024-03-06,Late Delivery,1187.41
R002027,O0008552,C004524,2022-03-24,Quality Issue,21389.28
R002028,O0014302,C001326,2022-01-25,Size Issue,5490.77
R002029,O0007895,C002951,2022-09-20,Wrong Product,1362.63
R002030,O0020499,C001696,2022-11-18,Quality Issue,2015.94
R002031,O0008201,C000405,2022-05-13,Wrong Product,2321.78
R002032,O0001966,C005001,2025-06-17,Quality Issue,7789.85
R002033,O0017379,C001775,2022-05-31,Wrong Product,15137.6
R002034,O0018177,C004261,2024-01-09,Customer Changed Mind,222.38
R002035,O0019938,C003466,2024-03-02,Late Delivery,19886.64
R002036,O0013244,C000031,2026-08-09,Damaged Product,25489.94
R002037,O0016286,C003967,2026-03-19,Wrong Product,27392.49
R002038,O0025103,C001340,2022-09-24,Quality Issue,1650.37
R002039,O0006236,C000795,2022-04-22,Quality Issue,6407.16
R002040,O0008274,C005062,2023-11-29,Damaged Product,1449.9
R002041,O0019908,C004647,2026-06-13,Customer Changed Mind,7324.85
R002042,O0015096,C003679,2024-05-04,Damaged Product,14180.91
R002043,O0001702,C002418,2024-10-15,Wrong Product,838.73
R002044,O0011105,C003498,2022-02-18,Wrong Product,420.83
R002045,O0025169,C002641,2024-08-22,Customer Changed Mind,105072.23
R002046,O0003026,C001470,2024-02-01,Customer Changed Mind,8421.42
R002047,O0021814,C003290,2025-03-18,Quality Issue,78619.57
R002048,O0007951,C001574,2023-01-07,Customer Changed Mind,13326.83
R002049,O0000229,C004629,2025-01-14,Wrong Product,4623.84
R002050,O0010273,C003911,2024-02-05,Customer Changed Mind,3419.77
R002051,O0003666,C000391,2026-09-17,Late Delivery,2337.82
R002052,O0004161,C004556,2023-02-19,Customer Changed Mind,2156.78
R002053,O0003851,C001974,2026-01-19,Customer Changed Mind,28382.78
R002054,O0025999,C003000,2024-06-04,Size Issue,2599.9
R002055,O0024223,C004134,2022-06-18,Customer Changed Mind,6415.43
R002056,O0013840,C003192,2023-01-13,Customer Changed Mind,831.09
R002057,O0021242,C004357,2025-04-09,Size Issue,744.84
R002058,O0023877,C004227,2025-07-30,Wrong Product,39569.4
R002059,O0001553,C003545,2024-01-05,Size Issue,3752.91
R002060,O0014839,C002614,2025-04-27,Customer Changed Mind,2877.05
R002061,O0002580,C002967,2026-02-17,Damaged Product,463.94
R002062,O0008504,C001065,2026-05-16,Customer Changed Mind,6131.38
R002063,O0009703,C001643,2026-03-19,Quality Issue,878.44
R002064,O0006216,C001030,2025-06-11,Customer Changed Mind,3086.06
R002065,O0025263,C001239,2025-10-02,Wrong Product,4616.07
R002066,O0020576,C000103,2023-03-25,Customer Changed Mind,15246.89
R002067,O0005507,C004204,2024-11-16,Late Delivery,9021.33
R002068,O0024068,C003124,2022-05-11,Size Issue,1041.44
R002069,O0012738,C003231,2022-08-16,Customer Changed Mind,8711.58
R002070,O0009773,C000442,2022-01-26,Late Delivery,2404.73
R002071,O0004699,C004733,2022-08-21,Size Issue,5122.22
R002072,O0018225,C003506,2024-11-19,Wrong Product,28591.42
R002073,O0023851,C004860,2024-10-17,Size Issue,87585.82
R002074,O0008958,C002694,2026-06-05,Damaged Product,8213.63
R002075,O0022618,C003926,2025-10-14,Wrong Product,1804.97
R002076,O0016973,C000992,2025-06-24,Damaged Product,1656.61
R002077,O0010495,C002300,2024-03-20,Customer Changed Mind,1042.36
R002078,O0004148,C001614,2026-08-05,Customer Changed Mind,14294.55
R002079,O0000354,C002611,2022-12-17,Wrong Product,1132.26
R002080,O0023025,C005035,2023-06-14,Wrong Product,272.26
R002081,O0024837,C001104,2023-09-01,Wrong Product,5853.05
R002082,O0007760,C004780,2026-05-26,Customer Changed Mind,52964.77
R002083,O0022253,C000031,2024-05-17,Quality Issue,9651.09
R002084,O0014645,C002134,2025-03-29,Quality Issue,1976.13
R002085,O0024868,C004209,2025-02-13,Size Issue,2341.05
R002086,O0009987,C003432,2026-08-15,Size Issue,3280.74
R002087,O0001763,C002072,2023-05-31,Wrong Product,4723.96
R002088,O0015710,C001972,2026-06-28,Late Delivery,24527.84
R002089,O0018589,C004894,2026-07-27,Customer Changed Mind,3029.39
R002090,O0015496,C001663,2024-02-03,Late Delivery,874.18
R002091,O0004629,C004304,2022-03-06,Damaged Product,78245.82
R002092,O0003942,C001094,2024-01-13,Damaged Product,20666.67
R002093,O0021432,C002609,2022-12-24,Size Issue,2589.23
R002094,O0009232,C000526,2022-10-26,Customer Changed Mind,1934.04
R002095,O0025846,C001987,2025-01-25,Damaged Product,3632.41
R002096,O0013433,C002268,2022-05-23,Size Issue,386.63
R002097,O0000993,C000560,2023-06-27,Damaged Product,314.21
R002098,O0007069,C001121,2023-05-16,Quality Issue,13451.36
R002099,O0013382,C002055,2022-05-03,Customer Changed Mind,3786.06
R002100,O0025775,C004330,2022-08-02,Size Issue,1722.52
R002101,O0010586,C003364,2022-03-26,Size Issue,9394.8
R002102,O0018484,C002230,2025-11-23,Late Delivery,4374.54
R002103,O0005382,C000061,2023-02-22,Damaged Product,1864.13
R002104,O0004772,C000127,2026-02-05,Late Delivery,1568.47
R002105,O0009127,C004197,2023-03-02,Late Delivery,6353.54
R002106,O0009298,C003014,2023-03-21,Late Delivery,34369.95
R002107,O0001387,C004629,2025-08-08,Customer Changed Mind,9209.71
R002108,O0016471,C005173,2022-05-31,Customer Changed Mind,583.29
R002109,O0018058,C004485,2022-06-21,Size Issue,385.63
R002110,O0013888,C003220,2025-12-18,Wrong Product,9500.55
R002111,O0024530,C003786,2026-02-01,Size Issue,34037.32
R002112,O0007184,C002639,2026-01-03,Wrong Product,18561.76
R002113,O0013030,C000193,2023-10-04,Size Issue,1722.01
R002114,O0024831,C004888,2023-02-16,Wrong Product,19024.8
R002115,O0001989,C000577,2025-03-10,Quality Issue,759.28
R002116,O0010383,C003220,2022-05-30,Quality Issue,1447.57
R002117,O0010525,C000888,2022-06-23,Wrong Product,13280.65
R002118,O0013213,C004293,2023-08-27,Quality Issue,556.92
R002119,O0018710,C003809,2022-04-01,Late Delivery,28717.62
R002120,O0020882,C001316,2023-04-25,Quality Issue,5918.23
R002121,O0023880,C000988,2023-09-12,Size Issue,1428.05
R002122,O0001023,C005085,2025-07-14,Size Issue,730.53
R002123,O0012243,C000633,2026-04-21,Quality Issue,1143.56
R002124,O0005996,C005013,2023-04-05,Quality Issue,8653.28
R002125,O0007564,C000451,2024-09-11,Size Issue,996.36
R002126,O0003611,C004997,2023-06-22,Wrong Product,1219.15
R002127,O0014048,C003018,2024-07-13,Customer Changed Mind,762.25
R002128,O0016174,C004400,2024-09-30,Damaged Product,2325.32
R002129,O0019891,C002153,2022-03-07,Late Delivery,4695.17
R002130,O0003700,C004923,2024-02-16,Late Delivery,17900.32
R002131,O0000081,C001600,2023-07-20,Late Delivery,19652.04
R002132,O0003168,C003549,2026-09-18,Size Issue,1114.94
R002133,O0015391,C003780,2024-08-24,Wrong Product,61333.39
R002134,O0010060,C001302,2024-07-03,Quality Issue,11174.84
R002135,O0015512,C001584,2022-12-21,Customer Changed Mind,4995.28
R002136,O0010255,C002238,2025-02-08,Customer Changed Mind,9945.17
R002137,O0017862,C003960,2022-10-19,Wrong Product,16314.54
R002138,O0002398,C002615,2023-05-29,Late Delivery,6317.09
R002139,O0022680,C004840,2022-09-03,Wrong Product,8293.66
R002140,O0007897,C000671,2025-12-28,Late Delivery,2808.52
R002141,O0011334,C000863,2023-12-03,Damaged Product,3575.82
R002142,O0004500,C001212,2026-02-07,Customer Changed Mind,56802.75
R002143,O0003080,C001399,2022-10-01,Quality Issue,527.9
R002144,O0021495,C000329,2026-08-26,Size Issue,127880.13
R002145,O0002619,C001832,2025-06-15,Damaged Product,15017.26
R002146,O0019086,C000031,2022-04-26,Late Delivery,7860.48
R002147,O0016864,C001212,2025-12-01,Damaged Product,1007.9
R002148,O0019321,C000282,2024-11-17,Size Issue,1001.06
R002149,O0006893,C004180,2022-06-06,Customer Changed Mind,22598.45
R002150,O0011355,C000563,2025-02-15,Quality Issue,6035.75
R002151,O0002669,C001866,2026-01-15,Wrong Product,1102.36
R002152,O0008375,C004248,2024-06-14,Wrong Product,12591.77
R002153,O0012307,C000429,2023-12-07,Wrong Product,3123.03
R002154,O0024525,C004401,2026-03-02,Late Delivery,3415.19
R002155,O0003626,C001484,2024-08-13,Damaged Product,1544.15
R002156,O0001726,C002429,2025-08-11,Late Delivery,13772.85
R002157,O0003712,C004510,2022-12-26,Customer Changed Mind,25434.99
R002158,O0022626,C004743,2025-05-30,Quality Issue,590.54
R002159,O0007888,C001914,2022-09-07,Customer Changed Mind,17627.39
R002160,O0021846,C004228,2022-08-10,Wrong Product,167852.47
R002161,O0007121,C001908,2024-05-29,Wrong Product,1534.48
R002162,O0010849,C001140,2022-01-30,Late Delivery,12659.29
R002163,O0016884,C000031,2022-04-04,Customer Changed Mind,6721.71
R002164,O0007598,C004475,2024-06-01,Size Issue,39671.68
R002165,O0004480,C004524,2026-05-16,Wrong Product,5279.22
R002166,O0012618,C004292,2024-04-03,Wrong Product,165.04
R002167,O0011448,C004535,2026-02-05,Wrong Product,13251.61
R002168,O0002476,C002191,2025-08-03,Customer Changed Mind,3609.0
R002169,O0025396,C000031,2026-09-13,Late Delivery,2946.31
R002170,O0018400,C000024,2025-08-16,Late Delivery,2256.55
R002171,O0013331,C002422,2023-11-19,Customer Changed Mind,3225.13
R002172,O0000475,C000070,2024-12-12,Damaged Product,3018.0
R002173,O0013229,C004524,2025-09-16,Customer Changed Mind,338.07
R002174,O0020685,C002300,2023-03-29,Quality Issue,33376.03
R002175,O0004425,C003182,2022-12-09,Wrong Product,5545.61
R002176,O0008100,C004218,2022-07-13,Quality Issue,6996.69
R002177,O0017054,C004907,2026-06-20,Size Issue,1778.11
R002178,O0022275,C003522,2022-04-16,Damaged Product,10930.53
R002179,O0007590,C002125,2025-06-02,Damaged Product,1632.55
R002180,O0019530,C004514,2024-11-02,Quality Issue,885.9
R002181,O0018942,C002479,2024-10-16,Size Issue,8451.09
R002182,O0009930,C004446,2025-10-19,Size Issue,1931.56
R002183,O0018662,C000298,2026-02-11,Quality Issue,2483.42
R002184,O0003044,C000780,2025-10-10,Late Delivery,882.1
R002185,O0021543,C001818,2025-05-18,Late Delivery,47555.03
R002186,O0018774,C002662,2025-11-10,Quality Issue,442.16
R002187,O0014349,C004626,2025-05-31,Wrong Product,611.88
R002188,O0025712,C004140,2025-02-04,Wrong Product,24388.74
R002189,O0018504,C001734,2022-09-07,Wrong Product,2442.22
R002190,O0017146,C000299,2022-01-25,Wrong Product,4230.28
R002191,O0013890,C002619,2022-02-19,Damaged Product,2350.61
R002192,O0015846,C003967,2022-05-11,Late Delivery,10382.01
R002193,O0007011,C005064,2026-04-03,Quality Issue,1638.82
R002194,O0011972,C003424,2026-02-10,Wrong Product,11299.81
R002195,O0000158,C004514,2024-11-10,Quality Issue,7000.73
R002196,O0018632,C000218,2023-12-17,Damaged Product,1024.64
R002197,O0005420,C003178,2026-09-02,Damaged Product,797.02
R002198,O0008953,C003752,2025-01-10,Quality Issue,23465.94
R002199,O0017105,C004305,2025-12-03,Damaged Product,4755.42
R002200,O0003434,C001876,2024-11-07,Quality Issue,12000.71
R002201,O0008879,C001989,2023-11-25,Quality Issue,159747.94
R002202,O0008755,C000862,2023-08-25,Damaged Product,5029.56
R002203,O0010784,C000417,2022-03-07,Wrong Product,3002.83
R002204,O0021332,C003932,2025-11-02,Customer Changed Mind,1192.82
R002205,O0022828,C002537,2023-01-04,Size Issue,6572.1
R002206,O0015083,C001127,2024-07-31,Size Issue,885.63
R002207,O0012150,C002631,2023-06-16,Wrong Product,10387.45
R002208,O0006340,C002550,2025-08-24,Customer Changed Mind,418.4
R002209,O0014274,C001742,2023-06-14,Damaged Product,184990.88
R002210,O0016327,C002340,2024-06-22,Size Issue,1337.26
R002211,O0023958,C001842,2023-12-12,Late Delivery,5752.87
R002212,O0022063,C001754,2022-12-04,Size Issue,271.54
R002213,O0011112,C003775,2022-02-17,Late Delivery,1302.62
R002214,O0022822,C000805,2022-02-25,Quality Issue,2481.67
R002215,O0000635,C002134,2022-12-07,Customer Changed Mind,17920.78
R002216,O0020571,C004582,2022-04-23,Size Issue,53882.45
R002217,O0013011,C004209,2025-11-30,Damaged Product,64150.69
R002218,O0006570,C003364,2024-12-16,Wrong Product,1022.05
R002219,O0018088,C002615,2023-10-24,Quality Issue,25639.82
R002220,O0012293,C004793,2025-11-21,Damaged Product,2348.11
R002221,O0022117,C003010,2025-07-31,Size Issue,156.29
R002222,O0021032,C004547,2026-08-16,Customer Changed Mind,1107.5
R002223,O0021144,C001179,2025-02-03,Customer Changed Mind,12781.19
R002224,O0008911,C003951,2023-12-01,Customer Changed Mind,24640.04
R002225,O0001908,C003421,2023-06-04,Late Delivery,873.58
R002226,O0006458,C001316,2025-06-18,Size Issue,2378.14
R002227,O0011265,C002451,2024-07-01,Customer Changed Mind,8108.47
R002228,O0004090,C000031,2025-01-29,Damaged Product,4748.32
R002229,O0003882,C001144,2022-12-21,Customer Changed Mind,8463.87
R002230,O0000092,C001747,2025-12-01,Late Delivery,22955.39
R002231,O0013425,C000520,2023-09-12,Wrong Product,2359.33
R002232,O0015384,C004746,2025-11-09,Late Delivery,11852.1
R002233,O0004773,C005050,2023-04-10,Damaged Product,2325.84
R002234,O0007775,C003084,2024-04-02,Damaged Product,4868.84
R002235,O0020236,C004174,2024-06-30,Customer Changed Mind,29799.88
R002236,O0013891,C001881,2022-04-17,Damaged Product,1086.03
R002237,O0004167,C002660,2023-12-29,Size Issue,13046.79
R002238,O0012163,C002576,2022-03-27,Customer Changed Mind,977.03
R002239,O0014080,C002159,2025-11-30,Damaged Product,2462.61
R002240,O0008439,C002290,2023-05-17,Late Delivery,13971.23
R002241,O0010330,C004991,2022-10-21,Late Delivery,10189.06
R002242,O0014317,C004084,2025-09-14,Size Issue,10876.75
R002243,O0019904,C004048,2022-04-25,Customer Changed Mind,34526.0
R002244,O0011673,C003514,2023-05-11,Wrong Product,9745.12
R002245,O0017022,C002732,2022-12-12,Customer Changed Mind,43586.25
R002246,O0024125,C005019,2026-05-25,Damaged Product,18924.71
R002247,O0022363,C001340,2023-04-07,Wrong Product,7155.95
R002248,O0019329,C002719,2025-07-11,Quality Issue,113756.83
R002249,O0009437,C003879,2024-05-19,Wrong Product,10772.78
R002250,O0010947,C002167,2022-08-14,Size Issue,16820.91
R002251,O0011134,C004244,2022-03-02,Size Issue,2324.3
R002252,O0015897,C003769,2022-01-27,Late Delivery,1355.35
R002253,O0009733,C003072,2022-11-14,Wrong Product,3035.48
R002254,O0022628,C001340,2024-10-19,Damaged Product,93883.91
R002255,O0015625,C000031,2026-01-08,Size Issue,1341.1
R002256,O0014213,C001767,2025-09-12,Wrong Product,1118.13
R002257,O0015802,C003539,2025-09-07,Quality Issue,1508.18
R002258,O0010895,C001650,2025-10-08,Quality Issue,17256.99
R002259,O0020526,C002676,2024-06-19,Damaged Product,2231.03
R002260,O0017038,C000282,2022-12-04,Customer Changed Mind,36391.99
R002261,O0000406,C002126,2025-02-16,Late Delivery,3753.17
R002262,O0012879,C001270,2023-03-28,Customer Changed Mind,1081.19
R002263,O0018008,C002656,2026-05-23,Late Delivery,4971.87
R002264,O0013160,C003668,2022-08-01,Late Delivery,2891.22
R002265,O0005786,C000045,2025-04-13,Wrong Product,14927.53
R002266,O0015266,C001712,2025-08-15,Late Delivery,2092.09
R002267,O0018622,C004112,2022-03-24,Wrong Product,16154.4
R002268,O0025137,C002967,2024-09-21,Quality Issue,2313.43
R002269,O0007065,C001223,2023-05-26,Customer Changed Mind,1325.26
R002270,O0018682,C004413,2026-06-04,Late Delivery,3886.87
R002271,O0007330,C002884,2025-07-09,Quality Issue,31512.74
R002272,O0002667,C001030,2026-03-22,Wrong Product,9473.28
R002273,O0011030,C002463,2023-06-11,Size Issue,1977.51
R002274,O0022923,C003413,2025-07-13,Damaged Product,2644.25
R002275,O0014115,C002103,2023-11-11,Size Issue,7294.4
R002276,O0018279,C002117,2026-02-15,Late Delivery,6300.63
R002277,O0024431,C002133,2023-11-04,Damaged Product,15764.21
R002278,O0019704,C004422,2025-04-25,Quality Issue,440.09
R002279,O0025086,C004770,2023-11-11,Customer Changed Mind,9044.79
R002280,O0019014,C000361,2023-01-03,Quality Issue,854.46
R002281,O0017726,C002365,2023-07-11,Damaged Product,18588.08
R002282,O0007978,C000240,2025-03-22,Customer Changed Mind,1189.25
R002283,O0020789,C003505,2024-02-05,Damaged Product,167.84
R002284,O0021001,C004241,2026-02-23,Customer Changed Mind,11576.97
R002285,O0012326,C003001,2025-10-02,Late Delivery,33596.62
R002286,O0010084,C003550,2026-09-05,Wrong Product,738.0
R002287,O0024959,C001259,2023-03-27,Wrong Product,12785.72
R002288,O0003223,C004894,2025-06-17,Late Delivery,4716.68
R002289,O0018496,C000031,2023-10-18,Size Issue,1882.74
R002290,O0013689,C002089,2025-08-28,Size Issue,5206.76
R002291,O0012503,C003828,2024-03-05,Damaged Product,87131.94
R002292,O0023689,C003694,2024-12-05,Late Delivery,807.0
R002293,O0023643,C001927,2025-12-26,Size Issue,648.36
R002294,O0007632,C005095,2022-10-23,Late Delivery,3732.04
R002295,O0022953,C000467,2023-10-05,Damaged Product,2590.67
R002296,O0023434,C001085,2024-03-07,Late Delivery,6121.05
R002297,O0012941,C003941,2024-03-04,Wrong Product,12675.53
R002298,O0017176,C001658,2023-11-08,Late Delivery,14243.82
R002299,O0008887,C002230,2023-03-08,Late Delivery,22632.65
R002300,O0023020,C000218,2023-02-16,Damaged Product,510.98
R002301,O0015026,C004611,2024-05-20,Damaged Product,4184.22
R002302,O0014544,C003031,2025-03-12,Quality Issue,1901.69
R002303,O0004093,C004870,2022-02-28,Wrong Product,2533.66
R002304,O0023974,C000442,2026-03-28,Quality Issue,1285.86
R002305,O0014476,C003384,2025-03-07,Late Delivery,621.1
R002306,O0019515,C001106,2024-09-11,Damaged Product,1945.16
R002307,O0021842,C005095,2026-02-15,Late Delivery,10482.08
R002308,O0004022,C002476,2024-03-31,Damaged Product,6814.39
R002309,O0015170,C002576,2024-10-25,Damaged Product,53642.37
R002310,O0001324,C000141,2025-07-21,Size Issue,72649.89
R002311,O0007328,C004279,2023-10-22,Size Issue,27036.15
R002312,O0014727,C003793,2026-08-03,Customer Changed Mind,3481.38
R002313,O0011314,C002579,2025-07-15,Wrong Product,8335.49
R002314,O0021641,C000754,2026-08-21,Damaged Product,113656.98
R002315,O0019096,C002494,2022-04-12,Damaged Product,4480.39
R002316,O0004764,C004180,2022-04-09,Late Delivery,648.76
R002317,O0001889,C003261,2023-11-06,Customer Changed Mind,950.86
R002318,O0003681,C000442,2023-10-09,Wrong Product,234.38
R002319,O0005634,C003478,2025-08-28,Customer Changed Mind,984.07
R002320,O0002847,C004151,2024-06-19,Wrong Product,6539.95
R002321,O0018421,C001401,2024-10-23,Damaged Product,47406.64
R002322,O0018892,C004613,2023-02-20,Wrong Product,999.89
R002323,O0003632,C000711,2024-05-05,Size Issue,829.21
R002324,O0025610,C003964,2026-01-04,Customer Changed Mind,1235.92
R002325,O0025750,C003498,2026-01-21,Damaged Product,3484.22
R002326,O0008672,C001104,2023-05-27,Customer Changed Mind,1277.14
R002327,O0010808,C002413,2023-07-03,Quality Issue,2204.95
R002328,O0012128,C001931,2026-05-14,Quality Issue,1140.27
R002329,O0025340,C001972,2024-06-24,Quality Issue,23209.06
R002330,O0012042,C002952,2024-12-29,Size Issue,2518.58
R002331,O0011218,C002029,2025-05-19,Damaged Product,75127.3
R002332,O0004513,C004131,2026-07-17,Wrong Product,1532.98
R002333,O0022655,C004666,2025-03-16,Quality Issue,4496.26
R002334,O0015884,C003625,2026-01-04,Wrong Product,4227.49
R002335,O0017616,C002901,2023-06-26,Late Delivery,698.88
R002336,O0016114,C002660,2022-06-20,Damaged Product,1504.94
R002337,O0024948,C003827,2022-02-11,Damaged Product,3288.76
R002338,O0010740,C004665,2026-02-12,Wrong Product,12431.9
R002339,O0019085,C004991,2023-08-02,Customer Changed Mind,563.13
R002340,O0010555,C000809,2025-04-23,Wrong Product,15796.55
R002341,O0017661,C002614,2026-08-27,Quality Issue,8855.37
R002342,O0016955,C001179,2026-07-12,Quality Issue,1314.82
R002343,O0024759,C003887,2024-05-13,Size Issue,494.81
R002344,O0009805,C005083,2023-02-19,Late Delivery,11274.92
R002345,O0006613,C000891,2022-05-16,Customer Changed Mind,1650.34
R002346,O0022639,C002300,2025-03-24,Customer Changed Mind,388.95
R002347,O0016517,C000143,2023-08-16,Quality Issue,9623.04
R002348,O0004639,C002103,2024-07-07,Late Delivery,6287.33
R002349,O0008090,C004907,2026-07-29,Late Delivery,200.11
R002350,O0022993,C001944,2024-06-24,Late Delivery,1504.56
R002351,O0000174,C002866,2025-02-09,Damaged Product,14474.78
R002352,O0020704,C003170,2024-04-11,Quality Issue,38778.55
R002353,O0019879,C001115,2023-09-17,Wrong Product,2003.32
R002354,O0009547,C004804,2023-05-22,Quality Issue,8791.06
R002355,O0016573,C004344,2024-01-04,Size Issue,63005.89
R002356,O0003105,C004421,2022-07-23,Wrong Product,2352.48
R002357,O0023320,C003877,2023-08-28,Customer Changed Mind,311.49
R002358,O0013774,C003405,2024-11-11,Customer Changed Mind,32081.55
R002359,O0022020,C002969,2025-01-10,Damaged Product,17058.22
R002360,O0020818,C002584,2022-08-17,Wrong Product,1871.49
R002361,O0017914,C000943,2026-07-08,Late Delivery,420.36
R002362,O0014418,C003513,2024-09-29,Late Delivery,30461.75
R002363,O0024477,C004719,2023-04-20,Wrong Product,12122.2
R002364,O0013092,C000016,2022-10-26,Damaged Product,9358.52
R002365,O0012116,C003678,2026-04-15,Quality Issue,39133.64
R002366,O0005519,C002300,2026-07-26,Late Delivery,40670.1
R002367,O0024367,C001213,2025-10-07,Quality Issue,2256.45
R002368,O0000434,C004461,2022-12-01,Size Issue,3423.01
R002369,O0019820,C002300,2023-11-02,Wrong Product,5947.77
R002370,O0014943,C000572,2023-01-04,Size Issue,575.01
R002371,O0011251,C003932,2026-03-29,Customer Changed Mind,53600.92
R002372,O0011615,C001233,2024-05-13,Late Delivery,1640.24
R002373,O0023145,C003098,2026-05-17,Late Delivery,905.03
R002374,O0009476,C003472,2022-03-20,Size Issue,1347.84
R002375,O0017839,C003264,2023-05-04,Quality Issue,5250.02
R002376,O0017782,C002094,2023-10-31,Size Issue,8009.76
R002377,O0016011,C003940,2024-12-12,Wrong Product,690.7
R002378,O0003011,C003192,2023-10-03,Wrong Product,154.77
R002379,O0006983,C003538,2025-06-30,Wrong Product,25516.84
R002380,O0016732,C003745,2024-11-20,Size Issue,2939.88
R002381,O0017843,C004773,2024-06-06,Wrong Product,42136.1
R002382,O0004970,C000911,2025-07-21,Quality Issue,9042.83
R002383,O0003920,C001915,2023-07-09,Wrong Product,3634.33
R002384,O0016640,C003261,2023-02-11,Customer Changed Mind,27035.37
R002385,O0003385,C004902,2022-07-13,Late Delivery,2578.75
R002386,O0023984,C003369,2026-03-16,Size Issue,7317.44
R002387,O0013571,C002123,2023-06-08,Customer Changed Mind,4282.89
R002388,O0014020,C000650,2025-08-07,Size Issue,1305.02
R002389,O0007597,C002748,2023-02-27,Damaged Product,17704.5
R002390,O0005709,C004972,2024-06-17,Damaged Product,7112.82
R002391,O0007483,C003317,2025-05-05,Quality Issue,25823.95
R002392,O0006464,C004240,2022-04-29,Wrong Product,9153.76
R002393,O0024089,C002102,2025-12-03,Late Delivery,680.55
R002394,O0011296,C003382,2024-11-22,Customer Changed Mind,14889.25
R002395,O0013620,C001525,2023-08-01,Quality Issue,17609.01
R002396,O0004532,C002333,2026-02-23,Wrong Product,11899.15
R002397,O0007957,C001426,2023-03-03,Size Issue,13343.98
R002398,O0000895,C000019,2025-11-17,Size Issue,507.44
R002399,O0020115,C003903,2026-07-07,Quality Issue,1566.71
R002400,O0001407,C001870,2023-05-01,Damaged Product,744.15
R002401,O0024331,C000031,2024-12-08,Wrong Product,5685.3
R002402,O0009225,C003734,2025-06-21,Size Issue,38394.51
R002403,O0024615,C003596,2026-03-28,Customer Changed Mind,14116.59
R002404,O0021736,C004189,2022-04-03,Quality Issue,5161.97
R002405,O0012315,C001183,2024-10-15,Size Issue,421.48
R002406,O0006071,C003422,2024-10-09,Wrong Product,772.35
R002407,O0015340,C000435,2023-02-28,Late Delivery,4453.64
R002408,O0008330,C004341,2024-04-06,Late Delivery,2492.47
R002409,O0003238,C002662,2023-12-28,Damaged Product,40015.23
R002410,O0017215,C004762,2026-01-21,Quality Issue,2859.81
R002411,O0024215,C003020,2025-01-14,Quality Issue,5463.78
R002412,O0012821,C002892,2023-04-09,Size Issue,4715.97
R002413,O0021950,C002981,2022-03-07,Size Issue,3633.61
R002414,O0005854,C004812,2024-05-19,Size Issue,13389.11
R002415,O0012635,C002309,2024-12-05,Quality Issue,46038.41
R002416,O0013941,C004180,2024-11-11,Damaged Product,713.53
R002417,O0001561,C003822,2022-11-30,Damaged Product,12639.17
R002418,O0014888,C001840,2023-09-13,Damaged Product,22128.55
R002419,O0017850,C004359,2023-07-10,Customer Changed Mind,11885.48
R002420,O0010731,C000218,2023-07-13,Quality Issue,2015.19
R002421,O0020924,C000424,2022-04-02,Size Issue,7560.72
R002422,O0020861,C004536,2024-10-07,Customer Changed Mind,3793.36
R002423,O0015164,C001775,2023-05-08,Late Delivery,1407.97
R002424,O0006620,C000758,2025-09-22,Quality Issue,3685.42
R002425,O0010018,C002967,2025-08-01,Wrong Product,4946.12
R002426,O0019839,C003999,2023-07-15,Quality Issue,4627.54
R002427,O0013580,C003189,2026-01-29,Late Delivery,7422.6
R002428,O0017254,C000128,2024-07-06,Quality Issue,988.72
R002429,O0011082,C000729,2023-12-11,Late Delivery,3109.73
R002430,O0023363,C000814,2024-01-11,Late Delivery,13328.82
R002431,O0004724,C004329,2025-05-11,Wrong Product,76587.4
R002432,O0016071,C003624,2025-07-05,Late Delivery,9631.09
R002433,O0013269,C005142,2025-01-03,Damaged Product,7743.95
R002434,O0024942,C002866,2022-09-22,Customer Changed Mind,3799.33
R002435,O0016248,C000452,2023-10-01,Late Delivery,6613.26
R002436,O0019955,C003239,2024-07-15,Size Issue,1054.62
R002437,O0012347,C004184,2023-07-11,Customer Changed Mind,1960.88
R002438,O0014035,C000905,2024-09-07,Late Delivery,1989.97
R002439,O0013768,C003518,2026-01-11,Size Issue,794.29
R002440,O0003543,C004679,2022-08-09,Late Delivery,593.37
R002441,O0006985,C004719,2022-02-16,Wrong Product,3395.84
R002442,O0014843,C004865,2022-10-24,Late Delivery,722.01
R002443,O0009962,C004316,2025-12-15,Quality Issue,11749.92
R002444,O0008616,C004842,2023-12-29,Quality Issue,1783.63
R002445,O0023026,C001840,2026-05-04,Wrong Product,1202.65
R002446,O0005803,C004997,2024-09-20,Damaged Product,2396.61
R002447,O0018004,C004391,2025-09-12,Size Issue,13262.14
R002448,O0021923,C002110,2025-06-24,Damaged Product,1662.28
R002449,O0014336,C000031,2025-02-08,Wrong Product,7161.35
R002450,O0002745,C003124,2022-10-16,Size Issue,747.99
R002451,O0002136,C004413,2022-01-28,Customer Changed Mind,1940.8
R002452,O0001977,C001746,2025-05-05,Size Issue,1562.15
R002453,O0023871,C001746,2025-11-02,Late Delivery,432.88
R002454,O0024172,C001004,2025-09-22,Late Delivery,1954.75
R002455,O0018783,C003060,2025-11-24,Damaged Product,7073.07
R002456,O0009406,C001996,2023-12-24,Quality Issue,20787.0
R002457,O0013950,C004890,2025-09-08,Damaged Product,23222.33
R002458,O0004388,C000020,2024-07-17,Damaged Product,2052.67
R002459,O0021206,C002513,2024-10-12,Quality Issue,3024.82
R002460,O0013979,C004512,2024-04-23,Size Issue,3457.96
R002461,O0015280,C002568,2022-04-28,Wrong Product,272.17
R002462,O0020800,C002935,2024-04-21,Late Delivery,1181.0
R002463,O0013305,C003129,2025-10-18,Quality Issue,2943.7
R002464,O0024329,C002454,2025-02-14,Wrong Product,2838.78
R002465,O0014227,C000934,2025-11-22,Size Issue,35548.83
R002466,O0016813,C004514,2023-08-02,Wrong Product,31176.67
R002467,O0012295,C004059,2024-04-04,Customer Changed Mind,429.92
R002468,O0007409,C000841,2022-05-31,Size Issue,2198.27
R002469,O0012815,C004586,2023-03-23,Size Issue,24047.21
R002470,O0006739,C002533,2023-09-17,Wrong Product,1091.24
R002471,O0000441,C002297,2026-07-23,Damaged Product,22534.34
R002472,O0023230,C004908,2024-01-14,Size Issue,92949.04
R002473,O0002412,C004413,2024-03-03,Damaged Product,6257.32
R002474,O0014957,C001474,2023-04-10,Late Delivery,394.54
R002475,O0008405,C005019,2023-02-16,Wrong Product,9182.8
R002476,O0011991,C001275,2026-01-21,Late Delivery,2219.53
R002477,O0017355,C001744,2023-11-09,Quality Issue,3770.57
R002478,O0019685,C000006,2026-01-17,Late Delivery,1517.21
R002479,O0022959,C002584,2022-07-04,Customer Changed Mind,14781.69
R002480,O0019042,C004135,2024-03-24,Wrong Product,5923.99
R002481,O0016143,C002818,2023-09-17,Damaged Product,891.13
R002482,O0024334,C000718,2022-08-27,Size Issue,3748.72
R002483,O0005889,C003872,2025-09-04,Customer Changed Mind,1493.2
R002484,O0013777,C002173,2025-04-04,Late Delivery,14593.66
R002485,O0019212,C001154,2026-06-06,Late Delivery,23752.18
R002486,O0002222,C004443,2024-03-03,Customer Changed Mind,604.62
R002487,O0001532,C000712,2023-04-02,Quality Issue,5542.34
R002488,O0016169,C004360,2024-06-18,Late Delivery,1854.76
R002489,O0018413,C002992,2024-04-03,Size Issue,1941.11
R002490,O0008207,C002300,2023-02-14,Quality Issue,1653.55
R002491,O0011428,C003384,2023-03-31,Customer Changed Mind,40021.39
R002492,O0012165,C003614,2024-04-14,Customer Changed Mind,6535.02
R002493,O0002740,C002812,2026-08-29,Wrong Product,1133.79
R002494,O0020870,C003242,2022-12-17,Customer Changed Mind,610.78
R002495,O0019352,C003490,2022-10-15,Late Delivery,3090.34
R002496,O0015498,C001531,2025-09-18,Quality Issue,190.71
R002497,O0014866,C000373,2026-03-21,Late Delivery,1036.77
R002498,O0025830,C000448,2026-08-24,Late Delivery,41461.88
R002499,O0015137,C004143,2026-06-23,Damaged Product,2677.13
R002500,O0004842,C002719,2026-01-28,Damaged Product,2057.23
R002501,O0017358,C001354,2026-05-19,Quality Issue,1653.49
R002502,O0018170,C001901,2024-04-17,Damaged Product,36385.05
R002503,O0001110,C003495,2025-08-19,Customer Changed Mind,1371.99
R002504,O0025240,C002377,2023-01-15,Customer Changed Mind,702.52
R002505,O0010075,C001540,2025-05-01,Size Issue,7456.83
R002506,O0015516,C002513,2026-03-28,Late Delivery,737.52
R002507,O0013037,C002670,2022-06-22,Quality Issue,68079.59
R002508,O0010026,C003954,2025-07-11,Quality Issue,7618.01
R002509,O0000490,C000104,2025-12-16,Late Delivery,264.66
R002510,O0007095,C003772,2024-11-22,Damaged Product,35730.37
R002511,O0021061,C004719,2024-01-08,Size Issue,1304.42
R002512,O0010233,C004461,2022-11-17,Size Issue,2612.25
R002513,O0022309,C003787,2024-10-09,Wrong Product,2363.21
R002514,O0011535,C000487,2023-09-28,Quality Issue,31304.23
R002515,O0005403,C002021,2025-04-19,Wrong Product,691.29
R002516,O0022406,C002884,2025-08-27,Size Issue,7546.74
R002517,O0015752,C000392,2026-03-10,Customer Changed Mind,409.86
R002518,O0016352,C005044,2022-02-26,Wrong Product,600.37
R002519,O0012275,C003313,2024-11-02,Customer Changed Mind,9818.27
R002520,O0010490,C001219,2025-08-06,Size Issue,700.49
R002521,O0001932,C001853,2024-06-12,Size Issue,81267.52
R002522,O0010715,C002378,2022-03-04,Late Delivery,256.39
R002523,O0016242,C000031,2024-10-21,Late Delivery,210.49
R002524,O0011385,C004261,2022-07-06,Quality Issue,112980.65
R002525,O0016400,C004681,2023-02-23,Wrong Product,71236.51
R002526,O0014052,C004945,2026-06-10,Late Delivery,1299.71
R002527,O0004587,C002318,2024-04-27,Wrong Product,1375.63
R002528,O0001217,C001966,2025-07-18,Damaged Product,2190.31
R002529,O0013985,C005063,2022-11-05,Customer Changed Mind,15243.39
R002530,O0005128,C003964,2023-02-28,Customer Changed Mind,2409.05
R002531,O0021490,C000563,2022-04-24,Damaged Product,5593.38
R002532,O0012554,C000553,2025-06-05,Size Issue,9131.53
R002533,O0007670,C002854,2025-07-25,Quality Issue,3302.62
R002534,O0010095,C001506,2026-07-03,Customer Changed Mind,8601.37
R002535,O0012083,C002057,2024-06-28,Late Delivery,35071.11
R002536,O0016365,C000711,2023-06-11,Quality Issue,1263.3
R002537,O0017833,C004660,2026-07-09,Size Issue,11580.2
R002538,O0019376,C001181,2026-07-29,Late Delivery,9219.65
R002539,O0014728,C003297,2026-08-22,Quality Issue,1495.52
R002540,O0017286,C000898,2024-06-01,Size Issue,5334.12
R002541,O0008470,C000071,2023-10-21,Late Delivery,242.46
R002542,O0000482,C004044,2026-06-14,Late Delivery,11784.14
R002543,O0025908,C001860,2023-01-30,Customer Changed Mind,2183.22
R002544,O0012931,C001094,2023-02-01,Quality Issue,9442.35
R002545,O0009753,C002300,2024-03-07,Wrong Product,4165.89
R002546,O0016921,C001915,2023-03-11,Late Delivery,1924.77
R002547,O0001127,C002161,2024-05-01,Customer Changed Mind,45575.7
R002548,O0020433,C002300,2023-02-05,Wrong Product,6896.84
R002549,O0025171,C001171,2025-06-03,Wrong Product,1464.05
R002550,O0018679,C004860,2022-11-05,Wrong Product,6372.91
R002551,O0024633,C003605,2024-12-26,Size Issue,296.2
R002552,O0003534,C000581,2022-12-30,Wrong Product,491.39
R002553,O0014291,C004166,2022-07-15,Quality Issue,7930.67
R002554,O0015245,C003178,2025-01-14,Damaged Product,1308.24
R002555,O0023205,C000520,2025-01-19,Quality Issue,29162.83
R002556,O0023455,C000031,2022-10-07,Quality Issue,2047.54
R002557,O0015029,C001476,2023-06-11,Quality Issue,1250.14
R002558,O0025072,C003671,2023-01-23,Wrong Product,1907.49
R002559,O0020674,C000032,2025-06-01,Customer Changed Mind,92901.02
R002560,O0001576,C000624,2023-03-02,Late Delivery,6039.63
R002561,O0022451,C000340,2023-07-05,Damaged Product,113146.93
R002562,O0014826,C001470,2026-07-29,Late Delivery,37662.08
R002563,O0017476,C003347,2023-05-21,Quality Issue,1411.64
R002564,O0021608,C004755,2024-07-28,Late Delivery,10113.59
R002565,O0009766,C004648,2023-05-21,Quality Issue,2514.36
R002566,O0021735,C002300,2022-09-23,Wrong Product,2184.75
R002567,O0024358,C003189,2022-02-11,Damaged Product,264.0
R002568,O0009238,C000453,2025-06-21,Customer Changed Mind,2197.72
R002569,O0001135,C000179,2025-12-09,Late Delivery,2445.86
R002570,O0010531,C002198,2024-06-23,Wrong Product,2718.94
R002571,O0009692,C003173,2024-09-07,Damaged Product,17907.27
R002572,O0018836,C004510,2023-04-20,Quality Issue,289.58
